"CASEID","POINT_X","POINT_Y","YEAR_","LOCATION","CHPTYPE","DAYWEEK","CRASHSEV","VIOLCAT","KILLED","INJURED","WEATHER1","PEDCOL","BICCOL","MCCOL","TRUCKCOL","ETOH","TIMECAT","MONTH_","CRASHTYP","INVOLVE","PED","PRIMARYRD","SECONDRD","DISTANCE","DIRECT","INTERSECT_","PROCDATE","JURIS","DATE_","TIME_","BADGE","JURIDIST","SHIFT","POP","SPECIAL","BEATTYPE","LAPDDIV","BEATCLAS","BEATNUMB","WEATHER2","STATEHW","CALTRANC","CALTRAND","STROUTE","ROUTESUF","POSTPRE","POSTMILE","LOCATYPE","RAMP","SIDEHW","TOWAWAY","PARTIES","PCF","VIOLCODE","VIOL","VIOLSUB","HITRUN","ROADSURF","RDCOND1","RDCOND2","LIGHTING","RIGHTWAY","CHPRDTYP","NOTPRIV","STFAULT","CHPFAULT","SEVINJ","OTHERINJ","COP","PEDKILL","PEDINJ","BICKILL","BICINJ","MCKILL","MCINJURE","RAMP1","RAMP2","CITY","COUNTY","STATE","X_CHP","Y_CHP"
"2691998",-120.651465112,38.6384925842,2006,"0900","5","6","3","06",0,1,"A",,,,"Y",,1200,6,"F","I","A","GRIZZLY FLAT RD","SNOWBIRD LN",1000,"N","N","2006-10-14",9245,"2006-06-24",1100,"01314",,"1","9","0","3",,"2","004","-","N",,0,0,,,0,,,,"Y",2,"A","-",21750,,"N","A","H","-","A","A","0","Y","A","01",0,1,0,0,0,0,0,0,0,"-","-","UNINCORPORATED","EL DORADO","CA",0,0
"2695287",-120.961272088,38.679851532,2006,"0900","5","4","3","05",0,1,"A",,,,,,1500,6,"E","I","A","MEDER RD","ROSEBUD DR",261,"W","N","2006-10-14",9245,"2006-06-22",1420,"01327",,"2","9","0","3",,"2","001","-","N",,0,0,,,0,,,,"Y",1,"A","-",21650,,"N","A","H","-","A","A","0","Y","A","07",0,1,0,0,0,0,0,0,0,"-","-","UNINCORPORATED","EL DORADO","CA",0,0
"2695299",-120.664913442,38.6841011047,2006,"0900","4","4","4","03",0,1,"A",,,,,,900,6,"C","C","A","PLEASANT VALLEY RD","ALAMEDA DR",24,"W","N","2006-10-13",9245,"2006-06-22",800,"8982",,"1","9","0","2",,"1","041","-","N",,0,0,,,0,,,,"Y",2,"A","-",22350,,"N","A","H","-","A","D","0","Y","A","01",0,0,1,0,0,0,0,0,0,"-","-","UNINCORPORATED","EL DORADO","CA",0,0
"2695338",-120.820273028,38.730105186,2006,"0900","2","6","4","05",0,3,"A",,,,,,1500,6,"F","A","A","RT 50","RAY LAWYER DR",345,"E","N","2006-10-18",9245,"2006-06-24",1340,"01189",,"1","9","0","1",,"2","140","-","Y","ED",3,50,"-","-",16.73,"H","-","E","Y",1,"A","-",21650,,"N","A","H","-","A","D","1","Y","A","07",0,0,3,0,0,0,0,0,0,"-","-","UNINCORPORATED","EL DORADO","CA",0,0
"2695354",-120.661706095,38.5746612549,2006,"0900","4","6","4","18",0,1,"A",,,"Y",,,600,6,"H","H","A","OMO RANCH RD","FAIRPLAY RD",300,"E","N","2006-10-14",9245,"2006-06-24",320,"01038",,"3","9","0","2",,"1","042","-","N",,0,0,,,0,,,,"N",1,"C","-",0,,"N","A","H","-","D","D","0","Y","-","-",0,0,1,0,0,0,0,0,1,"-","-","UNINCORPORATED","EL DORADO","CA",0,0
"2696481",-120.865188847,38.6870384216,2006,"0900","4","5","3","01",0,1,"A",,,,,"Y",2100,6,"E","I","A","MOTHER LODE DR","LOS ROCAS",300,"W","N","2006-10-14",9245,"2006-06-09",1920,"10315",,"2","9","0","2",,"1","039","-","N",,0,0,,,0,,,,"Y",1,"A","-",23152,"A","M","A","H","-","A","D","0","Y","E","22",0,1,0,0,0,0,0,0,0,"-","-","UNINCORPORATED","EL DORADO","CA",0,0
"2696489",-120.859636526,38.6973762512,2006,"0900","5","5","4","01",0,1,"A",,,,,,2400,6,"E","I","A","EL DORADO RD","STRICKLAND MINE RD",64,"S","N","2006-10-14",9245,"2006-06-16",2225,"01038",,"3","9","0","3",,"2","003","-","N",,0,0,,,0,,,,"Y",1,"A","-",23152,"A","N","A","H","-","D","D","0","Y","A","01",0,0,1,0,0,0,0,0,0,"-","-","UNINCORPORATED","EL DORADO","CA",0,0
"2696493",-121.044160775,38.835773468,2006,"0900","5","2","3","01",0,2,"A",,,"Y",,"Y",2400,6,"F","A","A","RATTLESNAKE BAR RD","TIGER LILY LN",530,"N","N","2006-10-14",9245,"2006-06-06",2230,"11480",,"3","9","0","3",,"2","001","-","N",,0,0,,,0,,,,"N",1,"A","-",23152,"A","N","A","H","-","D","D","0","Y","C","02",0,2,0,0,0,0,0,0,2,"-","-","UNINCORPORATED","EL DORADO","CA",0,0
"2698103",-121.034967609,38.91098108,2006,"0900","3","4","2","01",0,1,"A",,,"Y",,"Y",2400,6,"E","I","A","RT 49","EL DORADO / PLACER CO LINE",1056,"S","N","2006-10-18",9245,"2006-06-22",2230,"01327",,"3","9","0","1",,"1","115","-","Y","ED",3,49,"-","-",37.76,"H","-","S","Y",1,"A","-",23152,"A","N","A","H","-","D","D","0","Y","C","02",1,0,0,0,0,0,0,0,1,"-","-","UNINCORPORATED","EL DORADO","CA",0,0
"2698150",-120.886868587,38.6756477356,2006,"0900","5","5","3","01",0,1,"A",,,,,"Y",1500,6,"E","I","A","GREENSTONE RD","GREENSTONE CUTOFF",80,"S","N","2006-10-14",9245,"2006-06-16",1345,"10315",,"1","9","0","3",,"2","003","-","N",,0,0,,,0,,,,"Y",1,"A","-",23152,"A","N","A","H","-","A","D","0","Y","A","01",0,1,0,0,0,0,0,0,0,"-","-","UNINCORPORATED","EL DORADO","CA",0,0
"2702330",0,0,2006,"0900","4","6","2","03",0,2,"A",,,"Y",,,1800,6,"E","I","A","SALMON FALLS RD","FALCONS CREST LN",2376,"N","N","2006-10-17",9245,"2006-06-24",1650,"01084",,"2","9","0","2",,"1","012","-","N",,0,0,,,0,,,,"Y",1,"A","-",22350,,"N","A","H","-","A","D","0","Y","C","02",2,0,0,0,0,0,0,0,2,"-","-","UNINCORPORATED","EL DORADO","CA",0,0
"2702342",-120.871326933,38.75207901,2006,"0900","4","5","3","03",0,2,"A",,,,,,1200,6,"E","I","A","COLD SPRINGS RD","MOUNT SHASTA LN",356,"S","N","2006-10-17",9245,"2006-06-30",1000,"8982",,"1","9","0","2",,"1","014","-","N",,0,0,,,0,,,,"Y",1,"A","-",22350,,"N","A","H","-","A","D","0","Y","A","01",0,1,1,0,0,0,0,0,0,"-","-","UNINCORPORATED","EL DORADO","CA",0,0
"2703337",0,0,2006,"0900","4","2","3","01",0,1,"A",,,,,"Y",2100,7,"F","A","A","MOUNT AUKUM RD","BUZZARDS GULCH RD",2640,"S","N","2006-10-30",9245,"2006-07-04",2000,"01327",,"2","9","0","2",,"1","042","-","N",,0,0,,,0,,,,"Y",1,"A","-",23152,"A","N","A","H","-","A","D","0","Y","D","22",0,1,0,0,0,0,0,0,0,"-","-","UNINCORPORATED","EL DORADO","CA",0,0
"2704144",-120.846270939,38.68205867,2006,"0900","3","6","2","06",0,2,"A",,,"Y",,"Y",1800,6,"B","C","A","RT 49","FORNI RD",11,"S","N","2006-10-24",9245,"2006-06-17",1620,"12720",,"2","9","0","1",,"1","135","-","Y","ED",3,49,"-","-",9.7,"H","-","N","N",2,"A","-",21755,,"N","A","H","-","A","D","0","Y","C","02",1,1,0,0,0,0,0,0,2,"-","-","UNINCORPORATED","EL DORADO","CA",0,0
"2704148",0,0,2006,"0900","4","3","4","05",0,2,"A",,,,,,900,6,"E","I","A","PLEASANT VALLEY RD","MARSH LN",75,"E","N","2006-10-19",9245,"2006-06-14",835,"01238",,"1","9","0","2",,"1","041","-","N",,0,0,,,0,,,,"Y",1,"A","-",21650,,"N","A","H","-","A","D","0","Y","A","01",0,0,2,0,0,0,0,0,0,"-","-","UNINCORPORATED","EL DORADO","CA",0,0
"2704156",-121.006553742,38.833376376,2006,"0900","3","6","3","03",0,1,"A","Y",,,,,1200,6,"B","E","E","RT 49","PEDRO HILL RD",3615,"N","N","2006-10-26",9245,"2006-06-24",1015,"01283",,"1","9","0","1",,"1","115","-","Y","ED",3,49,"-","-",29.93,"H","-","N","N",3,"A","-",22350,,"N","A","C","-","A","D","0","Y","D","22",0,1,0,0,1,0,0,0,0,"-","-","UNINCORPORATED","EL DORADO","CA",0,0
"2704160",-120.815330955,38.694264432,2006,"0900","3","1","4","03",0,3,"A",,,,,,1800,6,"C","C","A","RT 49","DIAMOND MEADOWS LOOP",150,"N","N","2006-10-25",9245,"2006-06-19",1740,"01324",,"2","9","0","1",,"1","135","-","Y","ED",3,49,"-","-",11.73,"H","-","S","N",4,"A","-",22350,,"N","A","H","-","A","D","0","Y","D","22",0,0,3,0,0,0,0,0,0,"-","-","UNINCORPORATED","EL DORADO","CA",0,0
"2704161",-121.074913059,38.651665161,2006,"0900","4","5","3","03",0,1,"A",,,,,,2400,7,"C","C","A","EL DORADO HILLS BL","RT 50",75,"N","N","2006-11-08",9245,"2006-07-07",2330,"01283",,"3","9","0","2",,"1","012","-","Y","ED",3,50,"-","-",0.686,"R","4","W","Y",2,"A","-",22350,,"N","A","H","-","C","A","1","Y","A","01",0,1,0,0,0,0,0,0,0,"-","-","UNINCORPORATED","EL DORADO","CA",0,0
"2705547",-121.018536392,38.655073852,2006,"0900","2","4","4","03",0,1,"A",,,,,,1800,7,"C","C","A","RT 50","CAMBRIDGE RD",6336,"W","N","2006-11-07",9245,"2006-07-06",1650,"00959",,"2","9","0","1",,"2","110","-","Y","ED",3,50,"-","R",3.81,"H","-","E","Y",2,"A","-",22350,,"N","A","H","-","A","D","1","Y","A","01",0,0,1,0,0,0,0,0,0,"-","-","UNINCORPORATED","EL DORADO","CA",0,0
"2705551",-121.072579421,38.652436991,2006,"0900","2","4","4","03",0,1,"A",,,,"Y",,900,6,"C","C","A","RT 50","EL DORADO HILLS BL",417,"W","N","2006-10-27",9245,"2006-06-29",635,"00959",,"1","9","0","1",,"2","110","-","Y","ED",3,50,"-","-",0.78,"H","-","W","Y",3,"A","-",22350,,"N","A","H","-","A","D","1","Y","A","01",0,0,1,0,0,0,0,0,0,"-","-","UNINCORPORATED","EL DORADO","CA",0,0
"2705555",0,0,2006,"0900","4","6","4","09",0,3,"A",,,,,,1800,6,"D","C","A","MOUNT AUKUM RD","HAPPY VALLEY CUTOFF RD",2640,"S","N","2006-10-23",9245,"2006-06-24",1725,"01324",,"2","9","0","2",,"1","042","-","N",,0,0,,,0,,,,"Y",2,"A","-",21804,"A","N","A","H","-","A","D","0","Y","A","01",0,0,3,0,0,0,0,0,0,"-","-","UNINCORPORATED","EL DORADO","CA",0,0
"2705559",-120.663135354,38.6067581177,2006,"0900","5","6","2","05",0,2,"A",,,"Y",,,1500,7,"E","I","A","PERRY CREEK RD","ANT HILL RD",2112,"E","N","2006-10-30",9245,"2006-07-08",1440,"01556",,"2","9","0","3",,"2","004","-","N",,0,0,,,0,,,,"N",1,"A","-",21650,,"N","A","H","-","A","D","0","Y","C","06",1,0,1,0,0,0,0,0,2,"-","-","UNINCORPORATED","EL DORADO","CA",0,0
"2705567",-120.979362231,38.898605551,2006,"0900","3","5","3","08",0,1,"A",,,,,,600,7,"E","I","A","RT 193","CRAMER RD",1376,"E","N","2007-04-27",9245,"2006-07-07",530,"00912",,"3","9","0","1",,"1","122","-","Y","ED",3,193,"-","R",2.34,"H","-","W","Y",1,"A","-",22107,,"N","A","H","-","B","D","0","Y","A","07",0,1,0,0,0,0,0,0,0,"-","-","UNINCORPORATED","EL DORADO","CA",0,0
"2705571",-120.991759815,38.6893997192,2006,"0900","4","2","3","05",0,1,"A",,,,,,1200,7,"E","I","A","CAMERON PARK DR","ALHAMBRA DR",354,"N","N","2006-10-30",9245,"2006-07-04",905,"00912",,"1","9","0","2",,"1","015","-","N",,0,0,,,0,,,,"Y",1,"A","-",21650,,"N","A","H","-","A","D","0","Y","A","01",0,1,0,0,0,0,0,0,0,"-","-","UNINCORPORATED","EL DORADO","CA",0,0
"2705583",-120.88075707,38.7202301025,2006,"0900","4","5","3","01",0,2,"A",,,,,"Y",2400,6,"E","I","A","GREEN VALLEY RD","MORTARA CIR",200,"W","N","2006-10-19",9245,"2006-06-30",2130,"01038",,"2","9","0","2",,"1","011","-","N",,0,0,,,0,,,,"Y",1,"A","-",23152,"A","N","A","H","-","D","D","0","Y","D","22",0,1,1,0,0,0,0,0,0,"-","-","UNINCORPORATED","EL DORADO","CA",0,0
"2707622",-121.019792299,38.910688351,2006,"0900","3","5","3","03",0,1,"A",,,"Y",,,1500,6,"F","A","A","RT 49","RT 193",10560,"N","N","2006-10-24",9245,"2006-06-30",1415,"01324",,"2","9","0","1",,"1","115","-","Y","ED",3,49,"-","-",36.46,"H","-","S","N",1,"A","-",22350,,"N","A","H","-","A","D","0","Y","C","02",0,1,0,0,0,0,0,0,1,"-","-","UNINCORPORATED","EL DORADO","CA",0,0
"2707673",-120.76051302,38.7460861206,2006,"0900","5","5","3","05",0,2,"A",,,,,,2400,6,"E","I","A","CARSON RD","JAQUIER RD",0,"E","N","2006-10-19",9245,"2006-06-30",2345,"11480",,"3","9","0","3",,"2","002","-","N",,0,0,,,0,,,,"Y",1,"A","-",21650,,"N","A","H","-","D","D","0","Y","A","01",0,2,0,0,0,0,0,0,0,"-","-","UNINCORPORATED","EL DORADO","CA",0,0
"2707680",-120.117195619,39.031295258,2006,"0900","3","4","4","17",0,1,"A",,,,"Y",,900,6,"F","A","A","RT 89","MEEKS BAY AV",143,"S","N","2006-10-26",9246,"2006-06-22",815,"00930",,"1","9","0","1",,"1","031","-","Y","ED",3,89,"-","-",24.14,"H","-","N","N",1,"A","-",21662,,"N","A","H","-","A","D","0","Y","G","24",0,0,1,0,0,0,0,0,0,"-","-","UNINCORPORATED","EL DORADO","CA",0,0
"2707689",-120.122447058,38.805477845,2006,"0900","2","6","2","17",0,1,"A",,,"Y",,,1500,6,"E","I","A","RT 50","TWIN BRIDGES RD",175,"W","N","2006-10-24",9246,"2006-06-24",1332,"01507",,"1","9","0","1",,"1","020","-","Y","ED",3,50,"-","-",60.36,"H","-","E","Y",1,"A","-",21662,,"N","A","H","-","A","D","0","Y","C","02",1,0,0,0,0,0,0,0,1,"-","-","UNINCORPORATED","EL DORADO","CA",0,0
"2707697",-120.028617077,38.813787564,2006,"0900","2","1","3","08",0,1,"A",,,,"Y",,600,7,"E","J","A","RT 50","CAL TRANS MAIN STATION",538,"E","N","2006-11-08",9246,"2006-07-03",545,"01766",,"3","9","0","1",,"1","021","-","Y","ED",3,50,"-","-",66.84,"H","-","E","Y",1,"A","-",22107,,"N","A","H","-","A","D","0","Y","G","25",0,1,0,0,0,0,0,0,0,"-","-","UNINCORPORATED","EL DORADO","CA",0,0
"2709358",-120.266852378,38.776419529,2006,"0900","2","4","1","05",2,0,"A",,,,,,1200,7,"A","C","A","RT 50","FOREST SERVICE RD 11N50",293,"W","N","2006-07-26",9245,"2006-07-06",1055,"00912",,"1","9","0","1",,"1","170","-","Y","ED",3,50,"-","-",50.66,"H","-","W","Y",3,"A","-",21460,"A","N","A","H","-","A","D","0","Y","A","01",0,0,0,0,0,0,0,0,0,"-","-","UNINCORPORATED","EL DORADO","CA",0,0
"2711016",-120.826853365,38.691897483,2006,"0900","3","3","4","09",0,1,"A",,,,,,1500,7,"D","C","A","RT 49","COMMERCE WY",0,,"Y","2006-11-06",9245,"2006-07-12",1435,"00959",,"2","9","0","1",,"1","135","-","Y","ED",3,49,"-","-",11.073,"I","5","S","N",2,"A","-",21802,"A","N","A","H","-","A","A","0","Y","D","22",0,0,1,0,0,0,0,0,0,"-","-","UNINCORPORATED","EL DORADO","CA",0,0
"2711270",0,0,2006,"0900","4","6","4","03",0,2,"A",,,,,,1200,7,"C","C","A","PLEASANT VALLEY RD","BODEGA WY",0,,"Y","2006-11-01",9245,"2006-07-08",1130,"01314",,"1","9","0","2",,"1","041","-","N",,0,0,,,0,,,,"N",2,"A","-",22350,,"F","A","H","-","A","D","0","Y","D","22",0,0,2,0,0,0,0,0,0,"-","-","UNINCORPORATED","EL DORADO","CA",0,0
"2711274",0,0,2006,"0900","4","6","4","09",0,1,"A",,,,,,1800,7,"D","C","A","MOUNT AUKUM RD","BLACKHAWK LN",810,"S","N","2006-11-01",9245,"2006-07-08",1645,"8982",,"2","9","0","2",,"1","042","-","N",,0,0,,,0,,,,"Y",2,"A","-",21804,"A","N","A","H","-","A","D","0","Y","A","01",0,0,1,0,0,0,0,0,0,"-","-","UNINCORPORATED","EL DORADO","CA",0,0
"2711278",-120.603166954,38.7540092468,2006,"0900","4","1","3","09",0,1,"A",,,,,,1500,7,"A","C","A","PONY EXPRESS TRL","BLAIR RD",528,"E","N","2006-11-01",9245,"2006-07-10",1243,"01238",,"1","9","0","2",,"1","025","-","N",,0,0,,,0,,,,"Y",2,"A","-",21801,"A","N","A","H","-","A","A","0","Y","D","22",0,1,0,0,0,0,0,0,0,"-","-","UNINCORPORATED","EL DORADO","CA",0,0
"2714932",-120.941511277,38.7127838135,2006,"0900","4","5","3","05",0,1,"A",,,,,,600,7,"E","I","A","GREEN VALLEY RD","PEACEFUL GARDEN WY",254,"E","N","2006-11-02",9245,"2006-07-14",545,"00912",,"3","9","0","2",,"1","011","-","N",,0,0,,,0,,,,"Y",1,"A","-",21650,,"N","A","H","-","B","D","0","Y","A","01",0,1,0,0,0,0,0,0,0,"-","-","UNINCORPORATED","EL DORADO","CA",0,0
"2715138",-120.95966025,38.6795692444,2006,"0900","5","7","3","05",0,1,"A",,,"Y",,"Y",2400,7,"F","A","A","MEDER RD","SIERRAMA DR",225,"W","N","2006-11-01",9245,"2006-07-02",2145,"01324",,"2","9","0","3",,"2","001","-","N",,0,0,,,0,,,,"N",1,"A","-",21650,,"N","A","H","-","D","D","0","Y","C","02",0,1,0,0,0,0,0,0,1,"-","-","UNINCORPORATED","EL DORADO","CA",0,0
"2715170",-120.68603768,38.7075004578,2006,"0900","4","6","3","01",0,1,"A",,,,,"Y",2100,7,"E","I","A","NEWTOWN RD","PASO WY",1056,"W","N","2006-11-01",9245,"2006-07-01",1830,"01327",,"2","9","0","2",,"1","045","-","N",,0,0,,,0,,,,"Y",1,"A","-",23152,"A","N","A","A","-","A","D","0","Y","A","07",0,1,0,0,0,0,0,0,0,"-","-","UNINCORPORATED","EL DORADO","CA",0,0
"2715264",-120.82133304,38.822265195,2006,"0900","3","2","2","03",0,1,"B",,,"Y",,,900,7,"F","A","A","RT 193","CATBIRD HILL LN",110,"E","N","2006-11-15",9245,"2006-07-04",850,"12720",,"1","9","0","1",,"1","122","-","Y","ED",3,193,"-","-",18.71,"H","-","E","Y",1,"A","-",22350,,"N","A","H","-","A","D","0","Y","C","02",1,0,0,0,0,0,0,0,1,"-","-","UNINCORPORATED","EL DORADO","CA",0,0
"2720746",-120.121664044,38.802372401,2006,"0900","2","7","3","17",0,1,"A",,,"Y",,,1500,7,"A","I","A","RT 50","CAMP SACRAMENTO",158,"W","N","2006-11-06",9246,"2006-07-02",1320,"01318",,"1","9","0","1",,"1","020","-","Y","ED",3,50,"-","-",60.63,"H","-","E","Y",1,"A","-",21662,,"N","A","H","-","A","D","0","Y","C","02",0,1,0,0,0,0,0,0,1,"-","-","UNINCORPORATED","EL DORADO","CA",0,0
"2720750",-120.033372209,38.814369571,2006,"0900","2","6","3","05",0,1,"A",,,,"Y",,1500,7,"B","C","A","RT 50","ECHO SUMMIT SNOW PARK RD",150,"W","N","2006-11-08",9246,"2006-07-08",1255,"01318",,"1","9","0","1",,"1","021","-","Y","ED",3,50,"-","-",66.51,"H","-","W","N",2,"A","-",21460,"A","N","A","H","-","A","D","0","Y","F","55",0,1,0,0,0,0,0,0,0,"-","-","UNINCORPORATED","EL DORADO","CA",0,0
"2720762",-120.041497293,38.842435256,2006,"0900","2","3","3","17",0,2,"A",,,"Y",,,1800,7,"F","A","A","RT 50","FLAGPOLE",30,"E","N","2006-11-06",9246,"2006-07-05",1715,"01380",,"2","9","0","1",,"1","021","-","Y","ED",3,50,"-","-",69.37,"H","-","W","N",2,"A","-",21662,,"N","A","H","-","A","D","0","Y","C","02",0,2,0,0,0,0,0,0,2,"-","-","UNINCORPORATED","EL DORADO","CA",0,0
"2720778",-119.961819895,38.9109687805,2006,"0900","4","6","3","01",0,1,"A",,,,,"Y",600,7,"E","I","A","PIONEER TRL","BLACK BART AV",634,"E","N","2006-10-31",9246,"2006-07-15",515,"9933",,"3","9","0","2",,"1","024","-","N",,0,0,,,0,,,,"Y",1,"A","-",23152,"A","N","A","H","-","B","D","0","Y","D","22",0,1,0,0,0,0,0,0,0,"-","-","UNINCORPORATED","EL DORADO","CA",0,0
"2726722",-120.41999077,38.775488258,2006,"0900","2","7","3","05",0,1,"A",,,,,,300,7,"A","C","A","RT 50","ALDER CREEK RD",11616,"W","N","2006-11-13",9245,"2006-07-09",245,"01324",,"3","9","0","1",,"1","160","-","Y","ED",3,50,"-","-",41.41,"H","-","E","Y",2,"A","-",21460,"A","N","A","H","-","C","D","0","Y","A","01",0,1,0,0,0,0,0,0,0,"-","-","UNINCORPORATED","EL DORADO","CA",0,0
"2726785",-120.712276124,38.7051582336,2006,"0900","5","1","3","18",0,1,"A",,,"Y",,,1200,7,"F","A","A","FORT JIM RD","NEWTOWN RD",4224,"E","N","2006-11-06",9245,"2006-07-24",945,"01334",,"1","9","0","3",,"2","004","-","N",,0,0,,,0,,,,"N",1,"C","-",0,,"N","D","G","-","A","D","0","Y","-","-",0,1,0,0,0,0,0,0,1,"-","-","UNINCORPORATED","EL DORADO","CA",0,0
"2727659",-120.724122913,38.6322212219,2006,"0900","5","5","2","01",0,3,"A",,,,,"Y",300,7,"E","I","A","SAND RIDGE RD","CUTAWAY LN",429,"S","N","2006-11-06",9245,"2006-07-07",140,"11480",,"3","9","0","3",,"2","004","-","N",,0,0,,,0,,,,"Y",1,"A","-",23152,"A","N","A","H","-","D","D","0","Y","A","01",1,0,2,0,0,0,0,0,0,"-","-","UNINCORPORATED","EL DORADO","CA",0,0
"2729129",-120.804731672,38.728272323,2006,"0901","0","5","4","03",0,1,"A",,,,,,1500,5,"C","C","A","RT 50","SPRING ST",85,"W","N","2006-10-02",901,"2006-05-26",1407,"237","0901","5","2","0","0",,"0","PP1","-","Y","ED",3,50,"-","-",17.65,"H","-","W","Y",2,"A","-",22350,,"N","A","H","-","A","A","0","Y","A",,0,0,1,0,0,0,0,0,0,"-","-","PLACERVILLE","EL DORADO","CA",0,0
"2729207",0,0,2006,"0900","4","7","1","03",1,0,"A",,,"Y",,,900,6,"F","A","A","SALMON FALLS RD","SALMON VALLEY LN",410,"S","N","2006-07-28",9245,"2006-06-25",810,"01283",,"1","9","0","2",,"1","012","-","N",,0,0,,,0,,,,"Y",1,"A","-",22350,,"N","A","H","-","A","A","0","Y","C","02",0,0,0,0,0,0,0,1,0,"-","-","UNINCORPORATED","EL DORADO","CA",0,0
"2729215",-121.068110529,38.6467666626,2006,"0900","5","1","4","21",0,1,"A",,,"Y",,,1200,7,"C","C","A","WHITE ROCK RD","LATROBE RD",40,"E","N","2006-11-06",9245,"2006-07-17",945,"10315",,"1","9","0","3",,"2","003","-","N",,0,0,,,0,,,,"N",2,"A","-",22106,,"N","A","H","-","A","A","0","Y","D","22",0,0,1,0,0,0,0,0,1,"-","-","UNINCORPORATED","EL DORADO","CA",0,0
"2729219",-120.943518901,38.899142892,2006,"0900","3","1","3","05",0,1,"A",,,,,,2100,7,"F","A","A","RT 193","PENOBSCOT RD",1056,"S","N","2007-04-27",9245,"2006-07-17",1900,"01082",,"2","9","0","1",,"1","122","-","Y","ED",3,193,"-","R",4.33,"H","-","W","Y",1,"A","-",21650,,"N","A","H","-","A","D","0","Y","A","01",0,1,0,0,0,0,0,0,0,"-","-","UNINCORPORATED","EL DORADO","CA",0,0
"2729220",-120.804276956,38.728380133,2006,"0901","0","1","4","03",0,1,"A",,,,,,900,7,"C","C","A","RT 50","SPRING ST",21,"E","N","2006-11-15",901,"2006-07-17",712,"222","0901","5","2","0","0",,"0","PP1","-","Y","ED",3,50,"-","-",17.68,"H","-","W","N",2,"A","-",22350,,"N","A","H","-","A","A","0","Y","A",,0,0,1,0,0,0,0,0,0,"-","-","PLACERVILLE","EL DORADO","CA",0,0
"2729280",-120.770629519,38.7328338623,2006,"0901","0","3","1","03",1,1,"A",,,,,,1800,6,"A","C","A","BROADWAY DR","SMITH FLAT RD",219,"E","N","2007-06-19",901,"2006-06-14",1610,"237","0901","5","2","0","0",,"0","PP2","-","N",,0,0,,,0,,,,"Y",2,"A","-",22350,,"N","A","H","-","A","D","0","Y","A",,0,1,0,0,0,0,0,0,0,"-","-","PLACERVILLE","EL DORADO","CA",0,0
"2733076",-120.929779775,38.6689987183,2006,"0900","4","4","2","14",0,1,"A",,,,"Y",,600,7,"D","C","A","NORTH SHINGLE RD","PONDEROSA RD",3350,"N","N","2006-11-10",9245,"2006-07-13",515,"11480",,"3","9","0","2",,"1","013","-","N",,0,0,,,0,,,,"Y",2,"A","-",25100,"A","N","A","H","-","D","D","0","Y","G","25",1,0,0,0,0,0,0,0,0,"-","-","UNINCORPORATED","EL DORADO","CA",0,0
"2733080",-121.068189407,38.6469688416,2006,"0900","4","4","3","05",0,1,"B",,,,,,2400,7,"E","I","A","LATROBE RD","WHITE ROCK RD",94,"N","N","2006-11-08",9245,"2006-07-20",2346,"11480",,"3","9","0","2",,"1","031","-","N",,0,0,,,0,,,,"N",1,"A","-",21650,,"N","A","H","-","C","D","0","Y","A","01",0,1,0,0,0,0,0,0,0,"-","-","UNINCORPORATED","EL DORADO","CA",0,0
"2733084",-121.02196944,38.7092170715,2006,"0900","5","5","3","01",0,1,"A",,,"Y",,"Y",600,7,"F","A","A","DEER VALLEY RD","GREEN VALLEY RD",3663,"N","N","2006-11-08",9245,"2006-07-21",440,"00920",,"3","9","0","3",,"2","001","-","N",,0,0,,,0,,,,"Y",1,"A","-",23152,"A","N","A","H","-","D","D","0","Y","C","02",0,1,0,0,0,0,0,0,1,"-","-","UNINCORPORATED","EL DORADO","CA",0,0
"2733086",-121.053790259,38.657985372,2006,"0900","2","1","4","08",0,1,"A",,,,,,900,7,"E","I","A","RT 50","BASS LAKE RD",5280,"W","N","2006-11-15",9245,"2006-07-24",630,"01161",,"1","9","0","1",,"2","110","-","Y","ED",3,50,"-","R",2.45,"H","-","E","Y",1,"A","-",22107,,"N","A","H","-","A","D","1","Y","A","01",0,0,1,0,0,0,0,0,0,"-","-","UNINCORPORATED","EL DORADO","CA",0,0
"2733092",-120.422652789,38.775118981,2006,"0900","2","5","3","05",0,1,"B",,,,,,2100,7,"E","I","A","RT 50","ICE HOUSE RD",7920,"E","N","2006-11-15",9245,"2006-07-21",1950,"01082",,"2","9","0","1",,"1","160","-","Y","ED",3,50,"-","-",41.26,"H","-","W","Y",2,"A","-",21650,,"N","A","H","-","A","D","0","Y","A","01",0,1,0,0,0,0,0,0,0,"-","-","UNINCORPORATED","EL DORADO","CA",0,0
"2737368",-120.121800663,39.025204715,2006,"0900","3","7","3","18",0,1,"A",,,,,,1800,7,"E","I","A","RT 89","SILVERTIP DR",1584,"N","N","2006-11-17",9246,"2006-07-16",1736,"01430",,"2","9","0","1",,"1","031","-","Y","ED",3,89,"-","-",23.63,"H","-","N","Y",1,"C","-",0,,"N","A","H","-","A","D","0","Y","-","-",0,1,0,0,0,0,0,0,0,"-","-","UNINCORPORATED","EL DORADO","CA",0,0