"CASEID","POINT_X","POINT_Y","YEAR_","LOCATION","CHPTYPE","DAYWEEK","CRASHSEV","VIOLCAT","KILLED","INJURED","WEATHER1","PEDCOL","BICCOL","MCCOL","TRUCKCOL","ETOH","TIMECAT","MONTH_","CRASHTYP","INVOLVE","PED","PRIMARYRD","SECONDRD","DISTANCE","DIRECT","INTERSECT_","PROCDATE","JURIS","DATE_","TIME_","BADGE","JURIDIST","SHIFT","POP","SPECIAL","BEATTYPE","LAPDDIV","BEATCLAS","BEATNUMB","WEATHER2","STATEHW","CALTRANC","CALTRAND","STROUTE","ROUTESUF","POSTPRE","POSTMILE","LOCATYPE","RAMP","SIDEHW","TOWAWAY","PARTIES","PCF","VIOLCODE","VIOL","VIOLSUB","HITRUN","ROADSURF","RDCOND1","RDCOND2","LIGHTING","RIGHTWAY","CHPRDTYP","NOTPRIV","STFAULT","CHPFAULT","SEVINJ","OTHERINJ","COP","PEDKILL","PEDINJ","BICKILL","BICINJ","MCKILL","MCINJURE","RAMP1","RAMP2","CITY","COUNTY","STATE","X_CHP","Y_CHP"
"2777460",-119.943577326,38.957000291,2006,"0902","0","5","3","05",0,1,"A",,"Y",,,,1800,8,"D","G","A","LAKE TAHOE BL","FRIDAY AV",0,,"Y","2006-12-18",902,"2006-08-18",1620,"160","EDX","5","3","0","0",,"0","00E","-","Y","ED",3,50,"-","-",80.265,"I","5","W","N",2,"A","-",21650,"1","N","A","H","-","A","D","0","Y","L",,0,1,0,0,0,0,1,0,0,"-","-","SOUTH LAKE TAHOE","EL DORADO","CA",0,0
"2777472",-120.004989094,38.9192390442,2006,"0902","0","5","2","18",0,1,"A",,,,,,2400,8,"G","B","A","SECRET HARBOR DR","SOUTH SHORE DR",800,"S","N","2006-12-08",902,"2006-08-18",2247,"160",,"5","3","0","0",,"0",,"-","N",,0,0,,,0,,,,"N",1,"C","-",0,,"N","A","H","-","D","D","0","Y","-","-",1,0,0,0,0,0,0,0,0,"-","-","SOUTH LAKE TAHOE","EL DORADO","CA",0,0
"2777476",-119.977292918,38.940194461,2006,"0902","0","5","4","03",0,1,"A",,,,,,1800,8,"C","C","A","LAKE TAHOE BL","MODESTO",0,,"Y","2006-12-18",902,"2006-08-11",1627,"179","SLTP","5","3","0","0",,"0","EAS","-","Y","ED",3,50,"-","-",77.925,"I","5","W","Y",2,"A","-",22350,,"N","A","H","-","A","D","0","Y","A",,0,0,1,0,0,0,0,0,0,"-","-","SOUTH LAKE TAHOE","EL DORADO","CA",0,0
"2779241",-120.437042436,38.769670027,2006,"0900","2","1","4","08",0,4,"A",,,,,,1200,8,"D","C","A","RT 50","ICE HOUSE RD",31680,"E","N","2006-12-12",9245,"2006-08-07",1110,"11480",,"1","9","0","1",,"1","160","-","Y","ED",3,50,"-","-",40.37,"H","-","W","Y",2,"A","-",22107,,"N","A","H","-","A","D","0","Y","A","07",0,0,4,0,0,0,0,0,0,"-","-","UNINCORPORATED","EL DORADO","CA",0,0
"2779249",0,0,2006,"0900","4","4","3","01",0,2,"A",,,,,"Y",2400,8,"E","I","A","BUCKS BAR RD","SPRINGER RD",3538,"S","N","2006-12-06",9245,"2006-08-10",2130,"10717",,"2","9","0","2",,"1","042","-","N",,0,0,,,0,,,,"Y",1,"A","-",23152,"A","N","A","H","-","D","D","0","Y","A","07",0,1,1,0,0,0,0,0,0,"-","-","UNINCORPORATED","EL DORADO","CA",0,0
"2779265",-120.908203473,38.687284322,2006,"0900","2","5","3","08",0,2,"A",,,,,,900,8,"F","A","A","RT 50","SHINGLE SPRINGS DR",2835,"E","N","2006-12-12",9245,"2006-08-18",830,"00912",,"1","9","0","1",,"2","120","-","Y","ED",3,50,"-","R",10.88,"H","-","W","Y",1,"A","-",22107,,"N","A","H","-","A","D","1","Y","A","07",0,1,1,0,0,0,0,0,0,"-","-","UNINCORPORATED","EL DORADO","CA",0,0
"2783763",-120.693553979,38.6013031006,2006,"0900","4","6","4","03",0,1,"A",,"Y",,,,1200,9,"H","A","A","FAIRPLAY RD","PERRY CREEK RD",4224,"S","N","2006-10-26",9245,"2006-09-09",1135,"15330",,"1","9","0","2",,"1","042","-","N",,0,0,,,0,,,,"N",1,"A","-",22350,,"N","A","H","-","A","D","0","Y","L","04",0,0,1,0,0,0,1,0,0,"-","-","UNINCORPORATED","EL DORADO","CA",0,0
"2783767",0,0,2006,"0900","5","6","2","03",0,1,"A",,"Y",,,,1500,9,"H","A","A","BRIDGEPORT SCHOOL RD","TYLER RD",191,"N","N","2006-10-26",9245,"2006-09-09",1413,"01699",,"2","9","0","3",,"2","004","-","N",,0,0,,,0,,,,"N",1,"A","-",22350,,"N","A","A","-","A","D","0","Y","L","04",1,0,0,0,0,0,1,0,0,"-","-","UNINCORPORATED","EL DORADO","CA",0,0
"2783778",-120.663004805,38.6769943237,2006,"0900","5","6","4","01",0,1,"A","Y",,,,"Y",2100,9,"G","B","E","SOMERSET LOOP","DOLLHOUSE RD",100,"N","N","2006-12-18",9245,"2006-09-16",2020,"01314",,"2","9","0","3",,"2","004","-","N",,0,0,,,0,,,,"N",2,"A","-",23152,"A","N","A","H","-","D","D","0","Y","D","22",0,0,1,0,1,0,0,0,0,"-","-","UNINCORPORATED","EL DORADO","CA",0,0
"2783790",-120.94772304,38.6609458923,2006,"0900","5","6","4","01",0,1,"A",,,,,"Y",900,9,"E","I","A","MANY OAKS LN","WILD CHAPARRAL DR",0,,"Y","2006-12-18",9245,"2006-09-09",615,"10315",,"1","9","0","3",,"2","001","-","N",,0,0,,,0,,,,"Y",1,"A","-",23152,"A","N","A","H","-","D","A","0","Y","A","07",0,0,1,0,0,0,0,0,0,"-","-","UNINCORPORATED","EL DORADO","CA",0,0
"2783802",0,0,2006,"0900","4","6","4","01",0,1,"A",,,,,"Y",300,9,"E","I","A","PLEASANT VALLEY RD","BODEGA WY",5808,"E","N","2006-12-18",9245,"2006-09-09",155,"01314",,"3","9","0","2",,"1","041","-","N",,0,0,,,0,,,,"Y",1,"A","-",23152,"A","N","A","H","-","D","A","0","Y","A","07",0,0,1,0,0,0,0,0,0,"-","-","UNINCORPORATED","EL DORADO","CA",0,0
"2783834",-120.69450008,38.739690496,2006,"0900","2","7","3","03",0,2,"A",,,,,,1500,9,"E","I","A","RT 50","CARSON RD",689,"E","N","2007-01-02",9245,"2006-09-17",1310,"01350",,"1","9","0","1",,"2","140","-","Y","ED",3,50,"-","-",24.18,"H","-","W","Y",1,"A","-",22350,,"N","A","H","-","A","D","1","Y","A","07",0,1,1,0,0,0,0,0,0,"-","-","UNINCORPORATED","EL DORADO","CA",0,0
"2783838",-121.072872119,38.652049012,2006,"0900","2","5","3","03",0,3,"A",,,,,,2100,9,"C","C","A","RT 50","LATROBE RD",250,"W","N","2006-12-27",9245,"2006-09-15",1830,"00959",,"2","9","0","1",,"2","110","-","Y","ED",3,50,"-","-",0.81,"H","-","E","Y",5,"A","-",22350,,"M","A","H","-","A","D","1","Y","D","22",0,1,2,0,0,0,0,0,0,"-","-","UNINCORPORATED","EL DORADO","CA",0,0
"2783931",-120.911480463,38.7138290405,2006,"0900","4","4","4","03",0,2,"A",,,,,,1800,8,"C","C","A","GREEN VALLEY RD","MULBERRY LN",2640,"W","N","2007-02-01",9245,"2006-08-17",1740,"10717",,"2","9","0","2",,"1","011","-","N",,0,0,,,0,,,,"N",2,"A","-",22350,,"F","A","H","-","A","D","0","Y","D","22",0,0,2,0,0,0,0,0,0,"-","-","UNINCORPORATED","EL DORADO","CA",0,0
"2783986",-120.933838067,38.7368354797,2006,"0900","4","1","2","03",0,2,"A",,,,,,900,8,"D","C","A","LOTUS RD","STAGECOACH RD",2640,"N","N","2007-01-29",9245,"2006-08-21",705,"01350",,"1","9","0","2",,"1","013","-","N",,0,0,,,0,,,,"Y",2,"A","-",22350,,"N","A","H","-","A","D","0","Y","D","22",1,1,0,0,0,0,0,0,0,"-","-","UNINCORPORATED","EL DORADO","CA",0,0
"2785281",-120.831878315,38.688634467,2006,"0900","4","2","4","03",0,2,"A",,,,,,2100,9,"C","C","A","RT 49","PATTERSON DR",55,"S","N","2007-02-08",9245,"2006-09-05",1805,"01283",,"2","9","0","2",,"1","037","-","Y","ED",3,49,"-","-",10.71,"H","-","S","Y",3,"A","-",22350,,"N","A","H","-","A","A","0","Y","A","01",0,0,2,0,0,0,0,0,0,"-","-","UNINCORPORATED","EL DORADO","CA",0,0
"2788272",-120.84566091,38.8304748535,2006,"0900","4","3","3","18",0,1,"A",,,,,,1200,9,"E","I","A","GARDEN VALLEY RD","RT 193",9993,"N","N","2006-12-26",9245,"2006-09-13",1115,"00920",,"1","9","0","2",,"1","021","-","N",,0,0,,,0,,,,"Y",1,"C","-",0,,"N","A","H","-","A","D","0","Y","-","-",0,1,0,0,0,0,0,0,0,"-","-","UNINCORPORATED","EL DORADO","CA",0,0
"2788284",-120.872988853,38.894322941,2006,"0900","3","3","2","05",0,2,"A",,,,,,1200,8,"A","C","A","RT 193","LONGVIEW LN",548,"S","N","2006-12-18",9245,"2006-08-30",940,"11480",,"1","9","0","1",,"1","122","-","Y","ED",3,193,"-","-",9.62,"H","-","E","Y",2,"A","-",21650,,"N","A","H","-","A","D","0","Y","A","01",1,1,0,0,0,0,0,0,0,"-","-","UNINCORPORATED","EL DORADO","CA",0,0
"2788300",-120.932493048,38.7487564087,2006,"0900","4","3","3","03",0,1,"A",,,,,,1500,9,"C","C","A","LOTUS RD","SPRINGVALE RD",0,,"Y","2006-12-19",9245,"2006-09-06",1305,"10717",,"1","9","0","2",,"1","013","-","N",,0,0,,,0,,,,"Y",2,"A","-",22350,,"N","A","H","-","A","D","0","Y","D","22",0,1,0,0,0,0,0,0,0,"-","-","UNINCORPORATED","EL DORADO","CA",0,0
"2788308",0,0,2006,"0900","4","5","4","05",0,1,"A",,,,,,1200,7,"E","I","A","LOTUS RD","WEBER CREEK BR",304,"N","N","2006-11-28",9245,"2006-07-28",1045,"12720",,"1","9","0","2",,"1","013","-","N",,0,0,,,0,,,,"Y",2,"A","-",21460,"A","F","A","H","-","A","D","0","Y","A","01",0,0,1,0,0,0,0,0,0,"-","-","UNINCORPORATED","EL DORADO","CA",0,0
"2788312",-121.005045901,38.7292976379,2006,"0900","5","4","4","05",0,1,"A",,,,,,2100,8,"E","I","A","STARBUCK RD","FAIRVIEW DR",475,"S","N","2006-12-08",9245,"2006-08-31",1810,"01314",,"2","9","0","3",,"2","001","-","N",,0,0,,,0,,,,"Y",1,"A","-",21650,,"N","A","H","-","A","A","0","Y","A","01",0,0,1,0,0,0,0,0,0,"-","-","UNINCORPORATED","EL DORADO","CA",0,0
"2788320",0,0,2006,"0900","4","3","4","09",0,1,"A",,,"Y",,,900,9,"D","C","A","MOUNT AUKUM RD","OUTINGDALE RD",0,,"Y","2006-12-19",9245,"2006-09-06",605,"00920",,"1","9","0","2",,"1","042","-","N",,0,0,,,0,,,,"Y",2,"A","-",21801,"A","N","A","H","-","D","D","0","Y","A","07",0,0,1,0,0,0,0,0,1,"-","-","UNINCORPORATED","EL DORADO","CA",0,0
"2790520",-120.814923027,38.730025188,2006,"0901","2","6","4","03",0,2,"A",,,,,,2400,9,"C","C","A","RT 50","PLACERVILLE DR",67,"E","N","2007-01-12",9245,"2006-09-16",2200,"11480",,"3","2","0","1",,"2","120","-","Y","ED",3,50,"-","-",17.03,"H","-","E","Y",2,"A","-",22350,,"N","A","D","-","D","A","1","Y","A","01",0,0,2,0,0,0,0,0,0,"-","-","PLACERVILLE","EL DORADO","CA",0,0
"2790559",-120.752241844,38.6759719849,2006,"0900","4","5","3","03",0,1,"A",,,,,,1500,9,"C","C","A","PLEASANT VALLEY RD","HANKS EXCHANGE RD",20,"E","N","2007-01-10",9245,"2006-09-08",1430,"01130",,"2","9","0","2",,"1","041","-","N",,0,0,,,0,,,,"N",2,"A","-",22350,,"N","A","H","-","A","D","0","Y","A","07",0,1,0,0,0,0,0,0,0,"-","-","UNINCORPORATED","EL DORADO","CA",0,0
"2791043",-120.846272222,38.572651483,2006,"0900","3","2","4","01",0,1,"A",,,,,"Y",2400,9,"E","I","A","RT 49","SANDRIDGE RD",6336,"S","N","2007-01-04",9245,"2006-09-05",2240,"13147",,"3","9","0","1",,"1","135","-","Y","ED",3,49,"-","-",1.57,"H","-","S","Y",1,"A","-",23152,"A","N","A","H","-","D","A","0","Y","A","07",0,0,1,0,0,0,0,0,0,"-","-","UNINCORPORATED","EL DORADO","CA",0,0
"2791107",-120.995146001,38.6990890503,2006,"0900","4","2","3","09",0,1,"A",,,,,,2400,9,"D","C","A","GREEN VALLEY RD","STARBUCK RD",135,"E","N","2006-12-23",9245,"2006-09-12",2138,"12833",,"2","9","0","2",,"1","011","-","N",,0,0,,,0,,,,"Y",2,"A","-",21801,"A","N","A","H","-","C","D","0","Y","A","01",0,1,0,0,0,0,0,0,0,"-","-","UNINCORPORATED","EL DORADO","CA",0,0
"2797075",-120.030212924,38.926445265,2006,"0900","3","2","1","17",1,4,"A",,,,,,1500,7,"E","I","A","RT 89","POPE BEACH ENT",2640,"S","N","2006-09-29",9246,"2006-07-18",1430,"01440",,"2","9","0","1",,"1","030","-","Y","ED",3,89,"-","-",10.27,"H","-","S","Y",1,"A","-",21662,,"N","A","H","-","A","D","0","Y","A","08",3,1,0,0,0,0,0,0,0,"-","-","UNINCORPORATED","EL DORADO","CA",0,0
"2797079",-120.027983802,38.822928622,2006,"0900","2","6","1","01",1,1,"A",,,"Y",,"Y",2100,7,"A","C","A","RT 50","OLD MEYERS GRADE",788,"W","N","2007-02-05",9246,"2006-07-15",1927,"01430",,"2","9","0","1",,"1","021","-","Y","ED",3,50,"-","-",67.5,"H","-","W","Y",2,"A","-",23152,"A","N","A","H","-","A","D","0","Y","C","02",0,0,1,0,0,0,0,1,0,"-","-","UNINCORPORATED","EL DORADO","CA",0,0
"2797098",-120.649389107,38.5997009277,2006,"0900","5","2","4","00",0,1,"A",,,"Y",,,1800,8,"B","C","A","SLUG GULCH RD","BOONDOCK TRL",125,"W","N","2006-12-13",9245,"2006-08-15",1630,"01283","2","2","9","0","3",,"2","001","-","N",,0,0,,,0,,,,"N",2,"D","-",0,,"N","A","H","-","A","D","0","Y","-","-",0,0,1,0,0,0,0,0,1,"-","-","UNINCORPORATED","EL DORADO","CA",0,0
"2797102",-120.814923027,38.730025188,2006,"0901","2","7","4","03",0,2,"A",,,,,,2400,9,"C","C","A","RT 50","PLACERVILLE DR",67,"E","N","2007-03-07",9245,"2006-09-10",2200,"11480",,"3","2","0","1",,"2","120","-","Y","ED",3,50,"-","-",17.03,"H","-","E","Y",2,"A","-",22350,,"N","A","D","-","D","A","1","Y","A","01",0,0,2,0,0,0,0,0,0,"-","-","PLACERVILLE","EL DORADO","CA",0,0
"2801287",0,0,2006,"0900","4","5","3","08",0,1,"A",,,,,,900,9,"E","I","A","SALMON FALLS RD","SALMON VALLEY",375,"N","N","2006-12-23",9245,"2006-09-15",855,"10315",,"1","9","0","2",,"1","012","-","N",,0,0,,,0,,,,"Y",1,"A","-",22107,,"N","A","H","-","A","D","0","Y","A","07",0,1,0,0,0,0,0,0,0,"-","-","UNINCORPORATED","EL DORADO","CA",0,0
"2801303",-120.869052425,38.7406234741,2006,"0900","4","5","3","05",0,1,"A",,,,,,1800,9,"E","I","A","COLD SPRINGS RD","SALLY LN",348,"N","N","2006-12-23",9245,"2006-09-15",1500,"8982",,"2","9","0","2",,"1","014","-","N",,0,0,,,0,,,,"Y",1,"A","-",21650,,"N","A","H","-","A","D","0","Y","A","01",0,1,0,0,0,0,0,0,0,"-","-","UNINCORPORATED","EL DORADO","CA",0,0
"2801315",0,0,2006,"0900","5","5","3","03",0,1,"A",,,,,,2100,9,"E","H","A","WENTWORTH SPRINGS RD","STUMPY MEADOWS DAM",33264,"E","N","2006-12-23",9245,"2006-09-08",2050,"01327",,"2","9","0","3",,"2","002","-","N",,0,0,,,0,,,,"Y",1,"A","-",22350,,"N","A","H","-","D","D","0","Y","A","01",0,1,0,0,0,0,0,0,0,"-","-","UNINCORPORATED","EL DORADO","CA",0,0
"2801323",-120.731171955,38.7214736938,2006,"0900","4","4","3","08",0,3,"A",,,,,,1500,9,"E","I","A","NEWTOWN RD","HALFMOON DR",1584,"S","N","2006-12-23",9245,"2006-09-21",1350,"01038",,"1","9","0","2",,"1","045","-","N",,0,0,,,0,,,,"Y",1,"A","-",22107,,"N","A","H","-","A","D","0","Y","A","01",0,2,1,0,0,0,0,0,0,"-","-","UNINCORPORATED","EL DORADO","CA",0,0
"2801335",-120.848240112,38.6824760437,2006,"0900","4","1","3","08",0,1,"A",,,"Y",,,1800,9,"D","C","A","PLEASANT VALLEY RD","CHURCH ST",94,"E","N","2006-12-23",9245,"2006-09-18",1605,"00912",,"2","9","0","2",,"1","037","-","N",,0,0,,,0,,,,"Y",2,"A","-",22102,,"N","A","H","-","A","D","0","Y","D","22",0,1,0,0,0,0,0,0,1,"-","-","UNINCORPORATED","EL DORADO","CA",0,0
"2801346",0,0,2006,"0900","4","4","2","03",0,1,"A",,,"Y",,,1800,9,"E","I","A","SALMON FALLS RD","POINT VIEW DR",106,"N","N","2006-12-23",9245,"2006-09-21",1620,"00959",,"2","9","0","2",,"1","012","-","N",,0,0,,,0,,,,"Y",1,"A","-",22350,,"N","A","H","-","A","D","0","Y","C","02",1,0,0,0,0,0,0,0,1,"-","-","UNINCORPORATED","EL DORADO","CA",0,0
"2804951",-120.682633159,38.5731201172,2006,"0900","4","5","1","05",1,4,"A",,,,,,1800,8,"A","C","A","OMO RANCH RD","SHENANDOAH LN",218,"E","N","2007-06-21",9245,"2006-08-04",1755,"00898","EL D","2","9","0","2",,"1","042","-","N",,0,0,,,0,,,,"Y",2,"A","-",21460,"A","N","A","H","-","A","D","0","Y","A","07",0,1,3,0,0,0,0,0,0,"-","-","UNINCORPORATED","EL DORADO","CA",0,0
"2805014",0,0,2006,"0900","4","5","3","05",0,2,"A",,,,"Y",,900,8,"B","C","A","SLY PARK RD","NORTHERN LIGHTS RD",1065,"N","N","2006-12-14",9245,"2006-08-25",725,"13248",,"1","9","1","2",,"1","043","-","N",,0,0,,,0,,,,"Y",2,"A","-",21460,"A","N","A","H","-","A","D","0","Y","G","27",0,1,1,0,0,0,0,0,0,"-","-","UNINCORPORATED","EL DORADO","CA",0,0
"2805018",-120.847026685,38.6778106689,2006,"0900","5","1","3","18",0,1,"A",,,,,,1800,9,"H","A","A","UNION MINE RD","EL DORADO ST",500,"S","N","2006-12-29",9245,"2006-09-25",1525,"01151",,"2","9","1","3",,"2","004","-","N",,0,0,,,0,,,,"N",1,"C","-",0,,"N","A","H","-","A","D","0","Y","-","-",0,1,0,0,0,0,0,0,0,"-","-","UNINCORPORATED","EL DORADO","CA",0,0
"2805063",0,0,2006,"0900","4","6","3","03",0,2,"A",,,"Y",,,1200,8,"F","A","A","SLY PARK RD","PARK WOODS DR",167,"N","N","2006-12-14",9245,"2006-08-26",1025,"01324",,"1","9","0","2",,"1","043","-","N",,0,0,,,0,,,,"Y",2,"A","-",22350,,"N","A","H","-","A","D","0","Y","-","-",0,2,0,0,0,0,0,0,2,"-","-","UNINCORPORATED","EL DORADO","CA",0,0
"2805282",-120.893413048,38.802095187,2006,"0900","3","6","3","05",0,2,"A",,,"Y",,,1500,9,"F","A","A","RT 49","RIVERWOOD DR",10560,"N","N","2007-01-04",9245,"2006-09-23",1310,"01084",,"1","9","0","1",,"1","115","-","Y","ED",3,49,"-","-",22.57,"H","-","N","Y",1,"A","-",21650,,"N","A","H","-","A","D","0","Y","C","02",0,1,1,0,0,0,0,0,2,"-","-","UNINCORPORATED","EL DORADO","CA",0,0
"2805302",-121.066729808,38.7119293213,2006,"0900","4","7","4","03",0,4,"A",,,,,,1500,9,"C","C","A","GREEN VALLEY RD","LOCH WY",245,"E","N","2006-12-26",9245,"2006-09-24",1315,"01038",,"1","9","0","2",,"1","011","-","N",,0,0,,,0,,,,"Y",2,"A","-",22350,,"N","A","H","-","A","D","0","Y","A","01",0,0,4,0,0,0,0,0,0,"-","-","UNINCORPORATED","EL DORADO","CA",0,0
"2805314",-120.528811902,38.760312162,2006,"0900","2","3","4","09",0,3,"A",,,,,,1200,9,"D","C","A","RT 50","FOREST RD",0,,"Y","2007-01-12",9245,"2006-09-20",945,"01334",,"1","9","0","1",,"1","160","-","Y","ED",3,50,"-","-",34.38,"I","6","E","Y",2,"A","-",21801,"A","N","A","H","-","A","D","1","Y","J","48",0,0,3,0,0,0,0,0,0,"-","-","UNINCORPORATED","EL DORADO","CA",0,0
"2805337",-121.066793061,38.6745147705,2006,"0900","5","2","4","12",0,1,"A",,,,,,900,9,"D","C","A","SILVA VALLEY PKY","WALKER PARK DR",0,,"Y","2006-12-26",9245,"2006-09-26",720,"01084",,"1","9","0","3",,"2","001","-","N",,0,0,,,0,,,,"Y",2,"A","-",22450,"A","N","A","H","-","A","A","0","Y","A","01",0,0,1,0,0,0,0,0,0,"-","-","UNINCORPORATED","EL DORADO","CA",0,0
"2805349",-120.698800889,38.6902885437,2006,"0900","4","2","3","01",0,1,"A",,,,,"Y",2100,9,"E","I","A","PLEASANT VALLEY RD","BLUFF RD",80,"W","N","2006-12-26",9245,"2006-09-12",1915,"8982",,"2","9","0","2",,"1","041","-","N",,0,0,,,0,,,,"Y",1,"A","-",23152,"A","N","A","H","-","D","D","0","Y","A","01",0,1,0,0,0,0,0,0,0,"-","-","UNINCORPORATED","EL DORADO","CA",0,0
"2805353",0,0,2006,"0900","5","2","3","01",0,1,"A",,,,,"Y",2100,9,"E","I","A","GREENSTONE RD","SOUTH SILVAN LN",195,"N","N","2006-12-26",9245,"2006-09-19",1800,"01283",,"2","9","0","3",,"2","001","-","N",,0,0,,,0,,,,"Y",1,"A","-",23152,"A","N","A","H","-","A","D","0","Y","A","01",0,1,0,0,0,0,0,0,0,"-","-","UNINCORPORATED","EL DORADO","CA",0,0
"2805357",0,0,2006,"0900","5","1","4","09",0,1,"A",,,,,,1200,9,"D","C","A","VILLAGIO DR","TARVISIO WY",0,,"Y","2006-12-26",9245,"2006-09-25",1135,"01084",,"1","9","0","3",,"2","001","-","N",,0,0,,,0,,,,"N",2,"A","-",21802,"A","N","A","H","-","A","D","0","Y","A","07",0,0,1,0,0,0,0,0,0,"-","-","UNINCORPORATED","EL DORADO","CA",0,0
"2813988",-120.390030201,38.9534034729,2006,"0900","5","6","1","05",1,0,"A",,,"Y",,,1200,7,"E","I","A","WENTWORTH SPRINGS RD","ICE HOUSE RD",8976,"W","N","2006-10-06",9245,"2006-07-29",1140,"01334",,"1","9","0","3",,"2","002","-","N",,0,0,,,0,,,,"Y",1,"A","-",21650,,"N","A","H","-","A","D","0","Y","C","02",0,0,0,0,0,0,0,1,0,"-","-","UNINCORPORATED","EL DORADO","CA",0,0
"2813992",0,0,2006,"0900","4","5","4","03",0,1,"A",,,,,,2100,9,"C","C","A","GREEN VALLEY RD","SOPHIA PKWY",511,"W","N","2007-01-03",9245,"2006-09-22",1805,"00912",,"2","9","0","2",,"1","011","-","N",,0,0,,,0,,,,"Y",2,"A","-",22350,,"N","A","H","-","A","A","0","Y","A","01",0,0,1,0,0,0,0,0,0,"-","-","UNINCORPORATED","EL DORADO","CA",0,0
"2814000",-120.827643026,38.7045440674,2006,"0900","4","1","4","09",0,1,"A",,,,,,1500,9,"D","C","A","MISSOURI FLAT RD","GOLDEN CENTER DR",0,,"Y","2007-01-03",9245,"2006-09-11",1305,"12720",,"1","9","0","2",,"1","037","-","N",,0,0,,,0,,,,"Y",2,"A","-",21802,"A","N","A","H","-","A","A","0","Y","A","01",0,0,1,0,0,0,0,0,0,"-","-","UNINCORPORATED","EL DORADO","CA",0,0
"2814001",-120.835204457,38.9102249146,2006,"0900","5","5","2","01",0,1,"A",,,,,"Y",2100,9,"E","I","A","WENTWORTH SPRINGS RD","SCHOOL ST",528,"E","N","2007-01-03",9245,"2006-09-22",1815,"01161",,"2","9","0","3",,"2","002","-","N",,0,0,,,0,,,,"Y",1,"A","-",23152,"A","N","A","H","-","A","D","0","Y","D","22",1,0,0,0,0,0,0,0,0,"-","-","UNINCORPORATED","EL DORADO","CA",0,0
"2814016",-120.802629486,38.729131165,2006,"0901","0","4","4","03",0,1,"A",,,,,,1800,9,"C","C","A","RT 50","COLOMA ST",0,,"N","2007-01-12",901,"2006-09-07",1710,"252","0901","5","2","0","0",,"0","PP1","-","Y","ED",3,50,"-","-",17.8,"H","-","W",,2,"A","-",22350,,"N","A","H","-","A","D","0","Y","A",,0,0,1,0,0,0,0,0,0,"-","-","PLACERVILLE","EL DORADO","CA",0,0
"2814044",-120.798471674,38.730387555,2006,"0901","0","2","4","03",0,5,"A",,,,"Y",,1800,9,"C","C","A","RT 50","BEDFORD AV",212,"E","N","2007-01-10",901,"2006-09-12",1702,"237","0901","5","2","0","0",,"0","PP2","-","Y","ED",3,50,"-","-",18.07,"H","-","W","Y",6,"A","-",22350,,"N","A","H","-","A","A","0","Y","F",,0,0,5,0,0,0,0,0,0,"-","-","PLACERVILLE","EL DORADO","CA",0,0
"2814048",-120.799133744,38.730491668,2006,"0901","0","6","4","12",0,1,"A",,,,,"Y",1200,9,"D","C","A","RT 50","BEDFORD AV",0,,"Y","2006-11-06",901,"2006-09-16",1042,"252","0901","5","2","0","0",,"0","PP2","-","Y","ED",3,50,"-","-",18.032,"I","5","W","Y",2,"A","-",21453,"A","N","A","H","-","A","A","0","Y","-","-",0,0,1,0,0,0,0,0,0,"-","-","PLACERVILLE","EL DORADO","CA",0,0
"2814577",-120.578282993,38.7629966736,2006,"0900","4","7","3","09",0,1,"A",,,,,,1200,9,"D","C","A","PONY EXPRESS TRL","FOREBAY RD",0,,"Y","2006-12-30",9245,"2006-09-03",1055,"01324",,"1","9","0","2",,"1","025","-","N",,0,0,,,0,,,,"N",2,"A","-",21802,"A","N","A","H","-","A","A","0","Y","A","07",0,1,0,0,0,0,0,0,0,"-","-","UNINCORPORATED","EL DORADO","CA",0,0
"2814597",-120.840823616,38.681951416,2006,"0900","3","4","4","12",0,1,"A",,,,,,1500,9,"A","C","A","RT 49","KOKI LN",0,,"Y","2007-01-10",9245,"2006-09-21",1400,"10315",,"2","9","0","1",,"1","135","-","Y","ED",3,49,"-","-",10.015,"I","5","N","Y",2,"A","-",21453,"A","N","A","H","-","A","A","0","Y","A","01",0,0,1,0,0,0,0,0,0,"-","-","UNINCORPORATED","EL DORADO","CA",0,0
"2814605",-120.749293964,38.676700592,2006,"0900","4","7","4","09",0,1,"A",,,,,,1200,9,"D","C","A","PLEASANT VALLEY RD","DEMYHIG LN",1087,"W","N","2007-01-04",9245,"2006-09-17",1135,"01189",,"1","9","0","2",,"1","041","-","N",,0,0,,,0,,,,"Y",2,"A","-",21801,"A","N","A","H","-","A","D","0","Y","A","01",0,0,1,0,0,0,0,0,0,"-","-","UNINCORPORATED","EL DORADO","CA",0,0
"2814609",-121.006407691,38.7141609192,2006,"0900","5","3","4","08",0,2,"A",,,,,,2100,9,"E","I","A","STARBUCK RD","BUCKHORN LN",792,"N","N","2007-01-03",9245,"2006-09-27",1810,"00911",,"2","9","0","3",,"2","001","-","N",,0,0,,,0,,,,"Y",1,"A","-",22107,,"N","A","H","-","A","D","0","Y","A","01",0,0,2,0,0,0,0,0,0,"-","-","UNINCORPORATED","EL DORADO","CA",0,0
"2816092",-120.111082349,38.803322325,2006,"0900","2","5","3","03",0,1,"A",,,,,,1800,9,"F","I","A","RT 50","SAYLES CANYON TRACT",295,"W","N","2007-01-04",9246,"2006-09-22",1640,"01005",,"2","9","0","1",,"1","020","-","Y","ED",3,50,"-","-",61.34,"H","-","E","Y",1,"A","-",22350,,"N","A","H","-","A","D","0","Y","A","01",0,1,0,0,0,0,0,0,0,"-","-","UNINCORPORATED","EL DORADO","CA",0,0