"CASEID","POINT_X","POINT_Y","YEAR_","LOCATION","CHPTYPE","DAYWEEK","CRASHSEV","VIOLCAT","KILLED","INJURED","WEATHER1","PEDCOL","BICCOL","MCCOL","TRUCKCOL","ETOH","TIMECAT","MONTH_","CRASHTYP","INVOLVE","PED","PRIMARYRD","SECONDRD","DISTANCE","DIRECT","INTERSECT_","PROCDATE","JURIS","DATE_","TIME_","BADGE","JURIDIST","SHIFT","POP","SPECIAL","BEATTYPE","LAPDDIV","BEATCLAS","BEATNUMB","WEATHER2","STATEHW","CALTRANC","CALTRAND","STROUTE","ROUTESUF","POSTPRE","POSTMILE","LOCATYPE","RAMP","SIDEHW","TOWAWAY","PARTIES","PCF","VIOLCODE","VIOL","VIOLSUB","HITRUN","ROADSURF","RDCOND1","RDCOND2","LIGHTING","RIGHTWAY","CHPRDTYP","NOTPRIV","STFAULT","CHPFAULT","SEVINJ","OTHERINJ","COP","PEDKILL","PEDINJ","BICKILL","BICINJ","MCKILL","MCINJURE","RAMP1","RAMP2","CITY","COUNTY","STATE","X_CHP","Y_CHP"
"3003653",-119.977150004,38.937577027,2006,"0902","0","3","4","01",0,1,"A",,,,,"Y",1800,10,"C","C","A","LAKE TAHOE BL","LYONS AV",126,"W","N","2007-02-21",902,"2006-10-11",1553,"160",,"5","3","0","0",,"0",,"-","Y","ED",3,50,"-","-",77.75,"H","-","E","Y",2,"A","-",23152,"A","N","A","H","-","A","D","0","Y","-","-",0,0,1,0,0,0,0,0,0,"-","-","SOUTH LAKE TAHOE","EL DORADO","CA",0,0
"3003657",-119.956692914,38.9408569336,2006,"0902","0","3","3","03",0,1,"A",,,,,,2100,10,"A","I","A","BLACKWOOD RD","SPRUCE AV",0,,"Y","2007-02-14",902,"2006-10-11",2006,"162","ELDO","5","3","0","0",,"0","022","-","N",,0,0,,,0,,,,"Y",1,"A","-",22350,,"N","A","H","-","D","A","0","Y","-","-",0,1,0,0,0,0,0,0,0,"-","-","SOUTH LAKE TAHOE","EL DORADO","CA",0,0
"3003658",-119.966409135,38.9445724487,2006,"0902","0","7","4","03",0,1,"D",,,,,,1200,12,"D","C","A","FAIRWAY AV","JOHNSON BL",21,"E","-","2007-02-22",902,"2006-12-10",958,"158",,"5","3","0","0",,"0","022","-","N",,0,0,,,0,,,,"N",2,"A","-",22350,,"N","C","H","-","A","D","0","Y","A",,0,0,1,0,0,0,0,0,0,"-","-","SOUTH LAKE TAHOE","EL DORADO","CA",0,0
"3003661",-119.996192857,38.918765912,2006,"0902","0","2","3","10",0,1,"B","Y",,,,,2100,10,"G","B","B","RT 50","TAHOE KEYS BL",8,"W","N","2007-02-21",902,"2006-10-10",1911,"140",,"5","3","0","0",,"0","024","-","Y","ED",3,50,"-","-",76.03,"H","-","W","N",2,"A","-",21950,"A","N","A","H","-","C","A","0","Y","D",,0,1,0,0,1,0,0,0,0,"-","-","SOUTH LAKE TAHOE","EL DORADO","CA",0,0
"3003662",-119.943577326,38.957000291,2006,"0902","0","7","4","03",0,2,"A",,,,,"Y",2100,12,"C","C","A","LAKE TAHOE BL","FRIDAY AV",0,,"Y","2007-03-01",902,"2006-12-31",1947,"160",,"5","3","0","0",,"0",,"-","Y","ED",3,50,"-","-",80.265,"I","5","W","N",2,"A","-",22350,,"N","A","H","-","C","A","0","Y","A","07",0,0,2,0,0,0,0,0,0,"-","-","SOUTH LAKE TAHOE","EL DORADO","CA",0,0
"3003663",0,0,2006,"0902","0","6","4","11",0,1,"A","Y",,,,,2400,9,"G","B","E","CAMPIAN CIR","CRANESBILL",0,,"Y","2007-02-14",902,"2006-09-30",2219,"176",,"5","3","0","0",,"0",,"-","N",,0,0,,,0,,,,,2,"A","-",21956,"A","N","A","H","-","C","D","0","Y","N",,0,0,1,0,1,0,0,0,0,"-","-","SOUTH LAKE TAHOE","EL DORADO","CA",0,0
"3003666",-119.992947442,38.920931035,2006,"0902","0","6","4","09",0,1,"A",,,,,,1500,9,"B","C","A","LAKE TAHOE BL","TRUCKEE AV",470,"E","N","2007-03-05",902,"2006-09-02",1330,"175","0902","5","3","0","0",,"0","EAS","-","Y","ED",3,50,"-","-",76.26,"H","-","W","Y",2,"A","-",21804,"A","N","A","H","-","A","D","0","Y","A",,0,0,1,0,0,0,0,0,0,"-","-","SOUTH LAKE TAHOE","EL DORADO","CA",0,0
"3003670",-119.977152917,38.940478084,2006,"0902","0","2","4","05",0,1,"D",,,,,,1500,12,"A","C","A","RT 50","SAN FRANCISCO",85,"W","N","2007-03-05",902,"2006-12-12",1200,"163",,"5","3","0","0",,"0",,"-","Y","ED",3,50,"-","-",77.95,"H","-","E","N",3,"A","-",21651,"B","N","C","H","-","A","D","0","Y","-",,0,0,1,0,0,0,0,0,0,"-","-","SOUTH LAKE TAHOE","EL DORADO","CA",0,0
"3003673",-119.995910562,38.918954028,2006,"0902","0","7","4","04",0,1,"A",,,,,,1800,10,"C","C","A","RT 50","TAHOE KEYS BL",0,,"Y","2007-02-21",902,"2006-10-22",1635,"163","0902","5","3","0","0",,"0",,"-","Y","ED",3,50,"-","-",76.05,"H","-","W","N",2,"A","-",21703,,"N","A","H","-","A","A","0","Y","A",,0,0,1,0,0,0,0,0,0,"-","-","SOUTH LAKE TAHOE","EL DORADO","CA",0,0
"3003674",-119.974716959,38.9344024658,2006,"0902","0","1","3","01",0,1,"A",,,,,"Y",600,9,"E","I","A","AL TAHOE BL","LAKE TAHOE BL",870,"S","N","2007-02-14",902,"2006-09-04",309,"182","0902","5","3","0","0",,"0","EAS","-","N",,0,0,,,0,,,,"Y",1,"A","-",23152,,"N","A","H","-","D","A","0","Y","A",,0,1,0,0,0,0,0,0,0,"-","-","SOUTH LAKE TAHOE","EL DORADO","CA",0,0
"3004961",-120.973713044,38.65957517,2007,"0900","4","3","4","05",0,2,"A",,,,,,2100,1,"E","I","A","CAMERON PARK DR","RT 50",15,"S","N","2007-06-05",9245,"2007-01-17",1810,"10059",,"2","9","0","2",,"1","015","-","Y","ED",3,50,"-","-",6.44,"R","4","W","Y",1,"A","-",21650,,"N","A","H","-","C","D","1","Y","D","22",0,0,2,0,0,0,0,0,0,"-","W","UNINCORPORATED","EL DORADO","CA",0,0
"3004981",-120.851329599,38.619490379,2007,"0900","3","7","3","03",0,4,"A",,,,,,2100,1,"E","I","A","RT 49","CRYSTAL BL",5280,"S","N","2007-05-30",9245,"2007-01-21",1905,"11619",,"2","9","0","1",,"1","135","-","Y","ED",3,49,"-","-",5.13,"H","-","S","Y",1,"A","-",22350,,"N","A","H","-","D","D","0","Y","A","01",0,4,0,0,0,0,0,0,0,"-","-","UNINCORPORATED","EL DORADO","CA",0,0
"3005005",-120.738481907,38.738272717,2007,"0900","2","4","3","05",0,1,"A",,,,,,600,1,"F","A","A","RT 50","STILL MEADOW RD",2112,"W","N","2007-06-06",9245,"2007-01-18",405,"01189",,"3","9","0","1",,"2","140","-","Y","ED",3,50,"-","-",21.66,"H","-","W","Y",1,"A","-",21650,,"N","A","H","-","D","D","1","Y","A","01",0,1,0,0,0,0,0,0,0,"-","-","UNINCORPORATED","EL DORADO","CA",0,0
"3006703",-121.092815942,38.7088050842,2007,"0900","4","2","4","03",0,4,"A",,,,,,1500,1,"C","C","A","GREEN VALLEY RD","MILLER RD",248,"W","N","2007-05-19",9245,"2007-01-09",1430,"01383",,"2","9","0","2",,"1","011","-","N",,0,0,,,0,,,,"Y",2,"A","-",22350,,"N","A","D","-","A","D","0","Y","A","08",0,0,4,0,0,0,0,0,0,"-","-","UNINCORPORATED","EL DORADO","CA",0,0
"3006707",-121.098762563,38.7065696716,2007,"0900","4","2","4","03",0,1,"A",,,,,,1800,1,"C","C","A","GREEN VALLEY RD","MORMON ISLAND DR",42,"E","N","2007-05-19",9245,"2007-01-09",1515,"01383",,"2","9","0","2",,"1","011","-","N",,0,0,,,0,,,,"Y",2,"A","-",22350,,"N","A","H","-","A","D","0","Y","A","07",0,0,1,0,0,0,0,0,0,"-","-","UNINCORPORATED","EL DORADO","CA",0,0
"3011390",0,0,2007,"0900","4","6","4","08",0,1,"A",,,,,,2100,1,"F","A","A","GREEN VALLEY RD","WEST GREEN SPRINGS RD",528,"E","N","2007-05-03",9245,"2007-01-27",1840,"01383",,"2","9","0","2",,"1","011","-","N",,0,0,,,0,,,,"N",1,"A","-",22107,,"N","A","H","-","D","D","0","Y","A","07",0,0,1,0,0,0,0,0,0,"-","-","UNINCORPORATED","EL DORADO","CA",0,0
"3011406",-120.71724391,38.798866272,2007,"0900","5","4","4","08",0,1,"A",,,,,,2400,1,"E","I","A","PEYCOS DR","HIGH GRADE ST",528,"S","N","2007-05-03",9245,"2007-01-25",2330,"00912",,"3","9","0","3",,"2","002","-","N",,0,0,,,0,,,,"N",1,"A","-",22107,,"N","A","H","-","D","D","0","Y","D","22",0,0,1,0,0,0,0,0,0,"-","-","UNINCORPORATED","EL DORADO","CA",0,0
"3011418",-120.830015337,38.69020251,2007,"0900","3","2","4","03",0,2,"A",,,,,,1800,1,"C","C","A","RT 49","PATTERSON DR",1056,"N","N","2007-05-11",9245,"2007-01-09",1750,"01324",,"2","9","0","1",,"1","135","-","Y","ED",3,49,"-","-",10.86,"H","-","S","Y",2,"A","-",22350,,"N","A","H","-","D","D","0","Y","A","01",0,0,2,0,0,0,0,0,0,"-","-","UNINCORPORATED","EL DORADO","CA",0,0
"3011422",-121.007031349,38.6534080505,2007,"0900","5","1","3","01",0,2,"A",,,,,"Y",2100,1,"E","I","A","THOREAU DR","CANFIELD CIR",128,"N","N","2007-05-04",9245,"2007-01-29",1825,"10059",,"2","9","0","3",,"2","003","-","N",,0,0,,,0,,,,"Y",1,"A","-",23152,"A","N","A","H","-","C","D","0","Y","-","-",0,2,0,0,0,0,0,0,0,"-","-","UNINCORPORATED","EL DORADO","CA",0,0
"3011783",-120.818150405,38.693806102,2007,"0900","3","4","4","03",0,1,"A",,,,,,1200,1,"C","C","A","RT 49","HOWARD CIR",0,,"Y","2007-05-21",9245,"2007-01-25",955,"01314",,"1","9","0","1",,"1","135","-","Y","ED",3,49,"-","-",11.572,"I","5","N","N",3,"A","-",22350,,"N","A","H","-","A","A","0","Y","E","22",0,0,1,0,0,0,0,0,0,"-","-","UNINCORPORATED","EL DORADO","CA",0,0
"3011814",-120.787393018,38.6900749207,2007,"0900","4","1","3","09",0,2,"A",,,,,,1800,1,"D","C","A","PLEASANT VALLEY RD","BIG CUT RD",0,,"Y","2007-05-11",9245,"2007-01-15",1725,"01346",,"2","9","0","2",,"1","041","-","N",,0,0,,,0,,,,"Y",2,"A","-",21802,"A","N","A","H","-","B","A","0","Y","D","22",0,1,1,0,0,0,0,0,0,"-","-","UNINCORPORATED","EL DORADO","CA",0,0
"3011826",-120.262683021,38.77738947,2007,"0900","2","2","4","05",0,1,"A",,,,,,1500,1,"D","C","A","RT 50","KYBURZ DR",9560,"E","N","2007-09-13",9245,"2007-01-30",1340,"00920",,"1","9","0","1",,"1","170","-","Y","ED",3,50,"-","-",50.9,"H","-","W","Y",2,"A","-",21460,"A","N","A","H","-","A","D","0","Y","A","01",0,0,1,0,0,0,0,0,0,"-","-","UNINCORPORATED","EL DORADO","CA",0,0
"3011830",0,0,2007,"0900","5","2","3","01",0,1,"A",,,,,"Y",2100,1,"E","I","A","SERRANO PKY","MIRALO DR",100,"W","N","2007-05-11",9245,"2007-01-23",1910,"01130",,"2","9","0","3",,"2","001","-","N",,0,0,,,0,,,,"N",1,"A","-",23152,"A","N","A","H","-","C","D","0","Y","A","01",0,1,0,0,0,0,0,0,0,"-","-","UNINCORPORATED","EL DORADO","CA",0,0
"3011834",-120.867595135,38.720287323,2006,"0900","4","5","2","05",0,2,"A",,,,,,2400,10,"A","C","A","GREEN VALLEY RD","MISSOURI FLAT RD",211,"W","N","2007-02-14",9245,"2006-10-27",2205,"10717",,"3","9","0","2",,"1","011","-","N",,0,0,,,0,,,,"Y",2,"A","-",21460,"A","N","A","H","-","D","D","0","Y","D","22",1,1,0,0,0,0,0,0,0,"-","-","UNINCORPORATED","EL DORADO","CA",0,0
"3019996",-120.802565056,38.729059173,2007,"0901","0","2","2","18",0,3,"A",,,,,,1800,1,"C","C","A","RT 50","CENTER ST",150,"E","N","2007-08-09",901,"2007-01-02",1719,"199",,"5","2","0","0",,"0","PP1","-","Y","ED",3,50,"-","-",17.83,"H","-","E","Y",3,"C","-",0,,"N","A","H","-","C","D","0","Y","-","-",1,0,2,0,0,0,0,0,0,"-","-","PLACERVILLE","EL DORADO","CA",0,0
"3022026",-120.66500095,38.7390403748,2007,"0900","4","2","3","05",0,2,"A",,,,,,1500,1,"A","C","A","PONY EXPRESS TRL","CARSON RD",456,"E","N","2007-05-03",9245,"2007-01-30",1455,"01130",,"2","9","0","2",,"1","025","-","N",,0,0,,,0,,,,"Y",2,"A","-",21460,"A","N","A","H","-","A","D","0","Y","D","22",0,2,0,0,0,0,0,0,0,"-","-","UNINCORPORATED","EL DORADO","CA",0,0
"3022294",-120.675913774,38.6936569214,2007,"0900","4","1","4","05",0,2,"B",,,,,,1200,2,"B","C","A","PLEASANT VALLEY RD","NEWTOWN RD",73,"W","N","2007-05-29",9245,"2007-02-05",1035,"01082",,"1","9","0","2",,"1","041","-","N",,0,0,,,0,,,,"Y",2,"A","-",21460,"A","N","A","H","-","A","A","0","Y","D","22",0,0,2,0,0,0,0,0,0,"-","-","UNINCORPORATED","EL DORADO","CA",0,0
"3029392",0,0,2007,"0900","4","1","4","01",0,1,"A",,,,,"Y",300,2,"E","I","A","SLY PARK RD","MAYFLOWER DR",453,"N","N","2007-06-08",9245,"2007-02-05",30,"10059",,"3","9","0","2",,"1","043","-","N",,0,0,,,0,,,,"Y",1,"A","-",23152,"A","N","A","H","-","D","D","0","Y","A","01",0,0,1,0,0,0,0,0,0,"-","-","UNINCORPORATED","EL DORADO","CA",0,0
"3029436",-120.841028979,38.6904640198,2007,"0900","4","3","3","05",0,1,"B",,,,,,1500,2,"F","A","A","FORNI RD","BLANCHARD RD",130,"W","N","2007-05-26",9245,"2007-02-07",1305,"01334",,"1","9","0","2",,"1","037","-","N",,0,0,,,0,,,,"Y",1,"A","-",21650,,"N","B","H","-","A","D","0","Y","A","01",0,1,0,0,0,0,0,0,0,"-","-","UNINCORPORATED","EL DORADO","CA",0,0
"3029454",-120.848977911,38.598947945,2007,"0900","3","6","3","05",0,1,"A",,,"Y",,,1500,2,"E","I","A","RT 49","UNION MINE RD",2125,"N","N","2007-06-08",9245,"2007-02-03",1430,"01283",,"2","9","0","1",,"1","135","-","Y","ED",3,49,"-","-",3.52,"H","-","S","N",1,"A","-",21650,,"N","A","H","-","A","D","0","Y","C","02",0,1,0,0,0,0,0,0,1,"-","-","UNINCORPORATED","EL DORADO","CA",0,0
"3029461",0,0,2007,"0900","5","1","3","03",0,1,"B",,,"Y",,,900,2,"C","C","A","HARVARD WY","EL DORADO HILLS BL",342,"E","N","2007-05-26",9245,"2007-02-05",820,"01189",,"1","9","0","3",,"2","001","-","N",,0,0,,,0,,,,"N",2,"A","-",22350,,"N","A","H","-","A","D","0","Y","C","02",0,1,0,0,0,0,0,0,1,"-","-","UNINCORPORATED","EL DORADO","CA",0,0
"3029462",-121.006795381,38.7149772644,2007,"0900","5","6","4","05",0,2,"A",,,,,,1800,2,"E","J","A","STARBUCK RD","HASTINGS DR",5280,"N","N","2007-05-26",9245,"2007-02-03",1600,"01130",,"2","9","0","3",,"2","001","-","N",,0,0,,,0,,,,"Y",1,"A","-",21650,,"N","A","H","-","A","D","0","Y","A","08",0,0,2,0,0,0,0,0,0,"-","-","UNINCORPORATED","EL DORADO","CA",0,0
"3029466",-120.82346139,38.6969261169,2007,"0900","4","4","3","05",0,1,"B",,"Y",,,,1200,2,"A","G","A","MISSOURI FLAT RD","ENTERPRISE DR",239,"N","N","2007-05-26",9245,"2007-02-01",1000,"00912",,"1","9","0","2",,"1","037","-","N",,0,0,,,0,,,,"N",2,"A","-",21650,"1","N","A","H","-","A","D","0","Y","L","04",0,1,0,0,0,0,1,0,0,"-","-","UNINCORPORATED","EL DORADO","CA",0,0
"3029469",-120.508397456,38.759918389,2007,"0900","2","7","4","05",0,1,"A",,,,,,1500,2,"F","A","A","RT 50","ICE HOUSE RD",30624,"E","N","2007-06-07",9245,"2007-02-04",1345,"01238",,"1","9","0","1",,"1","160","-","Y","ED",3,50,"-","-",35.57,"H","-","W","Y",1,"A","-",21650,,"N","A","H","-","A","A","1","Y","A","01",0,0,1,0,0,0,0,0,0,"-","-","UNINCORPORATED","EL DORADO","CA",0,0
"3029470",-120.732021645,38.737692707,2007,"0900","2","4","4","08",0,1,"B",,,,,,2100,2,"E","I","A","RT 50","STILL MEADOW RD",100,"W","N","2007-09-13",9245,"2007-02-01",1850,"01130",,"2","9","0","1",,"2","140","-","Y","ED",3,50,"-","R",22.09,"H","-","E","Y",2,"A","-",22107,,"N","A","H","-","D","D","1","Y","A","01",0,0,1,0,0,0,0,0,0,"-","-","UNINCORPORATED","EL DORADO","CA",0,0
"3029474",0,0,2007,"0900","5","7","3","05",0,1,"A",,,"Y",,,1500,2,"E","I","A","SILVA VALLEY PKY","TIMBERLINE RIDGE DR",136,"S","N","2007-05-26",9245,"2007-02-04",1320,"01082",,"1","9","0","3",,"2","001","-","N",,0,0,,,0,,,,"Y",1,"A","-",21650,,"N","A","H","-","A","D","0","Y","C","02",0,1,0,0,0,0,0,0,1,"-","-","UNINCORPORATED","EL DORADO","CA",0,0
"3029477",-120.974843045,38.6643638611,2007,"0900","4","7","3","09",0,1,"A",,"Y",,,,1200,2,"H","G","A","CAMERON PARK DR","HACIENDA RD",0,,"Y","2007-05-26",9245,"2007-02-04",900,"01082",,"1","9","0","2",,"1","015","-","N",,0,0,,,0,,,,"N",2,"A","-",21802,"A","N","A","H","-","A","A","0","Y","A","07",0,1,0,0,0,0,1,0,0,"-","-","UNINCORPORATED","EL DORADO","CA",0,0
"3029478",-121.032069741,38.6059646606,2007,"0900","4","1","3","01",0,1,"A",,,,,"Y",300,2,"F","A","A","LATROBE RD","WETSEL-OVIATT RD",3168,"S","N","2007-05-26",9245,"2007-02-05",40,"01383",,"3","9","0","2",,"1","031","-","N",,0,0,,,0,,,,"Y",1,"A","-",23152,"A","N","A","H","-","D","D","0","Y","D","22",0,1,0,0,0,0,0,0,0,"-","-","UNINCORPORATED","EL DORADO","CA",0,0
"3029481",-120.800265159,38.6943664551,2007,"0900","4","3","4","03",0,1,"A",,,,,,1500,1,"C","C","A","PLEASANT VALLEY RD","LA SIERRA DR",528,"E","N","2007-05-04",9245,"2007-01-31",1335,"01346",,"1","9","0","2",,"1","037","-","N",,0,0,,,0,,,,"Y",2,"A","-",22350,,"N","A","H","-","A","D","0","Y","A","01",0,0,1,0,0,0,0,0,0,"-","-","UNINCORPORATED","EL DORADO","CA",0,0
"3029489",-121.074913059,38.651665161,2007,"0900","4","2","3","12",0,1,"A",,,,,,1200,1,"D","C","A","EL DORADO HILLS BL","RT 50",0,,"Y","2007-05-21",9245,"2007-01-30",1140,"12720",,"1","9","0","2",,"1","012","-","Y","ED",3,50,"-","-",0.686,"R","4","W","Y",2,"A","-",21453,"A","N","A","H","-","A","A","1","Y","D","22",0,1,0,0,0,0,0,0,0,"-","W","UNINCORPORATED","EL DORADO","CA",0,0
"3029501",-120.840607929,38.905758249,2007,"0900","3","6","3","08",0,1,"A",,,,,,1500,2,"D","C","A","RT 193","POLLY LN",30,"W","N","2007-06-07",9245,"2007-02-03",1220,"01334",,"1","9","0","1",,"1","122","-","Y","ED",3,193,"-","-",12.24,"H","-","E","Y",2,"A","-",22107,,"N","A","H","-","A","D","0","Y","D","23",0,1,0,0,0,0,0,0,0,"-","-","UNINCORPORATED","EL DORADO","CA",0,0
"3029517",-121.086995573,38.647627184,2007,"0900","2","5","3","-",0,1,"A",,,,"Y",,1200,2,"B","C","A","RT 50","EL DORADO HILLS BL",1056,"W","N","2007-06-19",9245,"2007-02-02",925,"01314",,"1","9","0","1",,"2","110","-","Y","ED",3,50,"-","-",0.04,"H","-","W","Y",2,"A","-",0,,"N","A","H","-","A","A","1","Y","A","08",0,1,0,0,0,0,0,0,0,"-","-","UNINCORPORATED","EL DORADO","CA",0,0
"3030322",-120.441498787,38.768859009,2007,"0900","2","4","3","03",0,1,"C",,,,,,1200,2,"E","I","A","RT 50","ICE HOUSE RD",1584,"E","N","2007-06-19",9245,"2007-02-08",1135,"01334",,"1","9","0","1",,"1","160","-","Y","ED",3,50,"-","-",40.11,"H","-","W","Y",1,"A","-",22350,,"N","B","H","-","A","D","0","Y","A","07",0,1,0,0,0,0,0,0,0,"-","-","UNINCORPORATED","EL DORADO","CA",0,0
"3030334",-120.677121072,38.6811294556,2007,"0900","5","7","3","18",0,1,"A",,,"Y",,"Y",2100,2,"H","H","A","LEISURE LN","LEISURE CT",95,"S","N","2007-05-30",9245,"2007-02-04",1830,"00912",,"2","9","0","3",,"2","004","-","N",,0,0,,,0,,,,"Y",1,"C","-",0,,"N","A","H","-","D","D","0","Y","-","-",0,1,0,0,0,0,0,0,1,"-","-","UNINCORPORATED","EL DORADO","CA",0,0
"3030346",-121.010014629,38.65540987,2007,"0900","2","6","4","08",0,1,"B",,,,,,2100,2,"E","I","A","RT 50","CAMBRIDGE RD",3510,"W","N","2007-06-19",9245,"2007-02-10",2015,"01283",,"2","9","0","1",,"2","110","C","Y","ED",3,50,"-","-",4.4,"H","-","E","Y",1,"A","-",22107,,"N","B","H","-","D","D","1","Y","D","22",0,0,1,0,0,0,0,0,0,"-","-","UNINCORPORATED","EL DORADO","CA",0,0
"3030366",-120.984198549,38.657699629,2007,"0900","2","1","4","01",0,1,"B",,,,,"Y",2100,2,"E","I","A","RT 50","CAMERON PARK DR",4375,"W","N","2007-06-19",9245,"2007-02-12",1920,"01283",,"2","9","0","1",,"2","110","-","Y","ED",3,50,"-","-",5.75,"H","-","W","Y",1,"A","-",23152,"A","N","A","H","-","D","D","1","Y","A","01",0,0,1,0,0,0,0,0,0,"-","-","UNINCORPORATED","EL DORADO","CA",0,0
"3031547",-120.851209802,38.617316516,2007,"0900","3","2","1","08",1,0,"A",,,,,,900,1,"E","I","A","RT 49","CRYSTAL BL",6336,"S","N","2007-04-04",9245,"2007-01-02",725,"01350",,"1","9","0","1",,"1","135","-","Y","ED",3,49,"-","-",4.98,"H","-","S","Y",1,"A","-",22107,,"N","A","H","-","A","D","0","Y","A","01",0,0,0,0,0,0,0,0,0,"-","-","UNINCORPORATED","EL DORADO","CA",0,0
"3034881",-120.820316251,38.745794014,2007,"0900","3","3","3","03",0,1,"B",,,,,,1800,2,"E","I","A","RT 49","DIANA ST",250,"N","N","2007-06-13",9245,"2007-02-07",1545,"01350",,"2","9","0","1",,"1","115","-","Y","ED",3,49,"-","-",16.46,"H","-","S","Y",2,"A","-",22350,,"N","B","H","-","A","D","0","Y","A","01",0,1,0,0,0,0,0,0,0,"-","-","UNINCORPORATED","EL DORADO","CA",0,0
"3034885",-121.061582713,38.6362075806,2007,"0900","4","6","4","03",0,8,"B",,,,,,1800,2,"A","C","A","LATROBE RD","SUNCAST LN",345,"S","N","2007-06-05",9245,"2007-02-10",1745,"8982",,"2","9","0","2",,"1","031","C","N",,0,0,,,0,,,,"Y",2,"A","-",22350,,"N","B","H","-","D","D","0","Y","A","01",0,0,8,0,0,0,0,0,0,"-","-","UNINCORPORATED","EL DORADO","CA",0,0
"3034893",0,0,2007,"0900","5","7","4","05",0,1,"B",,,,,,1200,2,"E","I","A","MEDER RD","CHASEN DR",270,"E","N","2007-07-11",9245,"2007-02-11",945,"01314",,"1","9","0","3",,"2","001","-","N",,0,0,,,0,,,,"N",1,"A","-",21650,,"N","B","H","-","A","A","0","Y","A","01",0,0,1,0,0,0,0,0,0,"-","-","UNINCORPORATED","EL DORADO","CA",0,0
"3034897",-120.850305412,38.7130241394,2007,"0900","5","3","3","05",0,1,"A",,,,,,1200,2,"F","A","A","EL DORADO RD","SUNDANCE TRL",529,"N","N","2007-06-04",9245,"2007-02-14",1140,"01334",,"1","9","0","3",,"2","003","-","N",,0,0,,,0,,,,"Y",1,"A","-",21650,,"N","A","H","-","A","D","0","Y","A","07",0,1,0,0,0,0,0,0,0,"-","-","UNINCORPORATED","EL DORADO","CA",0,0
"3034901",-120.928317996,38.6724662781,2007,"0900","4","5","4","03",0,1,"C",,,,,,1800,2,"C","C","A","NORTH SHINGLE RD","EASTVIEW DR",400,"N","N","2007-06-05",9245,"2007-02-09",1540,"01130",,"2","9","0","2",,"1","013","-","N",,0,0,,,0,,,,"N",2,"A","-",22350,,"N","B","H","-","A","D","0","Y","A","01",0,0,1,0,0,0,0,0,0,"-","-","UNINCORPORATED","EL DORADO","CA",0,0
"3034917",-121.004193048,38.655825167,2007,"0900","2","3","4","09",0,1,"A",,,,,,2400,2,"D","C","A","RT 50","CAMBRIDGE RD",0,,"Y","2007-06-19",9245,"2007-02-07",2121,"01130",,"2","9","0","1",,"2","110","-","Y","ED",3,50,"-","-",4.733,"R","4","E","Y",2,"A","-",21802,"A","N","A","H","-","C","A","1","Y","A","01",0,0,1,0,0,0,0,0,0,"-","-","UNINCORPORATED","EL DORADO","CA",0,0
"3036380",-120.88052737,38.696610222,2007,"0900","2","3","3","05",0,1,"B",,,,,,900,2,"E","I","A","RT 50","GREENSTONE RD",1584,"E","N","2007-09-24",9245,"2007-02-07",800,"12720",,"1","9","0","1",,"2","120","-","Y","ED",3,50,"-","R",12.54,"H","-","W","Y",1,"A","-",21650,,"N","B","H","-","A","D","1","Y","A","01",0,1,0,0,0,0,0,0,0,"-","-","UNINCORPORATED","EL DORADO","CA",0,0
"3036400",-120.759153856,38.7671470642,2007,"0900","4","4","4","01",0,1,"B",,,,,,2100,2,"E","I","A","MOSQUITO RD","KONA RD",72,"W","N","2007-05-30",9245,"2007-02-08",1830,"8982",,"2","9","0","2",,"1","023","C","N",,0,0,,,0,,,,"Y",1,"A","-",23152,"A","N","B","H","-","D","D","0","Y","A","07",0,0,1,0,0,0,0,0,0,"-","-","UNINCORPORATED","EL DORADO","CA",0,0
"3038097",-120.011024513,38.9093704224,2006,"0900","4","6","1","07",1,3,"A",,,,,,2400,11,"F","A","A","LAKE TAHOE BL","INDUSTRIAL BL",2640,"W","N","2007-06-22",9246,"2006-11-18",2252,"01622",,"3","9","0","2",,"1","025","-","N",,0,0,,,0,,,,"Y",1,"A","-",21658,"A","N","A","H","-","D","D","0","Y","A","07",0,2,1,0,0,0,0,0,0,"-","-","UNINCORPORATED","EL DORADO","CA",0,0
"3041932",-120.806634041,38.728155188,2007,"0901","0","5","3","-",0,1,"A","Y",,,,,2100,1,"G","B","B","RT 50","CANAL ST",31,"E","N","2007-06-06",901,"2007-01-26",1941,"240","0901","5","2","0","0",,"0","PP1","-","Y","ED",3,50,"-","-",17.53,"H","-","W","N",2,"A","-",0,,"N","A","H","-","C","A","0","Y","N",,0,1,0,0,1,0,0,0,0,"-","-","PLACERVILLE","EL DORADO","CA",0,0
"3041956",-120.331281754,38.763567173,2007,"0900","2","3","4","01",0,1,"A",,,,,"Y",2100,1,"E","I","A","RT 50","VETERANS BR",12672,"E","N","2007-06-06",9245,"2007-01-31",2055,"8982",,"2","9","0","1",,"1","160","-","Y","ED",3,50,"-","-",46.77,"H","-","W","Y",1,"A","-",23152,"A","N","A","H","-","D","D","0","Y","A","01",0,0,1,0,0,0,0,0,0,"-","-","UNINCORPORATED","EL DORADO","CA",0,0
"3042964",0,0,2007,"0900","5","4","3","05",0,2,"C",,,,,,2400,2,"A","C","A","FRANCISCO DR","CAMBRIA WY",1450,"S","N","2007-05-26",9245,"2007-02-08",2150,"00920",,"2","9","0","3",,"2","001","-","N",,0,0,,,0,,,,"Y",2,"A","-",21460,"A","N","B","H","-","D","D","0","Y","A","01",0,1,1,0,0,0,0,0,0,"-","-","UNINCORPORATED","EL DORADO","CA",0,0