"CASEID","POINT_X","POINT_Y","YEAR_","LOCATION","CHPTYPE","DAYWEEK","CRASHSEV","VIOLCAT","KILLED","INJURED","WEATHER1","PEDCOL","BICCOL","MCCOL","TRUCKCOL","ETOH","TIMECAT","MONTH_","CRASHTYP","INVOLVE","PED","PRIMARYRD","SECONDRD","DISTANCE","DIRECT","INTERSECT_","PROCDATE","JURIS","DATE_","TIME_","BADGE","JURIDIST","SHIFT","POP","SPECIAL","BEATTYPE","LAPDDIV","BEATCLAS","BEATNUMB","WEATHER2","STATEHW","CALTRANC","CALTRAND","STROUTE","ROUTESUF","POSTPRE","POSTMILE","LOCATYPE","RAMP","SIDEHW","TOWAWAY","PARTIES","PCF","VIOLCODE","VIOL","VIOLSUB","HITRUN","ROADSURF","RDCOND1","RDCOND2","LIGHTING","RIGHTWAY","CHPRDTYP","NOTPRIV","STFAULT","CHPFAULT","SEVINJ","OTHERINJ","COP","PEDKILL","PEDINJ","BICKILL","BICINJ","MCKILL","MCINJURE","RAMP1","RAMP2","CITY","COUNTY","STATE","X_CHP","Y_CHP"
"3275278",0,0,2007,"0900","5","4","2","00",0,1,"A",,,"Y",,,2100,6,"A","C","A","BOTTLE HILL RD","GEORGETOWN RANGER STA",7920,"W","N","2008-01-22",9245,"2007-06-28",1900,"10696",,"2","9","0","3",,"2","002","-","N",,0,0,,,0,,,,"N",2,"D","-",0,,"N","A","A","-","A","D","0","Y","-","-",1,0,0,0,0,0,0,0,1,"-","-","UNINCORPORATED","EL DORADO","CA",0,0
"3276328",-120.823536077,38.696647644,2007,"0900","4","1","4","03",0,3,"A",,,,"Y",,1500,7,"C","C","A","MISSOURI FLAT RD","ENTERPRISE DR",135,"N","N","2007-12-04",9245,"2007-07-16",1405,"01283",,"2","9","0","2",,"1","037","-","N",,0,0,,,0,,,,"N",3,"A","-",22350,,"N","A","H","-","A","D","0","Y","F","26",0,0,3,0,0,0,0,0,0,"-","-","UNINCORPORATED","EL DORADO","CA",0,0
"3276576",-120.741674959,38.736933076,2007,"0900","2","4","4","08",0,1,"A",,,,,,900,7,"E","I","A","RT 50","STILL MEADOWS",4752,"W","N","2007-12-27",9245,"2007-07-19",705,"11480",,"1","9","0","1",,"2","140","-","Y","ED",3,50,"-","-",21.46,"H","-","W","Y",1,"A","-",22107,,"N","A","C","-","A","D","1","Y","A","01",0,0,1,0,0,0,0,0,0,"-","-","UNINCORPORATED","EL DORADO","CA",0,0
"3276580",-120.967692768,38.6536750793,2007,"0900","5","1","2","01",0,1,"A",,,"Y",,"Y",2400,7,"E","I","A","DUROCK RD","ROBIN LN",1056,"E","N","2007-12-18",9245,"2007-07-02",2225,"01513",,"3","9","0","3",,"2","003","-","N",,0,0,,,0,,,,"Y",1,"A","-",23152,"A","N","A","H","-","D","D","0","Y","C","02",1,0,0,0,0,0,0,0,1,"-","-","UNINCORPORATED","EL DORADO","CA",0,0
"3276584",-120.311635307,38.770310314,2007,"0900","2","5","2","08",0,3,"A",,,,,,1500,7,"E","I","A","RT 50","WILDWOOD WY",229,"W","N","2007-12-27",9245,"2007-07-13",1425,"01346",,"2","9","0","1",,"1","160","-","Y","ED",3,50,"-","-",47.98,"H","-","E","Y",1,"A","-",22107,,"N","A","H","-","A","D","0","Y","A","01",1,2,0,0,0,0,0,0,0,"-","-","UNINCORPORATED","EL DORADO","CA",0,0
"3276588",0,0,2007,"0900","5","4","3","01",0,1,"A",,,,,"Y",2100,7,"E","I","A","MEDER RD","CHASEN DR",528,"E","N","2007-12-18",9245,"2007-07-19",1955,"01350",,"2","9","0","3",,"2","001","-","N",,0,0,,,0,,,,"Y",1,"A","-",23152,"A","N","A","H","-","B","D","0","Y","A","07",0,1,0,0,0,0,0,0,0,"-","-","UNINCORPORATED","EL DORADO","CA",0,0
"3276592",-120.818150405,38.693806102,2007,"0900","3","3","3","08",0,1,"B",,"Y",,,,1200,7,"E","G","A","RT 49","CHINA GARDEN RD",87,"E","N","2007-12-27",9245,"2007-07-18",1020,"00912",,"1","9","0","1",,"1","135","-","Y","ED",3,49,"-","-",11.572,"I","6","S","N",2,"A","-",22107,,"F","A","D","-","A","D","0","Y","A","01",0,1,0,0,0,0,1,0,0,"-","-","UNINCORPORATED","EL DORADO","CA",0,0
"3276600",0,0,2007,"0900","4","5","4","01",0,4,"A",,,,,"Y",1800,7,"A","C","A","SLY PARK RD","BREWERS HILL RD",1056,"S","N","2007-12-19",9245,"2007-07-06",1720,"01346",,"2","9","0","2",,"1","043","-","N",,0,0,,,0,,,,"Y",3,"A","-",23152,"A","N","A","H","-","A","D","0","Y","D","22",0,0,4,0,0,0,0,0,0,"-","-","UNINCORPORATED","EL DORADO","CA",0,0
"3278721",-120.986072478,38.5855827332,2007,"0900","5","3","4","05",0,1,"A",,,,,,2100,7,"E","I","A","BRYANT RD","SUN RIDGE MEADOW  RD",450,"S","N","2007-12-29",9245,"2007-07-18",1915,"01314",,"2","9","0","3",,"2","003","-","N",,0,0,,,0,,,,"N",1,"A","-",21650,,"N","A","H","-","B","A","0","Y","A","01",0,0,1,0,0,0,0,0,0,"-","-","UNINCORPORATED","EL DORADO","CA",0,0
"3278741",-120.983118081,38.6814422607,2007,"0900","4","4","3","05",0,1,"A",,,,,,1500,7,"E","I","A","CAMERON PARK DR","MEDER RD",1100,"N","N","2007-12-29",9245,"2007-07-12",1430,"01314",,"2","9","0","2",,"1","015","-","N",,0,0,,,0,,,,"Y",1,"A","-",21650,,"N","A","H","-","A","A","0","Y","A","01",0,1,0,0,0,0,0,0,0,"-","-","UNINCORPORATED","EL DORADO","CA",0,0
"3278745",-121.025348847,38.7857971191,2007,"0900","4","4","4","05",0,1,"A",,,"Y",,,2100,7,"E","I","A","SALMON FALLS RD","GALLAGHER CT",528,"N","N","2007-12-29",9245,"2007-07-12",1900,"01314",,"2","9","0","2",,"1","012","-","N",,0,0,,,0,,,,"Y",1,"A","-",21650,,"N","A","H","-","A","A","0","Y","C","02",0,0,1,0,0,0,0,0,1,"-","-","UNINCORPORATED","EL DORADO","CA",0,0
"3278753",-120.969013043,38.6597137451,2007,"0900","4","3","3","05",0,1,"B",,,,,,1500,7,"E","I","A","CAMERON PARK DR","PALMER DR",770,"N","N","2007-12-29",9245,"2007-07-18",1445,"01314",,"2","9","0","2",,"1","015","-","N",,0,0,,,0,,,,"Y",1,"A","-",21650,,"N","A","H","-","A","A","0","Y","A","01",0,1,0,0,0,0,0,0,0,"-","-","UNINCORPORATED","EL DORADO","CA",0,0
"3279580",-121.074317588,38.651862114,2007,"0900","2","5","3","03",0,1,"A",,,,,"Y",1800,7,"B","C","A","RT 50","EL DORADO HILLS BL",775,"W","N","2008-01-03",9245,"2007-07-20",1613,"01350",,"2","9","0","1",,"2","110","-","Y","ED",3,50,"-","-",0.71,"H","-","W","Y",2,"A","-",22350,,"N","A","H","-","A","D","1","Y","A","01",0,1,0,0,0,0,0,0,0,"-","-","UNINCORPORATED","EL DORADO","CA",0,0
"3279584",-120.699766871,38.9236907959,2007,"0900","5","7","3","03",0,1,"A",,,"Y",,,1200,7,"F","A","A","WENTWORTH SPRINGS RD","SAND MOUNTAIN BL",1335,"W","N","2007-12-18",9245,"2007-07-22",1100,"01082",,"1","9","0","3",,"2","002","-","N",,0,0,,,0,,,,"N",1,"A","-",22350,,"N","A","H","-","A","D","0","Y","C","02",0,1,0,0,0,0,0,0,1,"-","-","UNINCORPORATED","EL DORADO","CA",0,0
"3282619",-120.000192918,38.9179267883,2007,"0902","0","4","4","09",0,1,"A",,,,,,900,1,"A","C","A","3RD ST","ELOISE AV",0,,"Y","2007-08-06",902,"2007-01-25",852,"160",,"5","3","0","0",,"0",,"-","N",,0,0,,,0,,,,"Y",2,"A","-",21802,"A","N","A","H","-","A","A","0","Y","A","01",0,0,1,0,0,0,0,0,0,"-","-","SOUTH LAKE TAHOE","EL DORADO","CA",0,0
"3282635",-119.996792918,38.9193763733,2007,"0902","0","1","3","00",0,1,"A",,,,,,900,1,"E","I","A","TAHOE KEYS BL","JAMES AV",0,,"Y","2007-08-06",902,"2007-01-29",826,"130",,"5","3","0","0",,"0","024","-","N",,0,0,,,0,,,,"Y",1,"D","-",0,,"N","A","H","-","A","-","0","Y","-","-",0,1,0,0,0,0,0,0,0,"-","-","SOUTH LAKE TAHOE","EL DORADO","CA",0,0
"3283093",0,0,2007,"0900","5","7","3","03",0,2,"A",,"Y",,,,1200,7,"C","G","A","GREENWOOD RD","RD 878",1320,"N","N","2007-12-31",9245,"2007-07-15",1150,"12720",,"1","9","0","3",,"2","001","-","N",,0,0,,,0,,,,"N",2,"A","-",22350,,"N","A","H","-","A","D","0","Y","L","04",0,2,0,0,0,0,2,0,0,"-","-","UNINCORPORATED","EL DORADO","CA",0,0
"3283109",-120.896443262,38.693588686,2007,"0900","2","6","4","08",0,3,"A",,,,,,900,7,"B","C","A","RT 50","GREENSTONE RD",2482,"W","N","2008-01-10",9245,"2007-07-21",800,"10717",,"1","9","0","1",,"2","120","-","Y","ED",3,50,"-","R",11.72,"H","-","E","Y",2,"A","-",22107,,"N","A","H","-","A","D","1","Y","A","01",0,0,3,0,0,0,0,0,0,"-","-","UNINCORPORATED","EL DORADO","CA",0,0
"3288816",-120.807973025,38.728195187,2007,"0901","0","4","4","04",0,1,"A",,,,,,1800,7,"C","C","A","RT 50","CANAL ST",0,,"Y","2008-02-15",901,"2007-07-05",1530,"224","0901","5","2","0","0",,"0","PP1","-","Y","ED",3,50,"-","-",17.51,"H","-","E","N",2,"A","-",21703,,"N","A","D","-","A","A","0","Y","A",,0,0,1,0,0,0,0,0,0,"-","-","PLACERVILLE","EL DORADO","CA",0,0
"3288832",-120.830109308,38.7334327698,2007,"0901","0","1","3","22",0,1,"A",,"Y",,,,900,7,"H","G","A","PLACERVILLE DR","PIERROZ RD",300,"E","N","2008-01-29",901,"2007-07-09",815,"264","PPD","5","2","0","0",,"0","PP1","-","N",,0,0,,,0,,,,"N",2,"B","-",0,,"F","A","H","-","A","D","0","Y","A",,0,1,0,0,0,0,1,0,0,"-","-","PLACERVILLE","EL DORADO","CA",0,0
"3289865",-120.831284999,38.7329292297,2007,"0901","0","6","3","-",0,1,"A",,,,,,1200,7,"A","C","A","PLACERVILLE DR","PIERROZ RD",83,"W","N","2007-12-04",901,"2007-07-21",1135,"262","0901","5","2","0","0",,"0","PP1","-","N",,0,0,,,0,,,,"Y",2,"A","-",0,,"N","A","H","-","A","D","0","Y","E",,0,1,0,0,0,0,0,0,0,"-","-","PLACERVILLE","EL DORADO","CA",0,0
"3289910",0,0,2007,"0900","5","5","4","01",0,1,"A",,,,,"Y",2100,7,"F","A","A","MAIN ST","SCHOOL ST",0,,"Y","2007-12-04",9245,"2007-07-20",1947,"01383",,"2","9","0","3",,"2","002","-","N",,0,0,,,0,,,,"Y",1,"A","-",23152,"A","N","A","H","-","B","D","0","Y","D","22",0,0,1,0,0,0,0,0,0,"-","-","UNINCORPORATED","EL DORADO","CA",0,0
"3289914",-120.978760749,38.6719551086,2007,"0900","4","3","3","01",0,1,"A",,,,,"Y",1500,7,"E","I","A","CAMERON PARK DR","EL DORADO ROYALE DR",528,"N","N","2007-12-04",9245,"2007-07-18",1425,"01346",,"2","9","0","2",,"1","015","-","N",,0,0,,,0,,,,"Y",1,"A","-",23152,"A","N","A","H","-","A","D","0","Y","D","22",0,1,0,0,0,0,0,0,0,"-","-","UNINCORPORATED","EL DORADO","CA",0,0
"3289918",0,0,2007,"0900","5","2","4","01",0,2,"A",,,,,"Y",300,7,"F","A","A","HAPPY VALLEY RD","MOUNT AUKUM RD",3696,"W","N","2007-12-04",9245,"2007-07-17",5,"01526",,"3","9","0","3",,"2","004","-","N",,0,0,,,0,,,,"Y",1,"A","-",23152,"A","N","A","H","-","D","D","0","Y","A","01",0,0,2,0,0,0,0,0,0,"-","-","UNINCORPORATED","EL DORADO","CA",0,0
"3290802",-120.73441513,38.6782989502,2007,"0900","5","2","2","05",0,2,"A",,,,,,1500,7,"F","A","A","BUCKS BAR RD","PLEASANT VALLEY RD",1100,"S","N","2007-12-01",9245,"2007-07-24",1300,"11480",,"1","9","0","3",,"2","004","-","N",,0,0,,,0,,,,"Y",1,"A","-",21650,,"N","A","H","-","A","D","0","Y","A","07",1,0,1,0,0,0,0,0,0,"-","-","UNINCORPORATED","EL DORADO","CA",0,0
"3290810",-120.737733009,38.6798362732,2007,"0900","4","2","4","12",0,1,"B",,,,,,900,7,"D","C","A","PLEASANT VALLEY RD","BUCKS BAR RD",0,,"Y","2007-12-01",9245,"2007-07-24",800,"11480",,"1","9","0","2",,"1","041","-","N",,0,0,,,0,,,,"N",2,"A","-",22450,,"N","A","H","-","A","B","0","Y","A","07",0,0,1,0,0,0,0,0,0,"-","-","UNINCORPORATED","EL DORADO","CA",0,0
"3292242",-120.109947361,38.955306068,2007,"0900","3","7","3","03",0,1,"A",,"Y",,,,1200,7,"F","A","A","RT 89","VIKIINGS HOLM",2112,"N","N","2007-12-20",9246,"2007-07-01",905,"01318",,"1","9","0","1",,"1","030","-","Y","ED",3,89,"-","-",16.83,"H","-","N","Y",1,"A","-",22350,,"N","A","H","-","A","D","0","Y","L","04",0,1,0,0,0,0,1,0,0,"-","-","UNINCORPORATED","EL DORADO","CA",0,0
"3292270",-120.006237714,38.870786059,2007,"0900","2","6","4","08",0,4,"A",,,,,,1200,7,"A","C","A","RT 50","MEADOW VALE DR",235,"E","N","2007-12-20",9246,"2007-07-21",945,"01005",,"1","9","0","1",,"1","022","-","Y","ED",3,50,"-","-",72.37,"H","-","E","Y",3,"A","-",22107,,"N","A","H","-","A","A","0","Y","D","22",0,0,4,0,0,0,0,0,0,"-","-","UNINCORPORATED","EL DORADO","CA",0,0
"3292278",-120.028016533,38.81741767,2007,"0900","2","5","3","01",0,1,"A",,,,,"Y",600,7,"E","I","A","RT 50","ECHO SUMMIT RD",1584,"E","N","2007-12-20",9246,"2007-07-27",505,"01380",,"3","9","0","1",,"1","022","-","Y","ED",3,50,"-","-",67.1,"H","-","W","Y",1,"A","-",23152,"A","N","A","H","-","B","D","0","Y","A","07",0,1,0,0,0,0,0,0,0,"-","-","UNINCORPORATED","EL DORADO","CA",0,0
"3300849",-120.831322898,38.7329101563,2007,"0901","0","3","4","09",0,1,"A",,,,,,1500,8,"D","C","A","PLACERVILLE DR","PIERROZ RD",96,"S","N","2008-01-08",901,"2007-08-01",1240,"237","0901","5","2","0","0",,"0","PP1","-","N",,0,0,,,0,,,,"Y",2,"A","-",21804,"A","N","A","H","-","A","D","0","Y","A",,0,0,1,0,0,0,0,0,0,"-","-","PLACERVILLE","EL DORADO","CA",0,0
"3308835",0,0,2007,"0900","5","7","2","01",0,1,"A",,,,,"Y",1800,7,"E","I","A","ELEVEN PINES RD","WENTWORTH RD",0,,"Y","2007-12-10",9245,"2007-07-22",1630,"01327",,"2","9","0","3",,"2","002","-","N",,0,0,,,0,,,,"Y",1,"A","-",23152,"A","N","A","H","-","A","A","0","Y","A","01",1,0,0,0,0,0,0,0,0,"-","-","UNINCORPORATED","EL DORADO","CA",0,0
"3308982",-121.016712369,38.900021839,2007,"0900","3","4","4","03",0,1,"A",,,,,,1500,7,"C","C","A","RT 49","AARON COOL DR",2640,"N","N","2007-12-24",9245,"2007-07-26",1340,"01334",,"1","9","0","1",,"1","115","-","Y","ED",3,49,"-","-",35.44,"H","-","N","Y",2,"A","-",22350,,"N","A","H","-","A","D","0","Y","A","07",0,0,1,0,0,0,0,0,0,"-","-","UNINCORPORATED","EL DORADO","CA",0,0
"3308986",-120.698313029,38.6904563904,2007,"0900","4","3","3","03",0,1,"A",,,"Y",,,1800,7,"F","A","A","PLEASANT VALLEY RD","BLUFF RD",72,"E","N","2007-12-06",9245,"2007-07-25",1655,"01327",,"2","9","0","2",,"1","041","-","N",,0,0,,,0,,,,"N",1,"A","-",22350,,"N","A","H","-","A","D","0","Y","C","02",0,1,0,0,0,0,0,0,1,"-","-","UNINCORPORATED","EL DORADO","CA",0,0
"3308990",0,0,2007,"0900","4","3","4","08",0,1,"A",,"Y",,,,900,7,"B","G","A","SLY PARK RD","PONY EXPRESS TRL",0,,"Y","2007-12-06",9245,"2007-07-25",710,"00912",,"1","9","0","2",,"1","043","-","N",,0,0,,,0,,,,"N",2,"A","-",22107,,"N","A","H","-","A","A","0","Y","L","04",0,0,1,0,0,0,1,0,0,"-","-","UNINCORPORATED","EL DORADO","CA",0,0
"3309188",-121.045801593,38.657364433,2007,"0900","2","6","4","03",0,1,"A",,,,"Y",,900,7,"C","C","A","RT 50","BASS LAKE RD",3696,"W","N","2008-01-03",9245,"2007-07-28",820,"01238",,"1","9","0","1",,"2","110","-","Y","ED",3,50,"-","R",2.71,"H","-","E","Y",2,"A","-",22350,,"N","A","H","-","A","A","1","Y","A","01",0,0,1,0,0,0,0,0,0,"-","-","UNINCORPORATED","EL DORADO","CA",0,0
"3310674",-120.891146058,38.7089653015,2007,"0900","4","3","4","04",0,1,"A",,,,,,2400,8,"C","C","A","GREEN VALLEY RD","GREENSTONE RD",528,"W","N","2008-01-14",9245,"2007-08-08",2150,"01513",,"2","9","0","2",,"1","011","-","N",,0,0,,,0,,,,"N",2,"A","-",21703,,"N","A","H","-","D","D","0","Y","D","22",0,0,1,0,0,0,0,0,0,"-","-","UNINCORPORATED","EL DORADO","CA",0,0
"3310678",-120.809683022,38.69556427,2007,"0900","4","4","4","09",0,1,"A",,,,,,1500,8,"B","C","A","PLEASANT VALLEY RD","RACQUET WY",0,,"Y","2008-01-14",9245,"2007-08-02",1438,"01454",,"2","9","0","2",,"1","041","-","N",,0,0,,,0,,,,"Y",2,"A","-",21801,"A","N","A","H","-","A","D","0","Y","A","01",0,0,1,0,0,0,0,0,0,"-","-","UNINCORPORATED","EL DORADO","CA",0,0
"3310686",-121.071253059,38.6539535522,2007,"0900","4","1","4","12",0,1,"A",,,,,,900,8,"D","C","A","EL DORADO HILLS BL","SARATOGA WY",0,,"Y","2008-01-14",9245,"2007-08-13",715,"10059",,"1","9","0","2",,"1","012","-","N",,0,0,,,0,,,,"Y",2,"A","-",21453,"A","N","A","H","-","A","A","0","Y","A","01",0,0,1,0,0,0,0,0,0,"-","-","UNINCORPORATED","EL DORADO","CA",0,0
"3310714",-121.015953079,38.886905185,2007,"0900","3","5","4","03",0,2,"A",,,,,,1200,8,"C","C","A","RT 49","RT 193",38,"S","N","2008-01-23",9245,"2007-08-10",1150,"01334",,"1","9","0","1",,"1","115","-","Y","ED",3,49,"-","-",34.46,"H","-","N","Y",2,"A","-",22350,,"N","A","H","-","A","D","0","Y","D","22",0,0,2,0,0,0,0,0,0,"-","-","UNINCORPORATED","EL DORADO","CA",0,0
"3312322",-120.819971432,38.693590778,2007,"0900","3","7","3","03",0,2,"A",,,,,,1800,7,"C","C","A","RT 49","SILVER DR",0,,"Y","2007-12-13",9245,"2007-07-29",1620,"01350",,"2","9","0","1",,"1","135","-","Y","ED",3,49,"-","-",11.47,"H","-","S","Y",2,"A","-",22350,,"N","A","H","-","A","D","0","Y","A","07",0,1,1,0,0,0,0,0,0,"-","-","UNINCORPORATED","EL DORADO","CA",0,0
"3312334",-121.028352412,38.7845802307,2007,"0900","4","7","3","08",0,1,"A",,,"Y",,,1200,7,"F","A","A","SALMON FALLS RD","GALLAGHER RD",528,"S","N","2007-12-06",9245,"2007-07-29",1000,"11619",,"1","9","0","2",,"1","012","-","N",,0,0,,,0,,,,"Y",1,"A","-",22107,,"N","A","H","-","A","A","0","Y","C","02",0,1,0,0,0,0,0,0,1,"-","-","UNINCORPORATED","EL DORADO","CA",0,0
"3312346",-121.039306145,38.654117705,2007,"0900","2","5","4","08",0,1,"A",,,,,,1500,7,"E","I","A","RT 50","BASS LAKE RD",1584,"W","N","2007-12-13",9245,"2007-07-27",1235,"00912",,"1","9","0","1",,"2","110","-","Y","ED",3,50,"-","R",2.96,"H","-","E","Y",1,"A","-",22107,,"N","A","H","-","A","D","1","Y","A","01",0,0,1,0,0,0,0,0,0,"-","-","UNINCORPORATED","EL DORADO","CA",0,0
"3312369",-120.860622212,38.6816558838,2007,"0900","4","6","2","01",0,1,"A",,,"Y",,"Y",2100,7,"F","A","A","PLEASANT VALLEY RD","MOTHER LODE DR",2640,"E","N","2007-12-06",9245,"2007-07-28",2010,"01350",,"2","9","0","2",,"1","037","-","N",,0,0,,,0,,,,"Y",1,"A","-",23152,"A","N","A","H","-","D","D","0","Y","C","02",1,0,0,0,0,0,0,0,1,"-","-","UNINCORPORATED","EL DORADO","CA",0,0
"3312373",-120.622436916,38.6254692078,2007,"0900","5","6","4","05",0,2,"A",,,,,,1500,7,"E","I","A","GRIZZLEY FLAT RD","ROCKY BAR RD",1848,"W","N","2007-12-06",9245,"2007-07-28",1350,"01383",,"1","9","0","3",,"2","004","-","N",,0,0,,,0,,,,"Y",2,"A","-",21460,"A","N","A","H","-","A","D","0","Y","A","01",0,0,2,0,0,0,0,0,0,"-","-","UNINCORPORATED","EL DORADO","CA",0,0
"3312381",-120.688563629,38.7548484802,2007,"0900","5","3","3","01",0,1,"A",,,,,"Y",2400,7,"E","I","A","N CYN RD","LARSEN DR",2640,"W","N","2007-12-06",9245,"2007-07-25",2205,"01272",,"3","9","0","3",,"2","002","-","N",,0,0,,,0,,,,"Y",1,"A","-",23152,"A","N","A","H","-","D","D","0","Y","D","22",0,1,0,0,0,0,0,0,0,"-","-","UNINCORPORATED","EL DORADO","CA",0,0
"3312385",-120.928638781,38.6890869141,2007,"0900","4","6","4","08",0,1,"A",,,"Y",,,600,7,"E","I","A","NORTH SHINGLE RD","BLACK OAK DR",254,"S","N","2007-12-06",9245,"2007-07-28",305,"01272",,"3","9","0","2",,"1","013","-","N",,0,0,,,0,,,,"Y",1,"A","-",22107,,"N","A","H","-","D","D","0","Y","C","02",0,0,1,0,0,0,0,0,1,"-","-","UNINCORPORATED","EL DORADO","CA",0,0
"3312389",-120.838343029,38.712885184,2007,"0900","4","5","4","03",0,1,"A",,,,,,1800,7,"C","C","A","MISSOURI FLAT RD","RT 50",55,"S","N","2007-12-13",9245,"2007-07-27",1530,"01346",,"2","9","0","2",,"1","011","-","Y","ED",3,50,"-","R",15.078,"R","4","W","Y",2,"A","-",22350,,"N","A","H","-","A","D","1","Y","A","01",0,0,1,0,0,0,0,0,0,"-","F","UNINCORPORATED","EL DORADO","CA",0,0
"3312393",-121.074913059,38.651665161,2007,"0900","4","2","2","12",0,2,"A",,,"Y",,,1800,7,"D","C","A","EL DORADO HILLS BL","RT 50",0,,"Y","2007-12-13",9245,"2007-07-31",1730,"10717",,"2","9","0","2",,"1","012","-","Y","ED",3,50,"-","-",0.686,"R","4","W","Y",2,"A","-",21453,"A","N","A","H","-","A","A","1","Y","A","01",1,0,1,0,0,0,0,0,1,"-","-","UNINCORPORATED","EL DORADO","CA",0,0
"3312397",-120.816934266,38.69399206,2007,"0900","3","6","3","03",0,2,"A",,,"Y",,,1500,7,"F","A","A","RT 49","ODD FELLOWS RD",47,"S","N","2007-12-13",9245,"2007-07-28",1400,"01350",,"2","9","0","1",,"1","135","-","Y","ED",3,49,"-","-",11.64,"H","-","N","Y",1,"A","-",22350,,"N","A","H","-","A","D","0","Y","C","02",0,2,0,0,0,0,0,0,2,"-","-","UNINCORPORATED","EL DORADO","CA",0,0
"3312506",-121.003883253,38.7076301575,2007,"0900","5","1","4","01",0,1,"A",,,,,"Y",1800,8,"F","A","A","STARBUCK RD","WHITE TAIL DR",156,"N","N","2008-01-18",9245,"2007-08-06",1735,"15628",,"2","9","0","3",,"2","001","-","N",,0,0,,,0,,,,"Y",1,"A","-",23152,"A","N","A","H","-","A","D","0","Y","A","01",0,0,1,0,0,0,0,0,0,"-","-","UNINCORPORATED","EL DORADO","CA",0,0
"3312526",0,0,2007,"0900","5","3","3","22",0,1,"A",,,"Y",,,1800,8,"E","I","A","FOREST SERVICE TRL 36","NORTH SOUTH RD",1,"E","N","2008-01-18",9245,"2007-08-01",1700,"15628",,"2","9","0","3",,"2","004","-","N",,0,0,,,0,,,,"N",1,"B","-",0,,"N","A","H","-","A","D","0","Y","C","02",0,1,0,0,0,0,0,0,1,"-","-","UNINCORPORATED","EL DORADO","CA",0,0
"3313173",-120.111378196,38.802798006,2007,"0900","2","4","3","03",0,1,"A",,,"Y",,,1800,7,"F","A","A","RT 50","SAYLES CANYON",528,"W","N","2007-12-20",9246,"2007-07-26",1550,"14478",,"2","9","0","1",,"1","020","-","Y","ED",3,50,"-","-",61.3,"H","-","E","Y",1,"A","-",22350,,"N","A","H","-","A","D","0","Y","C","02",0,1,0,0,0,0,0,0,1,"-","-","UNINCORPORATED","EL DORADO","CA",0,0
"3313214",-120.092210709,38.948747226,2007,"0900","3","5","4","17",0,1,"A",,,,,"Y",2500,8,"E","I","A","RT 89","EAGLE POINT CAMP ENT",1056,"N","N","2008-02-04",9246,"2007-08-10",2500,"9933",,"4","9","0","1",,"1","030","-","Y","ED",3,89,"-","-",15.5,"H","-","S","Y",1,"A","-",21662,"A","N","A","H","-","D","A","0","Y","A","07",0,0,1,0,0,0,0,0,0,"-","-","UNINCORPORATED","EL DORADO","CA",0,0
"3317311",-121.002846152,38.832312439,2007,"0900","3","6","3","05",0,1,"A",,,,,,1200,8,"B","C","A","RT 49","PEDRO HILL RD",2112,"N","N","2008-01-31",9245,"2007-08-11",1120,"01334",,"1","9","0","1",,"1","115","-","Y","ED",3,49,"-","-",29.69,"H","-","N","N",2,"A","-",21460,"A","F","A","H","-","A","D","0","Y","D","22",0,1,0,0,0,0,0,0,0,"-","-","UNINCORPORATED","EL DORADO","CA",0,0
"3317315",0,0,2007,"0900","5","6","4","05",0,1,"A",,,"Y",,,1200,8,"B","C","A","US FOREST SERVICE RD 8N58","NORTH SOUTH RD",7920,"W","N","2008-01-09",9245,"2007-08-11",1100,"00920",,"1","9","0","3",,"2","004","F","N",,0,0,,,0,,,,"Y",2,"A","-",21650,,"N","A","B","E","A","D","0","Y","-","-",0,0,1,0,0,0,0,0,1,"-","-","UNINCORPORATED","EL DORADO","CA",0,0
"3317323",-120.928687119,38.667279754,2007,"0900","2","2","4","08",0,2,"A",,,,,,1500,8,"F","A","A","RT 50","PONDEROSA RD",2640,"E","N","2008-01-31",9245,"2007-08-14",1455,"9592",,"2","9","0","1",,"2","120","-","Y","ED",3,50,"-","R",9.12,"H","-","W","Y",1,"A","-",22107,,"N","A","H","-","A","D","1","Y","A","01",0,0,2,0,0,0,0,0,0,"-","-","UNINCORPORATED","EL DORADO","CA",0,0
"3317331",-120.145315361,38.797038015,2007,"0900","2","6","4","08",0,1,"A",,,,,,2100,8,"D","C","A","RT 50","STRAWBERRY LN",0,,"Y","2008-01-31",9245,"2007-08-11",1855,"01130",,"2","9","0","1",,"1","170","-","Y","ED",3,50,"-","-",58,"I","6","E","N",2,"A","-",22107,,"N","A","H","-","A","A","0","Y","A","07",0,0,1,0,0,0,0,0,0,"-","-","UNINCORPORATED","EL DORADO","CA",0,0
"3318287",-121.016301333,38.896899586,2007,"0900","3","7","3","01",0,1,"A",,,"Y",,"Y",300,8,"F","A","A","RT 49","AARON COOL DR",1584,"N","N","2008-02-08",9245,"2007-08-05",10,"01385",,"3","9","0","1",,"1","115","-","Y","ED",3,49,"-","-",35.2,"H","-","N","Y",1,"A","-",23152,"A","N","A","H","-","D","A","0","Y","C","02",0,1,0,0,0,0,0,0,1,"-","-","UNINCORPORATED","EL DORADO","CA",0,0