"CASEID","POINT_X","POINT_Y","YEAR_","LOCATION","CHPTYPE","DAYWEEK","CRASHSEV","VIOLCAT","KILLED","INJURED","WEATHER1","PEDCOL","BICCOL","MCCOL","TRUCKCOL","ETOH","TIMECAT","MONTH_","CRASHTYP","INVOLVE","PED","PRIMARYRD","SECONDRD","DISTANCE","DIRECT","INTERSECT_","PROCDATE","JURIS","DATE_","TIME_","BADGE","JURIDIST","SHIFT","POP","SPECIAL","BEATTYPE","LAPDDIV","BEATCLAS","BEATNUMB","WEATHER2","STATEHW","CALTRANC","CALTRAND","STROUTE","ROUTESUF","POSTPRE","POSTMILE","LOCATYPE","RAMP","SIDEHW","TOWAWAY","PARTIES","PCF","VIOLCODE","VIOL","VIOLSUB","HITRUN","ROADSURF","RDCOND1","RDCOND2","LIGHTING","RIGHTWAY","CHPRDTYP","NOTPRIV","STFAULT","CHPFAULT","SEVINJ","OTHERINJ","COP","PEDKILL","PEDINJ","BICKILL","BICINJ","MCKILL","MCINJURE","RAMP1","RAMP2","CITY","COUNTY","STATE","X_CHP","Y_CHP"
"3318299",0,0,2007,"0900","5","7","3","08",0,2,"A",,,"Y",,,1500,8,"B","C","A","MOUNT AUKUM RD","FAIRPLAY RD",292,"W","N","2008-01-30",9245,"2007-08-05",1310,"01273",,"1","9","0","3",,"2","004","-","N",,0,0,,,0,,,,"Y",2,"A","-",22107,,"N","A","H","-","A","D","0","Y","C","02",0,2,0,0,0,0,0,0,2,"-","-","UNINCORPORATED","EL DORADO","CA",0,0
"3318303",0,0,2007,"0900","4","7","3","09",0,2,"A",,,"Y",,,1200,8,"D","C","A","SALMON FALLS RD","FALCONS CREST LN",186,"S","N","2008-01-30",9245,"2007-08-05",1110,"12357",,"1","9","0","2",,"1","012","-","N",,0,0,,,0,,,,"N",2,"A","-",21801,"A","N","A","H","-","A","D","0","Y","A","01",0,1,1,0,0,0,0,0,1,"-","-","UNINCORPORATED","EL DORADO","CA",0,0
"3318307",-120.855034535,38.763554283,2007,"0900","3","3","4","09",0,2,"A",,,,,,1200,8,"A","C","A","RT 49","DISCOVERY LN",493,"N","N","2008-02-06",9245,"2007-08-08",1145,"12357",,"1","9","0","1",,"1","115","-","Y","ED",3,49,"-","-",18.97,"H","-","N","Y",2,"A","-",21801,"A","N","A","H","-","A","D","0","Y","D","22",0,0,2,0,0,0,0,0,0,"-","-","UNINCORPORATED","EL DORADO","CA",0,0
"3318319",0,0,2007,"0900","5","6","4","08",0,1,"A",,,,,,300,8,"F","A","A","SILVA VALLEY RD","NETHERDALE WY",720,"S","N","2008-01-30",9245,"2007-08-11",255,"00912",,"3","9","0","3",,"2","001","-","N",,0,0,,,0,,,,"Y",1,"A","-",22107,,"N","A","H","-","D","D","0","Y","A","01",0,0,1,0,0,0,0,0,0,"-","-","UNINCORPORATED","EL DORADO","CA",0,0
"3322566",0,0,2007,"0900","4","4","3","05",0,1,"A",,,,,,2400,8,"E","I","A","SLY PARK RD","VIEW POINT DR",155,"S","N","2008-01-30",9245,"2007-08-09",2210,"01082",,"3","9","0","2",,"1","043","-","N",,0,0,,,0,,,,"Y",1,"A","-",21650,,"N","A","H","-","D","D","0","Y","A","01",0,1,0,0,0,0,0,0,0,"-","-","UNINCORPORATED","EL DORADO","CA",0,0
"3322570",-120.296111467,38.77460187,2007,"0900","2","3","3","09",0,1,"A",,,"Y",,,1500,8,"D","C","A","RT 50","KYBURZ DR",100,"E","N","2008-02-11",9245,"2007-08-01",1300,"16699",,"1","9","0","1",,"1","160","-","Y","ED",3,50,"-","-",48.89,"H","-","E","N",2,"A","-",21804,"A","N","A","H","-","A","D","0","Y","C","06",0,1,0,0,0,0,0,0,1,"-","-","UNINCORPORATED","EL DORADO","CA",0,0
"3322628",-120.999373048,38.6593055725,2007,"0900","5","1","3","12",0,1,"A",,"Y",,,,900,7,"H","G","A","KNOLLWOOD DR","CAMEO DR",0,,"Y","2008-01-23",9245,"2007-07-30",850,"01038",,"1","9","0","3",,"2","001","-","N",,0,0,,,0,,,,"N",2,"A","-",22450,"A","N","A","H","-","A","A","0","Y","L","04",0,1,0,0,0,0,1,0,0,"-","-","UNINCORPORATED","EL DORADO","CA",0,0
"3322839",-120.752058344,38.6760520935,2007,"0900","4","1","3","18",0,2,"A",,,"Y",,,2400,7,"H","H","A","PLEASANT VALLEY RD","HANKS EXCHANGE RD",80,"E","N","2007-12-10",9245,"2007-07-30",2135,"00920",,"2","9","0","2",,"1","041","-","N",,0,0,,,0,,,,"N",1,"C","-",0,,"N","A","H","-","D","D","0","Y","-","-",0,2,0,0,0,0,0,0,2,"-","-","UNINCORPORATED","EL DORADO","CA",0,0
"3322843",0,0,2007,"0900","4","6","3","05",0,1,"A",,,,,,1500,7,"E","I","A","ICE HOUSE RD","RAT TAIL RD",4224,"S","N","2007-12-10",9245,"2007-07-28",1305,"11480",,"1","9","0","2",,"1","026","-","N",,0,0,,,0,,,,"Y",1,"A","-",21650,,"N","A","H","-","A","D","0","Y","D","23",0,1,0,0,0,0,0,0,0,"-","-","UNINCORPORATED","EL DORADO","CA",0,0
"3323030",-120.902234772,38.8161277771,2007,"0900","4","7","3","01",0,1,"A",,,,,"Y",300,7,"E","I","A","MARSHALL RD","PROSPECTORS RD",60,"E","N","2007-12-21",9245,"2007-07-29",200,"01334",,"3","9","0","2",,"1","021","-","N",,0,0,,,0,,,,"Y",1,"A","-",23152,"A","N","A","H","-","A","A","0","Y","D","22",0,1,0,0,0,0,0,0,0,"-","-","UNINCORPORATED","EL DORADO","CA",0,0
"3324013",-120.832471417,38.7175521851,2007,"0900","4","7","3","01",0,2,"A",,,,,"Y",300,8,"E","I","A","W FORNI RD","PLACERVILLE DR",1775,"W","N","2008-01-09",9245,"2007-08-12",25,"01283",,"3","9","0","2",,"1","037","-","N",,0,0,,,0,,,,"Y",1,"A","-",23152,"A","N","A","H","-","D","D","0","Y","A","01",0,2,0,0,0,0,0,0,0,"-","-","UNINCORPORATED","EL DORADO","CA",0,0
"3324035",-120.791983023,38.7300834656,2007,"0901","0","1","4","03",0,2,"A",,,,,,1500,8,"C","C","A","MAIN ST","SHERIDAN ST",0,,"Y","2008-01-11",901,"2007-08-06",1200,"265","0901","5","2","0","0",,"0","PP2","-","N",,0,0,,,0,,,,"N",2,"A","-",22350,,"N","A","H","-","A","D","0","Y","A",,0,0,2,0,0,0,0,0,0,"-","-","PLACERVILLE","EL DORADO","CA",0,0
"3324055",-120.804276956,38.728380133,2007,"0901","0","5","4","03",0,1,"A",,,,,,900,8,"C","C","A","RT 50","SPRING ST",52,"E","N","2008-02-11",901,"2007-08-17",824,"0901","0901","5","2","0","0",,"0","PP1","-","Y","ED",3,50,"-","-",17.68,"H","-","W","Y",2,"A","-",22350,,"N","A","H","-","A","A","0","Y","A",,0,0,1,0,0,0,0,0,0,"-","-","PLACERVILLE","EL DORADO","CA",0,0
"3325163",-121.07488728,38.651404648,2007,"0900","2","5","4","07",0,2,"A",,,,,,1800,7,"D","C","A","RT 50","EL DORADO HILLS BL",848,"W","N","2008-01-03",9245,"2007-07-20",1608,"01346",,"2","9","0","1",,"2","110","-","Y","ED",3,50,"-","-",0.7,"H","-","E","Y",3,"A","-",21658,"A","N","A","H","-","A","D","1","Y","A","01",0,0,2,0,0,0,0,0,0,"-","-","UNINCORPORATED","EL DORADO","CA",0,0
"3325531",-120.902591167,38.808619825,2007,"0900","3","6","4","08",0,1,"A","Y",,,,,1200,8,"G","B","F","RT 49","SOUTH FORK AMERICAN RV",12,"N","N","2008-01-25",9245,"2007-08-18",1155,"00912",,"1","9","0","1",,"1","115","-","Y","ED",3,49,"-","-",24.08,"H","-","S","N",2,"A","-",22107,,"N","A","H","-","A","D","0","Y","D","22",0,0,1,0,1,0,0,0,0,"-","-","UNINCORPORATED","EL DORADO","CA",0,0
"3325535",-120.82941962,38.722781231,2007,"0900","2","5","3","03",0,2,"A",,,,,,1800,8,"C","C","A","RT 50","PLACERVILLE DR",700,"E","N","2008-01-24",9245,"2007-08-10",1547,"01283",,"2","9","0","1",,"2","120","-","Y","ED",3,50,"-","-",16,"H","-","E","Y",4,"A","-",22350,,"N","A","H","-","A","D","1","Y","A","07",0,1,1,0,0,0,0,0,0,"-","-","UNINCORPORATED","EL DORADO","CA",0,0
"3325551",0,0,2007,"0900","5","1","4","08",0,1,"B",,,,,,1500,8,"E","I","A","GRIZZLEY FLAT RD","ARCTIC LN",250,"W","N","2008-01-18",9245,"2007-08-13",1425,"01383",,"2","9","0","3",,"2","004","-","N",,0,0,,,0,,,,"Y",1,"A","-",22107,,"N","A","H","-","A","D","0","Y","A","07",0,0,1,0,0,0,0,0,0,"-","-","UNINCORPORATED","EL DORADO","CA",0,0
"3325563",0,0,2007,"0900","5","2","3","01",0,1,"A",,,,,"Y",600,8,"E","I","A","BUCKS BAR RD","SPRINGER RD",8976,"S","N","2008-01-18",9245,"2007-08-07",405,"12810",,"3","9","0","3",,"2","004","-","N",,0,0,,,0,,,,"Y",1,"A","-",23152,"A","N","A","H","-","D","D","0","Y","A","01",0,1,0,0,0,0,0,0,0,"-","-","UNINCORPORATED","EL DORADO","CA",0,0
"3328178",0,0,2007,"0900","5","2","4","03",0,2,"A",,,,"Y",,1200,8,"C","C","A","SERRANO PKY","VILLAGIO DR",0,,"Y","2008-01-16",9245,"2007-08-21",905,"01526",,"1","9","0","3",,"2","001","-","N",,0,0,,,0,,,,"Y",2,"A","-",22350,,"N","A","H","-","A","A","0","Y","A","01",0,0,2,0,0,0,0,0,0,"-","-","UNINCORPORATED","EL DORADO","CA",0,0
"3328566",-121.057085563,38.657577828,2007,"0900","2","3","3","03",0,1,"A",,,"Y",,,900,7,"C","C","A","RT 50","SILVA VALLEY PKY",315,"W","N","2007-12-27",9245,"2007-07-25",630,"10315",,"1","9","0","1",,"2","110","-","Y","ED",3,50,"-","-",1.6,"H","-","W","Y",2,"A","-",22350,,"N","A","H","-","A","D","1","Y","C","02",0,1,0,0,0,0,0,0,1,"-","-","UNINCORPORATED","EL DORADO","CA",0,0
"3328621",-120.105825312,38.958284631,2007,"0900","3","3","4","03",0,1,"A",,,,"Y",,1500,8,"C","C","A","RT 89","EAGLE FALLS PICNIC AREA",40,"S","N","2008-02-04",9246,"2007-08-01",1410,"14478",,"2","9","0","1",,"1","030","-","Y","ED",3,89,"-","-",17.09,"H","-","N","Y",4,"A","-",22350,,"N","A","H","-","A","D","0","Y","G","25",0,0,1,0,0,0,0,0,0,"-","-","UNINCORPORATED","EL DORADO","CA",0,0
"3328625",-120.117433593,39.0310813,2007,"0900","3","2","4","03",0,1,"A",,,,"Y",,1500,8,"B","C","A","RT 89","MEEKS BAY AV",272,"S","N","2008-02-25",9246,"2007-08-07",1225,"01005",,"1","9","0","1",,"1","031","-","Y","ED",3,89,"-","-",24.12,"H","-","S","N",2,"A","-",22350,,"N","A","H","-","A","A","0","Y","F","25",0,0,1,0,0,0,0,0,0,"-","-","UNINCORPORATED","EL DORADO","CA",0,0
"3328753",-120.880594661,38.7202796936,2007,"0900","4","5","3","08",0,1,"A",,,,,,2100,8,"E","I","A","GREEN VALLEY RD","MORTARA",150,"W","N","2008-01-24",9245,"2007-08-03",1815,"14977",,"2","9","0","2",,"1","011","-","N",,0,0,,,0,,,,"Y",1,"A","-",22107,,"N","A","H","-","A","D","0","Y","A","01",0,1,0,0,0,0,0,0,0,"-","-","UNINCORPORATED","EL DORADO","CA",0,0
"3328769",-120.57328299,38.7398452759,2007,"0900","4","7","2","18",0,3,"A",,,,,,1200,8,"E","I","A","SLY PARK RD","STARKES GRADE",0,,"Y","2008-01-24",9245,"2007-08-05",1140,"10717",,"1","9","0","2",,"1","043","-","N",,0,0,,,0,,,,"Y",1,"C","-",0,,"N","A","H","-","A","D","0","Y","-","-",1,2,0,0,0,0,0,0,0,"-","-","UNINCORPORATED","EL DORADO","CA",0,0
"3328794",-121.074020979,38.651680015,2007,"0901","2","7","2","08",0,1,"A",,,,,,600,8,"E","I","A","RT 50","SILVA VALLEY RD",528,"E","N","2008-02-08",9245,"2007-08-19",420,"01513",,"3","2","0","1",,"2","110","-","Y","ED",3,50,"-","R",1.76,"H","-","E","Y",1,"A","-",22107,,"N","A","H","-","D","D","1","Y","A","01",1,0,0,0,0,0,0,0,0,"-","-","PLACERVILLE","EL DORADO","CA",0,0
"3328798",-120.972993044,38.659335169,2007,"0900","4","4","4","12",0,1,"A",,,,,,1800,8,"D","C","A","CAMERON PARK DR","RT 50",0,,"Y","2008-02-11",9245,"2007-08-16",1755,"00959",,"2","9","0","2",,"1","032","-","Y","ED",3,50,"-","-",6.464,"R","4","E","Y",2,"A","-",21453,"A","N","A","H","-","A","A","1","Y","D","22",0,0,1,0,0,0,0,0,0,"-","E","UNINCORPORATED","EL DORADO","CA",0,0
"3330060",-121.083612025,38.718334198,2007,"0900","5","5","3","01",0,1,"A",,,,,"Y",1800,7,"E","I","A","FRANCISCO DR","KENSINGTON DR",350,"S","N","2007-12-15",9245,"2007-07-27",1719,"01346",,"2","9","0","3",,"2","001","-","N",,0,0,,,0,,,,"Y",1,"A","-",23152,"A","N","A","H","-","A","D","0","Y","A","07",0,1,0,0,0,0,0,0,0,"-","-","UNINCORPORATED","EL DORADO","CA",0,0
"3330064",-120.627741457,38.6062011719,2007,"0900","5","7","2","01",0,1,"A",,,,,"Y",1800,7,"F","A","A","ROCKY BAR RD","SLUG GULCH RD",3168,"N","N","2007-12-15",9245,"2007-07-29",1515,"01327",,"2","9","0","3",,"2","004","-","N",,0,0,,,0,,,,"Y",1,"A","-",23152,"A","N","A","H","-","A","A","0","Y","D","22",1,0,0,0,0,0,0,0,0,"-","-","UNINCORPORATED","EL DORADO","CA",0,0
"3330327",-120.868663757,38.8458518982,2007,"0900","4","3","2","01",0,1,"A",,,"Y",,"Y",1800,8,"F","A","A","MARSHALL RD","VEERKAMP WY",387,"W","N","2008-01-22",9245,"2007-08-08",1720,"01302",,"2","9","0","2",,"1","021","-","N",,0,0,,,0,,,,"N",1,"A","-",23152,"A","N","A","H","-","A","D","0","Y","C","02",1,0,0,0,0,0,0,0,1,"-","-","UNINCORPORATED","EL DORADO","CA",0,0
"3330378",0,0,2007,"0900","5","7","4","01",0,1,"A",,,,,"Y",1800,8,"E","I","A","SILVA VALLEY PKY","PEDRA DR",260,"S","N","2008-01-31",9245,"2007-08-19",1735,"01302",,"2","9","0","3",,"2","001","-","N",,0,0,,,0,,,,"Y",1,"A","-",23152,"A","N","A","H","-","A","D","0","Y","A","01",0,0,1,0,0,0,0,0,0,"-","-","UNINCORPORATED","EL DORADO","CA",0,0
"3330382",0,0,2007,"0900","4","7","4","01",0,1,"A",,,,,"Y",300,8,"E","I","A","SLY PARK RD","KASEY LN",142,"N","N","2008-01-22",9245,"2007-08-19",240,"01082",,"3","9","0","2",,"1","043","-","N",,0,0,,,0,,,,"Y",1,"A","-",23152,"A","N","A","H","-","D","D","0","Y","A","01",0,0,1,0,0,0,0,0,0,"-","-","UNINCORPORATED","EL DORADO","CA",0,0
"3330386",-120.35504839,38.766579241,2007,"0900","2","2","3","01",0,1,"A",,,,,"Y",2400,8,"E","I","A","RT 50","ICE HOUSE RD",2851,"E","N","2008-02-11",9245,"2007-08-21",2210,"01082",,"3","9","0","1",,"1","160","-","Y","ED",3,50,"-","-",45.36,"H","-","W","Y",1,"A","-",23152,"A","N","A","H","-","D","A","0","Y","A","01",0,1,0,0,0,0,0,0,0,"-","-","UNINCORPORATED","EL DORADO","CA",0,0
"3330390",-120.82133304,38.822265195,2007,"0900","3","7","3","05",0,1,"A",,,"Y",,,1800,8,"F","A","A","RT 193","CATBIRD HILL LN",305,"E","N","2008-01-30",9245,"2007-08-19",1714,"01283",,"2","9","0","1",,"1","122","-","Y","ED",3,193,"-","-",18.71,"H","-","E","Y",1,"A","-",21650,,"N","A","H","-","A","D","0","Y","C","02",0,1,0,0,0,0,0,0,1,"-","-","UNINCORPORATED","EL DORADO","CA",0,0
"3330398",-120.932750619,38.905916869,2007,"0900","3","3","3","08",0,1,"A",,,,,,900,8,"F","A","A","RT 193","LOU ALLEN LN",1056,"S","N","2008-01-30",9245,"2007-08-22",740,"01526",,"1","9","0","1",,"1","122","-","Y","ED",3,193,"-","R",5.2,"H","-","W","Y",1,"A","-",22107,,"N","A","H","-","A","D","0","Y","A","01",0,1,0,0,0,0,0,0,0,"-","-","UNINCORPORATED","EL DORADO","CA",0,0
"3334019",-120.755906459,38.7448043823,2007,"0901","5","6","4","08",0,1,"A",,,,,,600,8,"E","J","A","CARSON RD","JACQUIER RD",1584,"E","N","2008-01-23",9245,"2007-08-04",550,"01527",,"3","2","0","3",,"2","002","-","N",,0,0,,,0,,,,"Y",1,"A","-",22107,,"N","A","H","-","B","D","0","Y","A","01",0,0,1,0,0,0,0,0,0,"-","-","PLACERVILLE","EL DORADO","CA",0,0
"3334023",-120.995713048,38.6606063843,2007,"0900","5","3","4","01",0,1,"A",,,,,"Y",300,8,"D","C","A","CAMBRIDGE RD","COUNTRY CLUB DR",0,,"Y","2008-01-23",9245,"2007-08-22",240,"01513",,"3","9","0","3",,"2","001","-","N",,0,0,,,0,,,,"Y",2,"A","-",23152,"A","N","A","H","-","D","A","0","Y","A","07",0,0,1,0,0,0,0,0,0,"-","-","UNINCORPORATED","EL DORADO","CA",0,0
"3334329",-120.005271786,38.876436372,2007,"0900","2","4","3","17",0,2,"A",,,,,,1500,8,"E","I","A","RT 50","SAWMILL RD",290,"E","N","2008-02-11",9246,"2007-08-09",1301,"01507",,"1","9","0","1",,"1","022","-","Y","ED",3,50,"-","-",72.76,"H","-","W","Y",1,"A","-",21662,,"N","A","H","-","A","D","0","Y","A","07",0,2,0,0,0,0,0,0,0,"-","-","UNINCORPORATED","EL DORADO","CA",0,0
"3334341",-120.122627605,38.805501996,2007,"0900","2","4","3","03",0,1,"A",,,"Y",,,1200,8,"F","A","A","RT 50","TWIN BRIDGES RD",40,"W","N","2008-02-11",9246,"2007-08-16",940,"9933",,"1","9","0","1",,"1","020","-","Y","ED",3,50,"-","-",60.35,"H","-","E","Y",1,"A","-",22350,,"N","A","H","-","A","A","0","Y","C","02",0,1,0,0,0,0,0,0,1,"-","-","UNINCORPORATED","EL DORADO","CA",0,0
"3334345",-119.989492911,38.8794670105,2007,"0900","4","6","4","03",0,1,"A",,,,,,1800,8,"C","C","A","PIONEER TRL","GLEN EAGLES RD",0,,"Y","2008-01-23",9246,"2007-08-25",1510,"17372",,"2","9","0","2",,"1","024","-","N",,0,0,,,0,,,,"Y",2,"A","-",22350,,"N","A","H","-","A","A","0","Y","D","22",0,0,1,0,0,0,0,0,0,"-","-","UNINCORPORATED","EL DORADO","CA",0,0
"3334349",-120.009815164,38.789601731,2007,"0900","3","2","3","08",0,3,"A",,,,,,1200,8,"D","C","A","RT 89","SOUTH UPPER TRUCKEE RD",3168,"S","N","2008-01-30",9246,"2007-08-14",1015,"01196",,"1","9","0","1",,"1","023","-","Y","ED",3,89,"-","-",4.1,"H","-","N","Y",2,"A","-",22107,,"N","A","H","-","A","A","0","Y","A","01",0,2,1,0,0,0,0,0,0,"-","-","UNINCORPORATED","EL DORADO","CA",0,0
"3334353",-120.004875854,38.786035958,2007,"0900","3","1","4","18",0,1,"A",,,,,,1500,8,"E","I","A","RT 89","BIG MEADOW TRAILHEAD ENT",1584,"N","N","2008-01-30",9246,"2007-08-20",1325,"01005",,"1","9","0","1",,"1","023","-","Y","ED",3,89,"-","-",3.7,"H","-","N","Y",1,"C","-",0,,"N","A","H","-","A","D","0","Y","-","-",0,0,1,0,0,0,0,0,0,"-","-","UNINCORPORATED","EL DORADO","CA",0,0
"3334357",-120.125787434,39.064991965,2007,"0900","3","3","2","01",0,1,"A",,,,,"Y",2100,8,"E","I","A","RT 89","WILSON AV",1373,"S","N","2008-01-30",9246,"2007-08-08",2040,"14478",,"2","9","0","1",,"1","031","-","Y","ED",3,89,"-","-",27,"H","-","N","Y",1,"A","-",23152,"A","N","A","H","-","D","D","0","Y","A","07",1,0,0,0,0,0,0,0,0,"-","-","UNINCORPORATED","EL DORADO","CA",0,0
"3334361",-120.015493622,38.8583450317,2007,"0900","5","4","4","21",0,1,"A",,"Y",,,,1800,8,"D","G","A","ARROWHEAD AV","MOJAVE ST",200,"S","N","2008-01-23",9246,"2007-08-09",1705,"14478","9246","2","9","0","3",,"2","200","-","N",,0,0,,,0,,,,"N",2,"A","-",22106,,"N","A","H","-","A","D","0","Y","A","07",0,0,1,0,0,0,1,0,0,"-","-","UNINCORPORATED","EL DORADO","CA",0,0
"3334365",-120.079132934,38.941665262,2007,"0900","3","7","3","05",0,3,"A",,,,,,1500,8,"B","C","A","RT 89","CASCADE RD",175,"N","N","2008-01-30",9246,"2007-08-19",1325,"01005",,"1","9","0","1",,"1","030","-","Y","ED",3,89,"-","-",13.83,"H","-","N","Y",2,"A","-",21650,,"N","A","H","-","A","D","0","Y","A","01",0,1,2,0,0,0,0,0,0,"-","-","UNINCORPORATED","EL DORADO","CA",0,0
"3335340",-121.078673067,38.7100944519,2007,"0900","4","6","4","12",0,2,"A",,,,,,1200,8,"D","C","A","GREEN VALLEY RD","EL DORADO HILLS BL",0,,"Y","2008-01-26",9245,"2007-08-25",940,"01334",,"1","9","0","2",,"1","011","-","N",,0,0,,,0,,,,"Y",2,"A","-",21453,"A","N","A","H","-","A","D","0","Y","A","07",0,0,2,0,0,0,0,0,0,"-","-","UNINCORPORATED","EL DORADO","CA",0,0
"3335352",-120.421049782,38.7855377197,2007,"0900","4","7","3","05",0,1,"A",,,"Y",,,1500,8,"A","C","A","ICE HOUSE RD","WEBER MILL RD",340,"S","N","2008-01-26",9245,"2007-08-26",1415,"01346",,"2","9","0","2",,"1","026","-","N",,0,0,,,0,,,,"Y",2,"A","-",21460,"A","N","A","H","-","A","D","0","Y","C","02",0,1,0,0,0,0,0,0,1,"-","-","UNINCORPORATED","EL DORADO","CA",0,0
"3335360",-120.843436405,38.681782309,2007,"0900","3","3","4","03",0,1,"A",,,,,,1500,8,"C","C","A","RT 49","EL DORADO ST",15,"E","N","2008-02-05",9245,"2007-08-15",1330,"10315",,"1","9","0","1",,"1","135","-","Y","ED",3,49,"-","-",9.86,"H","-","S","N",2,"A","-",22350,,"N","A","H","-","A","D","0","Y","D","22",0,0,1,0,0,0,0,0,0,"-","-","UNINCORPORATED","EL DORADO","CA",0,0
"3337392",-120.619121339,38.748349694,2007,"0900","2","5","3","17",0,2,"B",,,,,,1200,8,"E","I","A","RT 50","SLY PARK RD",106,"W","N","2008-02-20",9245,"2007-08-31",1155,"01082",,"1","9","0","1",,"2","150","-","Y","ED",3,50,"-","R",31.27,"H","-","W","Y",1,"A","-",21711,,"N","A","H","-","A","D","1","Y","E","22",0,2,0,0,0,0,0,0,0,"-","-","UNINCORPORATED","EL DORADO","CA",0,0
"3337393",-120.378164062,38.8683853149,2007,"0900","4","6","3","-",0,1,"B",,,"Y",,,1200,9,"F","A","A","ICE HOUSE RD","PICKETT PEN RD",19,"N","N","2008-02-19",9245,"2007-09-01",1040,"01082",,"1","9","0","2",,"1","026","-","N",,0,0,,,0,,,,"N",1,"A","-",0,,"N","A","H","-","A","D","0","Y","C","02",0,1,0,0,0,0,0,0,1,"-","-","UNINCORPORATED","EL DORADO","CA",0,0
"3341284",0,0,2007,"0900","4","7","3","05",0,2,"A",,,,,,1800,8,"E","I","A","EL DORADO HILLS BL","CROWN DR",500,"S","N","2008-02-08",9245,"2007-08-26",1715,"01302",,"2","9","0","2",,"1","012","-","N",,0,0,,,0,,,,"Y",3,"A","-",21460,"A","F","A","H","-","A","D","0","Y","A","01",0,1,1,0,0,0,0,0,0,"-","-","UNINCORPORATED","EL DORADO","CA",0,0
"3341300",-121.079429417,38.649869712,2007,"0900","2","5","2","01",0,1,"A",,,,,"Y",1800,8,"E","I","A","RT 50","LATROBE RD",2112,"W","N","2008-02-15",9245,"2007-08-31",1720,"00959",,"2","9","0","1",,"2","110","-","Y","ED",3,50,"-","-",0.45,"H","-","E","Y",1,"A","-",23152,"A","N","A","H","-","A","D","1","Y","A","01",1,0,0,0,0,0,0,0,0,"-","-","UNINCORPORATED","EL DORADO","CA",0,0
"3341364",-120.977486418,38.6805381775,2007,"0900","5","2","4","03",0,1,"A",,,,,,900,9,"C","C","A","MEDER RD","CAMERON PARK DR",1320,"E","N","2008-02-21",9245,"2007-09-04",750,"01526",,"1","9","0","3",,"2","001","-","N",,0,0,,,0,,,,"Y",2,"A","-",22350,,"N","A","H","-","A","D","0","Y","A","01",0,0,1,0,0,0,0,0,0,"-","-","UNINCORPORATED","EL DORADO","CA",0,0
"3341372",0,0,2007,"0900","4","7","3","05",0,1,"A",,,"Y",,,900,9,"E","I","A","SALMON FALLS RD","FALCONS CREST LN",4224,"N","N","2008-02-21",9245,"2007-09-02",830,"01334",,"1","9","0","2",,"1","012","-","N",,0,0,,,0,,,,"Y",1,"A","-",21650,,"N","A","H","-","A","D","0","Y","C","02",0,1,0,0,0,0,0,0,1,"-","-","UNINCORPORATED","EL DORADO","CA",0,0
"3341384",-120.332366669,38.763452175,2007,"0900","2","7","4","03",0,1,"A",,,,,"Y",2400,9,"E","I","A","RT 50","SAND FLAT CAMPGROUND",600,"W","N","2008-03-03",9245,"2007-09-02",2253,"01302",,"3","9","0","1",,"1","160","-","Y","ED",3,50,"-","-",46.71,"H","-","W","Y",1,"A","-",22350,,"N","A","H","-","D","D","0","Y","A","01",0,0,1,0,0,0,0,0,0,"-","-","UNINCORPORATED","EL DORADO","CA",0,0
"3341431",-120.817128084,38.833801908,2007,"0900","5","2","3","21",0,1,"A",,,"Y",,,1200,9,"C","C","A","TRAVERSE CREEK RD","RT 193",4,"W","N","2008-02-28",9245,"2007-09-04",940,"01526",,"1","9","0","3",,"2","002","-","Y","ED",3,193,"-","-",17.72,"I","6","W","Y",2,"A","-",22106,,"N","A","H","-","A","A","0","Y","A","01",0,1,0,0,0,0,0,0,1,"-","-","UNINCORPORATED","EL DORADO","CA",0,0
"3343388",0,0,2007,"0900","4","4","3","05",0,1,"A",,,,,,2100,8,"E","I","A","MOUNT AUKUM RD","LONE BARN RD",240,"N","N","2008-01-25",9245,"2007-08-23",1905,"00959",,"2","9","0","2",,"1","042","-","N",,0,0,,,0,,,,"Y",1,"A","-",21650,,"N","A","H","-","A","D","0","Y","A","07",0,1,0,0,0,0,0,0,0,"-","-","UNINCORPORATED","EL DORADO","CA",0,0
"3343392",-121.077754957,38.7140922546,2007,"0900","4","7","3","06",0,1,"A",,,"Y",,,2100,8,"C","C","A","SALMON FALLS RD","LAKEHILLS DR",6,"S","N","2008-01-25",9245,"2007-08-26",1920,"01283",,"2","9","0","2",,"1","012","-","N",,0,0,,,0,,,,"Y",2,"A","-",21750,,"N","A","H","-","A","D","0","Y","C","02",0,1,0,0,0,0,0,0,1,"-","-","UNINCORPORATED","EL DORADO","CA",0,0
"3343396",-120.672332197,38.6003036499,2007,"0900","5","7","3","03",0,1,"A",,,,,,1200,8,"E","I","A","FAIRPLAY RD","PERRY CREEK RD",10560,"E","N","2008-02-21",9245,"2007-08-26",1145,"10059",,"1","9","0","3",,"2","004","-","N",,0,0,,,0,,,,"Y",1,"A","-",22350,,"N","A","H","-","A","D","0","Y","A","01",0,1,0,0,0,0,0,0,0,"-","-","UNINCORPORATED","EL DORADO","CA",0,0
"3343464",-120.933213038,38.664645173,2007,"0900","2","2","4","08",0,1,"A",,,,,,1500,8,"F","A","A","RT 50","PONDEROSA RD",450,"E","N","2008-02-11",9245,"2007-08-28",1245,"01526",,"1","9","0","1",,"2","120","-","Y","ED",3,50,"-","R",8.763,"R","3","W","Y",1,"A","-",22107,,"N","A","H","-","A","D","1","Y","D","22",0,0,1,0,0,0,0,0,0,"-","-","UNINCORPORATED","EL DORADO","CA",0,0