"CASEID","POINT_X","POINT_Y","YEAR_","LOCATION","CHPTYPE","DAYWEEK","CRASHSEV","VIOLCAT","KILLED","INJURED","WEATHER1","PEDCOL","BICCOL","MCCOL","TRUCKCOL","ETOH","TIMECAT","MONTH_","CRASHTYP","INVOLVE","PED","PRIMARYRD","SECONDRD","DISTANCE","DIRECT","INTERSECT_","PROCDATE","JURIS","DATE_","TIME_","BADGE","JURIDIST","SHIFT","POP","SPECIAL","BEATTYPE","LAPDDIV","BEATCLAS","BEATNUMB","WEATHER2","STATEHW","CALTRANC","CALTRAND","STROUTE","ROUTESUF","POSTPRE","POSTMILE","LOCATYPE","RAMP","SIDEHW","TOWAWAY","PARTIES","PCF","VIOLCODE","VIOL","VIOLSUB","HITRUN","ROADSURF","RDCOND1","RDCOND2","LIGHTING","RIGHTWAY","CHPRDTYP","NOTPRIV","STFAULT","CHPFAULT","SEVINJ","OTHERINJ","COP","PEDKILL","PEDINJ","BICKILL","BICINJ","MCKILL","MCINJURE","RAMP1","RAMP2","CITY","COUNTY","STATE","X_CHP","Y_CHP"
"3567183",-121.018628242,38.6030845642,2008,"0900","5","5","3","01",0,1,"A",,,,,"Y",2100,1,"E","I","A","COTHRIN RANCH RD","LA TROBE RD",2112,"E","N","2008-08-05",9245,"2008-01-18",2025,"12720",,"2","9","0","3",,"2","003","-","N",,0,0,,,0,,,,"Y",1,"A","-",23152,"A","N","A","H","-","D","D","0","Y","A","07",0,1,0,0,0,0,0,0,0,"-","-","UNINCORPORATED","EL DORADO","CA",0,0
"3567187",-120.704542714,38.6920967102,2008,"0900","4","1","4","05",0,2,"B",,,,,,2400,1,"A","C","A","PLEASANT VALLEY RD","THORSON DR",30,"W","N","2008-08-08",9245,"2008-01-21",2140,"00920",,"2","9","0","2",,"1","041","-","N",,0,0,,,0,,,,"Y",3,"A","-",21460,"A","N","B","H","-","D","D","0","Y","A","01",0,0,2,0,0,0,0,0,0,"-","-","UNINCORPORATED","EL DORADO","CA",0,0
"3567258",-120.828997734,38.723049701,2008,"0900","2","5","4","03",0,1,"A",,,,,,2100,1,"C","C","A","RT 50","FORNI RD",1056,"E","N","2008-08-29",9245,"2008-01-18",1845,"01005",,"2","9","0","1",,"2","120","-","Y","ED",3,50,"-","-",16.03,"H","-","E","Y",2,"A","-",22350,,"N","A","H","-","D","D","1","Y","A","01",0,0,1,0,0,0,0,0,0,"-","-","UNINCORPORATED","EL DORADO","CA",0,0
"3568399",-120.931071049,38.6940383911,2008,"0900","4","5","3","18",0,1,"B",,,,,,1800,1,"E","I","A","NORTH SHINGLE RD","WILDWOOD WY",1056,"S","N","2008-08-15",9245,"2008-01-25",1520,"01383",,"2","9","0","2",,"1","013","C","N",,0,0,,,0,,,,"Y",1,"C","-",0,,"N","B","H","-","A","D","0","Y","-","-",0,1,0,0,0,0,0,0,0,"-","-","UNINCORPORATED","EL DORADO","CA",0,0
"3568501",-120.673556315,38.734349494,2008,"0900","2","5","3","03",0,1,"B",,,,,,900,2,"F","A","A","RT 50","SNOWS RD",528,"E","N","2008-10-01",9245,"2008-02-01",710,"01005",,"1","9","0","1",,"2","140","-","Y","ED",3,50,"-","-",25.38,"H","-","E","Y",1,"A","-",22350,,"N","C","H","-","A","D","1","Y","D","22",0,1,0,0,0,0,0,0,0,"-","-","UNINCORPORATED","EL DORADO","CA",0,0
"3568529",-120.384827104,38.770392349,2008,"0900","2","7","3","05",0,2,"B",,,,,,2400,2,"D","C","A","RT 50","RANDALL TRACT BRG",8448,"E","N","2008-10-17",9245,"2008-02-03",2130,"01383",,"2","9","0","1",,"1","160","D","Y","ED",3,50,"-","R",44.3,"H","-","W","Y",2,"A","-",21650,,"N","C","H","-","D","D","0","Y","A","07",0,1,1,0,0,0,0,0,0,"-","-","UNINCORPORATED","EL DORADO","CA",0,0
"3574122",-120.019871588,38.847849566,2008,"0900","3","7","4","17",0,1,"D",,,,,,1800,1,"A","C","A","RT 89","CORNELIAN DR",500,"N","N","2008-09-03",9246,"2008-01-20",1645,"01196",,"2","9","0","1",,"1","023","-","Y","ED",3,89,"-","-",8.29,"H","-","N","Y",2,"A","-",21663,,"N","C","H","-","B","A","0","Y","A","01",0,0,1,0,0,0,0,0,0,"-","-","UNINCORPORATED","EL DORADO","CA",0,0
"3574138",-120.002735336,38.88353844,2008,"0900","2","2","3","03",0,1,"A",,,,,,1200,1,"F","A","A","RT 50","JEWELL DR",384,"W","N","2008-08-28",9246,"2008-01-01",1115,"01318",,"1","9","0","1",,"1","022","-","Y","ED",3,50,"-","-",73.27,"H","-","W","Y",1,"A","-",22350,,"N","A","H","-","A","D","0","Y","D","22",0,1,0,0,0,0,0,0,0,"-","-","UNINCORPORATED","EL DORADO","CA",0,0
"3574147",-120.857615009,38.6842536926,2008,"0900","4","7","4","03",0,1,"A",,,"Y",,,1500,1,"F","A","A","EL DORADO RD","MOTHER LODE DR",3168,"S","N","2008-08-13",9245,"2008-01-13",1400,"01005",,"2","9","0","2",,"2","011","-","N",,0,0,,,0,,,,"Y",1,"A","-",22350,,"N","A","H","-","A","A","0","Y","C","02",0,0,1,0,0,0,0,0,1,"-","-","UNINCORPORATED","EL DORADO","CA",0,0
"3574151",0,0,2008,"0900","4","1","3","05",0,2,"B",,,,,,600,1,"E","I","A","SLY PARK RD","DOE VIEW PL",75,"N","N","2008-08-13",9245,"2008-01-21",510,"01283",,"3","9","0","2",,"1","043","D","N",,0,0,,,0,,,,"Y",1,"A","-",21650,,"N","C","H","-","D","D","0","Y","A","01",0,1,1,0,0,0,0,0,0,"-","-","UNINCORPORATED","EL DORADO","CA",0,0
"3574155",-120.755268999,38.675819397,2008,"0900","4","6","3","03",0,2,"A",,,,,,2400,1,"E","I","A","PLEASANT VALLEY RD","VICTORY MINE RD",410,"E","N","2008-08-13",9245,"2008-01-19",2335,"01283",,"3","9","0","2",,"1","041","-","N",,0,0,,,0,,,,"Y",1,"A","-",22350,,"N","A","H","-","D","D","0","Y","A","01",0,2,0,0,0,0,0,0,0,"-","-","UNINCORPORATED","EL DORADO","CA",0,0
"3574524",-121.012061747,38.8241500854,2008,"0900","4","5","3","08",0,1,"E",,,,,,900,1,"E","I","A","SALMON FALLS RD","POND VIEW RD",579,"S","N","2008-08-07",9245,"2008-01-11",615,"00912",,"1","9","0","2",,"2","012","-","N",,0,0,,,0,,,,"Y",1,"A","-",22107,,"N","B","H","-","D","D","0","Y","D","22",0,1,0,0,0,0,0,0,0,"-","-","UNINCORPORATED","EL DORADO","CA",0,0
"3574536",-120.995280529,38.6968650818,2008,"0900","4","5","3","03",0,1,"B",,,,,,900,1,"E","I","A","CAMERON PARK DR","WINTERHAVEN DR",48,"S","N","2008-08-07",9245,"2008-01-11",610,"01526",,"1","9","0","2",,"1","015","E","N",,0,0,,,0,,,,"Y",1,"A","-",22350,,"N","B","H","-","C","D","0","Y","A","01",0,1,0,0,0,0,0,0,0,"-","-","UNINCORPORATED","EL DORADO","CA",0,0
"3574540",-121.032069741,38.6059646606,2008,"0900","4","3","4","08",0,1,"B",,,,,,900,1,"E","I","A","LATROBE RD","WETSEL-OVIATT RD",3168,"S","N","2008-08-07",9245,"2008-01-09",750,"01526",,"1","9","0","2",,"2","031","-","N",,0,0,,,0,,,,"Y",1,"A","-",22107,,"N","B","H","-","A","D","0","Y","D","22",0,0,1,0,0,0,0,0,0,"-","-","UNINCORPORATED","EL DORADO","CA",0,0
"3574544",-121.031909825,38.7037277222,2008,"0900","4","3","4","03",0,1,"B",,,,,,1500,1,"C","C","A","GREEN VALLEY RD","DEER VALLEY RD",200,"W","N","2008-08-08",9245,"2008-01-09",1200,"01314",,"1","9","0","2",,"2","011","-","N",,0,0,,,0,,,,"N",2,"A","-",22350,,"N","A","H","-","A","A","0","Y","D","22",0,0,1,0,0,0,0,0,0,"-","-","UNINCORPORATED","EL DORADO","CA",0,0
"3574596",-120.24710005,38.780758291,2008,"0900","2","2","3","01",0,1,"D",,,,,,2100,1,"E","I","A","RT 50","WRIGHTS LAKE RD",10560,"W","N","2008-10-07",9245,"2008-01-08",2020,"01327",,"2","9","0","1",,"1","170","-","Y","ED",3,50,"-","-",51.8,"H","-","W","Y",1,"A","-",23152,"A","N","C","H","-","D","D","0","Y","A","01",0,1,0,0,0,0,0,0,0,"-","-","UNINCORPORATED","EL DORADO","CA",0,0
"3574600",-121.001083049,38.6650733948,2008,"0900","5","3","3","01",0,1,"B",,,"Y",,"Y",2400,1,"D","C","A","CHELSEA RD","WENTWORTH RD",0,,"Y","2008-08-11",9245,"2008-01-09",2130,"01327",,"2","9","0","3",,"2","001","C","N",,0,0,,,0,,,,"Y",2,"A","-",21221,"5","N","B","H","-","D","A","0","Y","O","05",0,1,0,0,0,0,0,0,1,"-","-","UNINCORPORATED","EL DORADO","CA",0,0
"3577967",-120.805578123,38.728675968,2008,"0901","0","1","4","-",0,1,"C",,,,,,2100,1,"C","C","A","RT 50","SPRING ST",0,,"Y","2008-10-07",901,"2008-01-21",1804,"264","0901","5","2","0","0",,"0","PP1","-","Y","ED",3,49,"-","-",14.891,"I","5","S","Y",2,"A","-",0,,"N","B","H","-","C","D","0","Y","-","-",0,0,1,0,0,0,0,0,0,"-","-","PLACERVILLE","EL DORADO","CA",0,0
"3579081",-121.072976355,38.6616401672,2008,"0900","4","2","3","03",0,1,"B",,,,,,1500,1,"E","I","A","EL DORADO HILLS BL","SERRANO PKY",600,"N","N","2008-07-15",9245,"2008-01-22",1345,"01302",,"1","9","0","2",,"2","012","C","N",,0,0,,,0,,,,"Y",1,"A","-",22350,,"N","B","H","-","A","D","0","Y","A","01",0,1,0,0,0,0,0,0,0,"-","-","UNINCORPORATED","EL DORADO","CA",0,0
"3579089",-120.983828886,38.6587409973,2008,"0900","5","5","4","08",0,1,"A",,,,,,2100,1,"B","C","A","COUNTRY CLUB DR","GARDEN CIR",25,"E","N","2008-07-15",9245,"2008-01-18",1957,"01302",,"2","9","0","3",,"2","001","-","N",,0,0,,,0,,,,"Y",2,"A","-",22107,,"F","A","H","-","D","A","0","Y","A","01",0,0,1,0,0,0,0,0,0,"-","-","UNINCORPORATED","EL DORADO","CA",0,0
"3580132",-119.978042915,38.92395401,2008,"0902","0","1","3","12",0,1,"D",,,,,,1200,1,"D","C","A","MARTIN AV","OSBORNE AV",0,,"Y","2008-08-06",902,"2008-01-21",1054,"183",,"5","3","0","0",,"0",,"-","N",,0,0,,,0,,,,"Y",2,"A","-",22450,"A","N","C","B","-","A","A","0","Y","A","07",0,1,0,0,0,0,0,0,0,"-","-","SOUTH LAKE TAHOE","EL DORADO","CA",0,0
"3580136",-119.978193639,38.933243463,2008,"0902","0","6","4","09",0,1,"A",,,,,,2100,1,"D","C","A","LAKE TAHOE BL","EDGEWOOD CIR",0,,"Y","2008-08-28",902,"2008-01-12",1947,"182",,"5","3","0","0",,"0","WES","-","Y","ED",3,50,"-","-",77.44,"I","5","W","Y",2,"A","-",21801,"A","N","A","H","-","D","A","0","Y","D","22",0,0,1,0,0,0,0,0,0,"-","-","SOUTH LAKE TAHOE","EL DORADO","CA",0,0
"3580165",-120.000192918,38.9179267883,2008,"0902","0","1","4","09",0,1,"D",,,,,,1200,1,"D","C","A","3RD ST","ELOISE AV",0,,"Y","2008-08-06",902,"2008-01-21",955,"131",,"5","3","0","0",,"0",,"-","N",,0,0,,,0,,,,"N",2,"A","-",21802,"A","N","C","H","-","A","A","0","Y","A",,0,0,1,0,0,0,0,0,0,"-","-","SOUTH LAKE TAHOE","EL DORADO","CA",0,0
"3580181",-119.957344081,38.948573336,2008,"0902","0","1","4","09",0,1,"A",,,,,,2100,1,"D","C","A","LAKE TAHOE BL","SKI RUN BL",471,"E","N","2008-08-28",902,"2008-01-07",1905,"150",,"5","3","0","0",,"0","021","-","Y","ED",3,50,"-","-",79.3,"H","-","E","Y",2,"A","-",21804,"A","N","C","H","-","C","D","0","Y","A",,0,0,1,0,0,0,0,0,0,"-","-","SOUTH LAKE TAHOE","EL DORADO","CA",0,0
"3580185",-120.007038528,38.915649473,2008,"0902","0","6","3","09",0,1,"A",,,,,,2100,1,"D","C","A","EMERALD BAY RD","5TH ST",40,"N","N","2008-08-20",902,"2008-01-12",1838,"182",,"5","3","0","0",,"0","WES","-","Y","ED",3,89,"-","-",8.76,"H","-","N","Y",2,"A","-",21801,"A","N","A","H","-","D","A","0","Y","A","01",0,1,0,0,0,0,0,0,0,"-","-","SOUTH LAKE TAHOE","EL DORADO","CA",0,0
"3583201",-120.933316464,38.66459078,2008,"0900","2","6","2","08",0,1,"B",,,,,,900,1,"E","I","A","RT 50","PONDEROSA RD",1116,"E","N","2008-08-29",9245,"2008-01-12",707,"11511",,"1","9","0","1",,"2","120","-","Y","ED",3,50,"-","R",8.76,"H","-","W","Y",1,"A","-",22107,,"N","B","H","-","C","D","1","Y","A","01",1,0,0,0,0,0,0,0,0,"-","-","UNINCORPORATED","EL DORADO","CA",0,0
"3583205",0,0,2008,"0900","5","7","4","03",0,1,"A",,,"Y",,,1500,1,"F","A","A","EDGEHILL DR","COURTNEY WY",414,"S","N","2008-08-18",9245,"2008-01-13",1410,"13342",,"2","9","0","3",,"2","001","-","N",,0,0,,,0,,,,"N",1,"A","-",22350,,"N","A","H","-","A","D","0","Y","C","02",0,0,1,0,0,0,0,0,1,"-","-","UNINCORPORATED","EL DORADO","CA",0,0
"3583213",-121.074913059,38.651665161,2008,"0900","4","6","3","09",0,2,"B",,,,,,2100,1,"D","C","A","EL DORADO HILLS BL","RT 50",0,,"Y","2008-08-29",9245,"2008-01-12",1920,"10059",,"2","9","0","2",,"2","012","-","Y","ED",3,50,"-","-",0.686,"R","4","W","Y",2,"A","-",21453,"C","N","A","H","-","C","A","1","Y","A","01",0,1,1,0,0,0,0,0,0,"-","W","UNINCORPORATED","EL DORADO","CA",0,0
"3585722",-120.912813467,38.7941398621,2008,"0900","4","5","4","08",0,1,"B",,,,,,2400,1,"E","I","A","LOTUS RD","BASSI RD",1584,"W","N","2008-07-17",9245,"2008-01-25",2220,"01272",,"3","9","0","2",,"1","013","-","N",,0,0,,,0,,,,"Y",1,"A","-",22107,,"N","B","H","-","D","D","0","Y","A","01",0,0,1,0,0,0,0,0,0,"-","-","UNINCORPORATED","EL DORADO","CA",0,0
"3586101",-120.86065303,38.703175181,2008,"0900","2","4","3","12",0,1,"B",,,,,,1800,1,"D","C","A","RT 50","EL DORADO RD",0,,"Y","2008-08-29",9245,"2008-01-10",1735,"12720",,"2","9","0","1",,"2","120","-","Y","ED",3,50,"-","R",13.865,"R","4","E","Y",2,"A","-",22450,"A","F","B","H","-","B","A","1","Y","-","99",0,1,0,0,0,0,0,0,0,"T","-","UNINCORPORATED","EL DORADO","CA",0,0
"3588248",-120.003302265,38.910996188,2008,"0902","0","6","4","00",0,1,"A",,,,,,1800,1,"B","C","A","EMERALD BAY RD","EMERALD BAY RD 1043",0,,"N","2008-08-19",902,"2008-01-26",1624,"189",,"5","3","0","0",,"0",,"-","Y","ED",3,50,"-","-",75.27,"H","-","E","N",2,"D","-",0,,"N","C","H","-","A","A","0","Y","-","-",0,0,1,0,0,0,0,0,0,"-","-","SOUTH LAKE TAHOE","EL DORADO","CA",0,0
"3588256",-120.006001174,38.9159622192,2008,"0902","0","4","3","03",0,1,"A",,,,,,900,1,"E","I","A","JAMES AV","5TH ST",120,"S","N","2008-07-30",902,"2008-01-17",842,"178",,"5","3","0","0",,"0",,"-","N",,0,0,,,0,,,,"N",1,"A","-",22350,,"N","A","H","-","A","D","0","Y","A","01",0,1,0,0,0,0,0,0,0,"-","-","SOUTH LAKE TAHOE","EL DORADO","CA",0,0
"3588260",-119.999087961,38.91670699,2008,"0902","0","4","4","03",0,1,"D",,,,,,1800,1,"C","C","A","LAKE TAHOE BL","3RD ST",0,,"Y","2008-08-28",902,"2008-01-31",1616,"178",,"5","3","0","0",,"0",,"-","Y","ED",3,50,"-","-",75.82,"H","-","E","Y",2,"A","-",22350,,"N","C","H","-","A","A","0","Y","-","-",0,0,1,0,0,0,0,0,0,"-","-","SOUTH LAKE TAHOE","EL DORADO","CA",0,0
"3588319",-119.979838953,38.9305038452,2008,"0902","0","4","2","04",0,2,"B",,,,,"Y",1800,1,"C","C","A","LAKE TAHOE BL","BLUE LAKE AV",30,"W","N","2008-07-30",902,"2008-01-24",1559,"183",,"5","3","0","0",,"0",,"-","N",,0,0,,,0,,,,"Y",2,"A","-",21703,,"N","A","-","-","A","D","0","Y","D","22",2,0,0,0,0,0,0,0,0,"-","-","SOUTH LAKE TAHOE","EL DORADO","CA",0,0
"3588482",-119.984102918,38.9363250732,2008,"0902","0","6","4","09",0,2,"D",,,,,,2400,2,"D","C","A","NEVADA AV","CAPISTRANO AV",0,,"Y","2008-08-26",902,"2008-02-02",2128,"182",,"5","3","0","0",,"0","EAS","-","N",,0,0,,,0,,,,"Y",2,"A","-",21800,"A","N","C","H","-","D","D","0","Y","A","01",0,0,2,0,0,0,0,0,0,"-","-","SOUTH LAKE TAHOE","EL DORADO","CA",0,0
"3589090",-120.936003038,38.6588935852,2008,"0900","4","1","4","12",0,1,"B",,,,,,900,1,"D","D","A","SOUTH SHINGLE RD","SUNSET DR",0,,"Y","2008-07-14",9245,"2008-01-28",650,"01151",,"1","9","0","2",,"1","032","-","N",,0,0,,,0,,,,"Y",2,"A","-",22450,"A","N","B","H","-","A","A","0","Y","D","22",0,0,1,0,0,0,0,0,0,"-","-","UNINCORPORATED","EL DORADO","CA",0,0
"3589096",-120.850065993,38.600294889,2008,"0900","3","6","3","03",0,1,"B",,,,,,900,1,"F","A","A","RT 49","UNION MINE RD",2904,"N","N","2008-08-21",9245,"2008-01-26",720,"01151",,"1","9","0","1",,"1","135","-","Y","ED",3,49,"-","-",3.64,"H","-","S","Y",1,"A","-",22350,,"N","B","H","-","A","D","0","Y","A","01",0,1,0,0,0,0,0,0,0,"-","-","UNINCORPORATED","EL DORADO","CA",0,0
"3589104",-121.004193048,38.655825167,2008,"0900","5","1","4","12",0,1,"B",,,,,,900,1,"D","D","A","CAMBRIDGE RD","RT 50",0,,"Y","2008-08-29",9245,"2008-01-28",800,"01151",,"1","9","0","3",,"2","001","-","Y","ED",3,50,"-","-",4.733,"R","4","E","N",2,"A","-",22450,"A","N","B","H","-","A","A","1","Y","A","01",0,0,1,0,0,0,0,0,0,"-","-","UNINCORPORATED","EL DORADO","CA",0,0
"3589106",-120.730115204,38.7965240479,2008,"0900","4","3","3","05",0,1,"C",,,,,,2100,1,"E","I","A","MOSQUITO RD","ROCK CREEK RD",417,"S","N","2008-07-14",9245,"2008-01-23",2010,"01327",,"2","9","0","2",,"1","023","E","N",,0,0,,,0,,,,"Y",1,"A","-",21650,,"N","B","H","-","D","D","0","Y","D","22",0,1,0,0,0,0,0,0,0,"-","-","UNINCORPORATED","EL DORADO","CA",0,0
"3589120",-120.550429657,38.764547565,2008,"0900","2","4","3","05",0,2,"D",,,,,,1500,1,"F","A","A","RT 50","SLY PARK RD",2,"E","N","2008-08-29",9245,"2008-01-31",1450,"01082",,"2","9","0","1",,"2","150","-","Y","ED",3,50,"-","-",33.12,"H","-","E","Y",1,"A","-",21650,,"N","C","H","-","A","D","1","Y","A","07",0,2,0,0,0,0,0,0,0,"-","-","UNINCORPORATED","EL DORADO","CA",0,0
"3589340",-121.002968081,38.5818824768,2008,"0900","4","2","1","01",1,1,"A",,,"Y",,"Y",2400,1,"C","C","A","LATROBE RD","SUN RIDGE MEADOW RD",2640,"S","N","2008-03-06",9245,"2008-01-01",2228,"01272",,"3","9","0","2",,"2","031","-","N",,0,0,,,0,,,,"Y",2,"A","-",23152,"A","N","A","H","-","D","D","0","Y","C","02",1,0,0,0,0,0,0,1,1,"-","-","UNINCORPORATED","EL DORADO","CA",0,0
"3590522",-120.972993044,38.659335169,2008,"0900","4","6","4","12",0,1,"B",,,,,,1500,2,"D","C","A","CAMERON PARK DR","RT 50",0,,"Y","2008-09-16",9245,"2008-02-02",1425,"01151",,"2","9","0","2",,"1","032","C","Y","ED",3,50,"-","-",6.464,"R","4","E","Y",2,"A","-",21453,"A","N","B","H","-","A","A","1","Y","D","22",0,0,1,0,0,0,0,0,0,"-","E","UNINCORPORATED","EL DORADO","CA",0,0
"3590542",-120.72912815,38.6750564575,2008,"0900","4","1","4","03",0,1,"A",,,,,,1200,2,"E","I","A","BUCKS BAR RD","SPRINGER RD",10,"N","N","2008-08-29",9245,"2008-02-04",1035,"01334",,"1","9","0","2",,"1","042","-","N",,0,0,,,0,,,,"Y",1,"A","-",22350,,"N","A","H","-","A","D","0","Y","D","22",0,0,1,0,0,0,0,0,0,"-","-","UNINCORPORATED","EL DORADO","CA",0,0
"3591451",0,0,2008,"0900","4","5","3","05",0,2,"B",,,,,,1500,1,"A","C","A","SLY PARK RD","GOLD RIDGE TRL",1056,"N","N","2008-07-22",9245,"2008-01-25",1425,"01334",,"2","9","0","2",,"1","043","-","N",,0,0,,,0,,,,"Y",2,"A","-",21460,"A","N","B","H","-","A","D","0","Y","A","01",0,1,1,0,0,0,0,0,0,"-","-","UNINCORPORATED","EL DORADO","CA",0,0
"3591455",0,0,2008,"0900","5","5","4","03",0,1,"B",,,,,,1800,1,"C","C","A","SILVA VALLEY PKY","PEDRA DR",300,"N","N","2008-07-22",9245,"2008-01-25",1530,"01302",,"2","9","0","3",,"2","001","C","N",,0,0,,,0,,,,"Y",2,"A","-",22350,,"N","B","H","-","A","D","0","Y","A","01",0,0,1,0,0,0,0,0,0,"-","-","UNINCORPORATED","EL DORADO","CA",0,0
"3593827",-120.002062918,38.9199867249,2008,"0902","0","4","3","03",0,1,"A",,"Y",,,,1500,1,"C","G","A","3RD ST","WASHINGTON AV",0,,"Y","2008-08-18",902,"2008-01-03",1312,"181",,"5","3","0","0",,"0",,"-","N",,0,0,,,0,,,,"N",2,"A","-",22350,,"F","B","H","-","A","A","0","Y","A","01",0,1,0,0,0,0,1,0,0,"-","-","SOUTH LAKE TAHOE","EL DORADO","CA",0,0
"3594442",-120.934274,38.7029876709,2008,"0900","4","5","1","05",1,0,"B",,,,,,2100,1,"E","I","A","NORTH SHINGLE RD","UPPER LN",91,"W","N","2008-03-12",9245,"2008-01-25",1905,"01005",,"2","9","0","2",,"1","013","C","N",,0,0,,,0,,,,"Y",1,"A","-",21650,,"N","B","H","-","D","D","0","Y","A","01",0,0,0,0,0,0,0,0,0,"-","-","UNINCORPORATED","EL DORADO","CA",0,0
"3594472",-119.985254945,38.8847351074,2008,"0900","4","1","4","03",0,1,"A",,,,,,1800,2,"C","C","A","PIONEER TRL","WASHOAN BL",45,"W","N","2008-09-02",9246,"2008-02-25",1725,"01447",,"2","9","0","2",,"1","024","-","N",,0,0,,,0,,,,"N",2,"A","-",22350,,"N","B","H","-","A","D","0","Y","I","10",0,0,1,0,0,0,0,0,0,"-","-","UNINCORPORATED","EL DORADO","CA",0,0
"3594545",-120.806879292,38.724756112,2007,"0901","0","3","1","03",1,0,"A",,,"Y",,,1800,10,"E","I","A","SACRAMENTO ST","SKYLINE DR",1056,"E","N","2008-03-18",901,"2007-10-10",1726,"245",,"5","2","0","0",,"0","PP1","B","Y","ED",3,49,"-","-",14.28,"H","-","S","Y",1,"A","-",22350,,"N","A","H","-","A","D","0","Y","-","-",0,0,0,0,0,0,0,1,0,"-","-","PLACERVILLE","EL DORADO","CA",0,0
"3594935",-120.718080086,38.6334190369,2008,"0900","5","4","4","01",0,1,"B",,,,,"Y",1800,1,"E","I","A","SANDRIDGE RD","MARY ANN LN",2112,"W","N","2008-07-29",9245,"2008-01-24",1525,"01383",,"2","9","0","3",,"2","004","-","N",,0,0,,,0,,,,"N",1,"A","-",23152,"A","N","B","H","-","A","D","0","Y","D","22",0,0,1,0,0,0,0,0,0,"-","-","UNINCORPORATED","EL DORADO","CA",0,0
"3594939",-120.933276942,38.7521591187,2008,"0900","4","1","4","01",0,1,"B",,,,,"Y",1800,1,"F","A","A","LOTUS RD","SPRINGVALE RD",1260,"N","N","2008-07-29",9245,"2008-01-21",1655,"01327",,"2","9","0","2",,"1","013","D","N",,0,0,,,0,,,,"Y",1,"A","-",23152,"A","N","C","H","-","A","D","0","Y","A","07",0,0,1,0,0,0,0,0,0,"-","-","UNINCORPORATED","EL DORADO","CA",0,0
"3597291",-120.804276956,38.728380133,2008,"0901","0","6","4","03",0,1,"A",,,,,,1500,1,"C","C","A","RT 50","SPRING ST",37,"E","N","2008-08-29",901,"2008-01-26",1240,"237","0901","5","2","0","0",,"0","PP1","-","Y","ED",3,50,"-","-",17.68,"H","-","W","N",2,"A","-",22350,,"N","A","H","-","A","A","0","Y","A",,0,0,1,0,0,0,0,0,0,"-","-","PLACERVILLE","EL DORADO","CA",0,0
"3597299",0,0,2008,"0901","0","5","4","05",0,1,"A",,,,,,900,1,"E","E","A","BROADWAY DR","LAMP POST 470",81,"W","N","2008-08-07",901,"2008-01-18",719,"237","0901","5","2","0","0",,"0","PP2","-","N",,0,0,,,0,,,,"Y",2,"A","-",21650,,"N","C","H","-","A","D","0","Y","D",,0,0,1,0,0,0,0,0,0,"-","-","PLACERVILLE","EL DORADO","CA",0,0
"3601516",-120.811668222,38.9224090576,2008,"0900","5","3","2","05",0,1,"C",,,,,"Y",2400,1,"E","I","A","WENTWORTH SPRINGS RD","FOX RUN RD",700,"W","N","2008-07-26",9245,"2008-01-23",2300,"01082",,"3","9","0","3",,"2","002","-","N",,0,0,,,0,,,,"Y",1,"A","-",21650,,"N","B","H","-","D","D","0","Y","A","01",1,0,0,0,0,0,0,0,0,"-","-","UNINCORPORATED","EL DORADO","CA",0,0
"3601520",-120.838351004,38.7106971741,2008,"0900","4","3","4","03",0,1,"B",,,,,,1500,1,"C","C","A","MISSOURI FLAT RD","MOTHER LODE DR",700,"S","N","2008-07-26",9245,"2008-01-23",1315,"01327",,"1","9","0","2",,"1","037","-","N",,0,0,,,0,,,,"Y",2,"A","-",22350,,"N","B","H","-","A","A","0","Y","A","07",0,0,1,0,0,0,0,0,0,"-","-","UNINCORPORATED","EL DORADO","CA",0,0
"3602748",0,0,2008,"0900","5","5","3","05",0,1,"A",,,,,,2400,1,"E","I","A","GRIZZLY FLAT RD","SASSY WY",2640,"W","N","2008-07-25",9245,"2008-01-18",2330,"00920",,"3","9","0","3",,"2","004","-","N",,0,0,,,0,,,,"Y",1,"A","-",21650,,"N","C","H","-","D","D","0","Y","A","01",0,1,0,0,0,0,0,0,0,"-","-","UNINCORPORATED","EL DORADO","CA",0,0
"3603090",-121.068565412,38.6741027832,2008,"0900","5","4","4","09",0,1,"B",,,,,,1500,1,"D","C","A","GOLDEN EAGLE DR","SILVA VALLEY PKY",528,"W","N","2008-07-31",9245,"2008-01-24",1400,"01005",,"2","9","0","3",,"2","001","-","N",,0,0,,,0,,,,"Y",2,"A","-",21804,"A","N","A","H","-","A","D","0","Y","A","07",0,0,1,0,0,0,0,0,0,"-","-","UNINCORPORATED","EL DORADO","CA",0,0
"3604858",-120.77643339,38.7331008911,2008,"0901","0","6","2","05",0,1,"A",,,,,,2100,1,"F","I","A","BROADWAY DR","SMITH FLAT RD",1584,"W","N","2008-08-01",901,"2008-01-26",1818,"274","0901","5","2","0","0",,"0",,"-","N",,0,0,,,0,,,,"Y",1,"A","-",21650,,"N","A","H","-","C","D","0","Y","A",,1,0,0,0,0,0,0,0,0,"-","-","PLACERVILLE","EL DORADO","CA",0,0
"3605103",-120.770363395,38.678188324,2008,"0900","4","7","3","01",0,2,"B",,,,,"Y",300,1,"E","I","A","PLEASANT VALLEY RD","OAK HILL RD",275,"E","N","2008-07-30",9245,"2008-01-27",240,"01283",,"3","9","0","2",,"1","041","C","N",,0,0,,,0,,,,"Y",1,"A","-",23152,"A","N","A","H","-","D","D","0","Y","D","22",0,1,1,0,0,0,0,0,0,"-","-","UNINCORPORATED","EL DORADO","CA",0,0