"CASEID","POINT_X","POINT_Y","YEAR_","LOCATION","CHPTYPE","DAYWEEK","CRASHSEV","VIOLCAT","KILLED","INJURED","WEATHER1","PEDCOL","BICCOL","MCCOL","TRUCKCOL","ETOH","TIMECAT","MONTH_","CRASHTYP","INVOLVE","PED","PRIMARYRD","SECONDRD","DISTANCE","DIRECT","INTERSECT_","PROCDATE","JURIS","DATE_","TIME_","BADGE","JURIDIST","SHIFT","POP","SPECIAL","BEATTYPE","LAPDDIV","BEATCLAS","BEATNUMB","WEATHER2","STATEHW","CALTRANC","CALTRAND","STROUTE","ROUTESUF","POSTPRE","POSTMILE","LOCATYPE","RAMP","SIDEHW","TOWAWAY","PARTIES","PCF","VIOLCODE","VIOL","VIOLSUB","HITRUN","ROADSURF","RDCOND1","RDCOND2","LIGHTING","RIGHTWAY","CHPRDTYP","NOTPRIV","STFAULT","CHPFAULT","SEVINJ","OTHERINJ","COP","PEDKILL","PEDINJ","BICKILL","BICINJ","MCKILL","MCINJURE","RAMP1","RAMP2","CITY","COUNTY","STATE","X_CHP","Y_CHP"
"3605119",-120.83016564,38.889767538,2008,"0900","3","2","4","03",0,1,"D",,,,,,2400,1,"E","I","A","RT 193","SHOEMAKER RD",528,"S","N","2008-08-19",9245,"2008-01-29",2240,"01513",,"3","9","0","1",,"1","122","-","Y","ED",3,193,"-","-",13.55,"H","-","E","Y",2,"A","-",22350,,"N","C","H","-","D","D","0","Y","A","07",0,0,1,0,0,0,0,0,0,"-","-","UNINCORPORATED","EL DORADO","CA",0,0
"3605128",-120.897223257,38.900770712,2008,"0900","3","1","4","18",0,2,"A",,,,,,1200,2,"F","A","A","RT 193","RICCI RD",1584,"E","N","2008-10-07",9245,"2008-02-04",1020,"00912",,"1","9","0","1",,"1","122","-","Y","ED",3,193,"-","-",8.06,"H","-","W","Y",1,"C","-",0,,"N","C","G","-","A","D","0","Y","-","-",0,0,2,0,0,0,0,0,0,"-","-","UNINCORPORATED","EL DORADO","CA",0,0
"3605144",-121.08809307,38.7222557068,2008,"0900","5","3","4","10",0,1,"B","Y",,,,,900,2,"G","B","B","FRANCISCO DR","TEMPLETON DR",0,,"Y","2008-09-11",9245,"2008-02-06",747,"01314",,"1","9","0","3",,"2","001","-","N",,0,0,,,0,,,,"N",2,"A","-",21950,"A","N","A","H","-","A","A","0","Y","A","01",0,0,1,0,1,0,0,0,0,"-","-","UNINCORPORATED","EL DORADO","CA",0,0
"3605171",-120.833826312,38.721220453,2008,"0900","2","1","4","03",0,1,"A",,,,,,900,2,"E","I","A","RT 50","PLACERVILLE DR",120,"W","N","2008-10-01",9245,"2008-02-04",800,"00912",,"1","9","0","1",,"2","120","-","Y","ED",3,50,"-","-",15.81,"H","-","W","Y",2,"A","-",22350,,"N","C","G","-","A","D","1","Y","D","22",0,0,1,0,0,0,0,0,0,"-","-","UNINCORPORATED","EL DORADO","CA",0,0
"3605175",-120.981470778,38.6786880493,2008,"0900","5","1","4","03",0,1,"A",,,,,,900,2,"C","C","A","CAMERON PARK DR","MEDER RD",10,"S","N","2008-09-15",9245,"2008-02-04",730,"01236",,"1","9","0","3",,"2","001","-","N",,0,0,,,0,,,,"N",2,"A","-",22350,,"N","C","H","-","A","D","0","Y","D","22",0,0,1,0,0,0,0,0,0,"-","-","UNINCORPORATED","EL DORADO","CA",0,0
"3605179",-120.780991658,38.73302519,2008,"0900","2","1","4","03",0,1,"B","Y",,,,,900,2,"D","C","E","RT 50","SCHNELL SCHOOL RD",75,"W","N","2008-10-01",9245,"2008-02-04",646,"00912",,"1","9","0","1",,"2","140","-","Y","ED",3,50,"-","-",19.11,"H","-","W","Y",3,"A","-",22350,,"N","C","G","-","B","D","1","Y","A","01",0,0,1,0,1,0,0,0,0,"-","-","UNINCORPORATED","EL DORADO","CA",0,0
"3605321",-121.065933058,38.654645162,2008,"0900","4","1","4","12",0,2,"A",,,,,,2100,2,"D","C","A","EL DORADO HILLS BL","RT 50",0,,"Y","2008-09-30",9245,"2008-02-04",2045,"01151",,"2","9","0","2",,"2","012","-","Y","ED",3,50,"-","-",1.048,"R","4","W","N",2,"A","-",21453,"A","N","A","H","-","C","A","1","Y","A","07",0,0,2,0,0,0,0,0,0,"-","W","UNINCORPORATED","EL DORADO","CA",0,0
"3606346",-120.807786663,38.72816337,2008,"0901","0","6","4","01",0,1,"A",,,,,"Y",1800,2,"D","C","A","RT 50","CANAL ST",0,,"Y","2008-10-06",901,"2008-02-09",1635,"237","0901","5","2","0","0",,"0","P-P","-","Y","ED",3,50,"-","-",17.52,"I","5","E","Y",2,"A","-",23152,"A","N","A","H","-","A","A","0","Y","A",,0,0,1,0,0,0,0,0,0,"-","-","PLACERVILLE","EL DORADO","CA",0,0
"3606390",-120.802112051,38.729283805,2008,"0901","0","5","4","03",0,1,"A",,,,,,2100,2,"C","C","A","RT 50","CENTER ST",368,"E","N","2008-10-01",901,"2008-02-08",1822,"269",,"5","2","0","0",,"0","PP1","-","Y","ED",3,50,"-","-",17.86,"H","-","E","Y",3,"A","-",22350,,"N","A","H","-","C","A","0","Y","A",,0,0,1,0,0,0,0,0,0,"-","-","PLACERVILLE","EL DORADO","CA",0,0
"3607150",-121.013156213,38.655203306,2008,"0900","2","7","3","03",0,1,"B",,,,,,1800,2,"E","I","A","RT 50","BASS LAKE RD",3696,"E","N","2008-09-16",9245,"2008-02-24",1610,"01151",,"2","9","0","1",,"2","110","C","Y","ED",3,50,"-","R",4.13,"H","-","E","Y",1,"A","-",22350,,"N","B","H","-","A","D","1","Y","D","22",0,1,0,0,0,0,0,0,0,"-","-","UNINCORPORATED","EL DORADO","CA",0,0
"3609361",-120.901664272,38.691497944,2008,"0900","2","1","3","03",0,1,"A",,,,,,900,2,"E","I","A","RT 50","SHINGLE SPRINGS DR",5544,"E","N","2008-10-01",9245,"2008-02-04",700,"01071",,"1","9","0","1",,"2","120","-","Y","ED",3,50,"-","R",11.37,"H","-","E","Y",1,"A","-",22350,,"N","C","D","-","A","D","1","Y","D","22",0,1,0,0,0,0,0,0,0,"-","-","UNINCORPORATED","EL DORADO","CA",0,0
"3609416",-120.615080261,38.6215286255,2008,"0901","5","6","4","05",0,1,"B",,,,,,600,2,"E","I","A","GRIZZLEY FLAT RD","BOO BEAR LN",585,"E","N","2008-09-10",9245,"2008-02-02",420,"01148",,"3","2","0","3",,"2","004","-","N",,0,0,,,0,,,,"Y",1,"A","-",21650,,"N","A","H","-","D","D","0","Y","D","22",0,0,1,0,0,0,0,0,0,"-","-","PLACERVILLE","EL DORADO","CA",0,0
"3609842",-120.122627605,38.805501996,2008,"0900","2","7","4","03",0,4,"B",,,,,,1500,1,"E","I","A","RT 50","TWIN BRIDGES TRACT RD",80,"W","N","2008-08-28",9246,"2008-01-27",1335,"01800",,"1","9","0","1",,"1","020","D","Y","ED",3,50,"-","-",60.35,"H","-","E","Y",1,"A","-",22350,,"N","C","H","-","A","D","0","Y","A","07",0,0,4,0,0,0,0,0,0,"-","-","UNINCORPORATED","EL DORADO","CA",0,0
"3609897",-120.087984818,38.951307224,2008,"0900","3","2","3","17",0,2,"D",,,,,,2100,1,"F","A","A","RT 89","EAGLE POINT CAMPGROUND",400,"N","N","2008-08-19",9246,"2008-01-22",1821,"00993",,"2","9","0","1",,"1","030","-","Y","ED",3,89,"-","-",15.26,"H","-","S","Y",1,"A","-",21662,,"N","C","H","-","D","A","0","Y","A","01",0,1,1,0,0,0,0,0,0,"-","-","UNINCORPORATED","EL DORADO","CA",0,0
"3610430",-120.145067895,38.797250275,2008,"0900","2","7","2","05",0,1,"B",,,,,,1500,2,"E","J","A","RT 50","STRAWBERRY LN",100,"E","N","2008-10-01",9245,"2008-02-24",1410,"01238",,"2","9","0","1",,"1","170","D","Y","ED",3,50,"-","-",58.02,"H","-","E","Y",2,"A","-",21650,,"N","C","H","-","A","A","0","Y","A","07",1,0,0,0,0,0,0,0,0,"-","-","UNINCORPORATED","EL DORADO","CA",0,0
"3611533",-119.954134594,38.9380187988,2008,"0902","0","7","4","01",0,1,"D",,,,,"Y",300,2,"A","C","A","PIONEER TRL","WOODBINE RD",190,"W","N","2008-09-10",902,"2008-02-24",49,"185",,"5","3","0","0",,"0",,"-","N",,0,0,,,0,,,,"Y",2,"A","-",23152,"A","N","C","H","-","C","D","0","Y","I","11",0,0,1,0,0,0,0,0,0,"-","-","SOUTH LAKE TAHOE","EL DORADO","CA",0,0
"3611774",-120.937476475,38.6623,2008,"0900","4","4","3","03",0,4,"B",,,,,,1800,2,"C","C","A","PONDEROSA RD","MOTHER LODE DR",300,"N","N","2008-10-01",9245,"2008-02-07",1755,"12720",,"2","9","0","2",,"1","013","-","Y","ED",3,50,"-","R",8.533,"R","4","E","Y",3,"A","-",22350,,"N","A","H","-","C","D","1","Y","D","22",0,1,3,0,0,0,0,0,0,"-","-","UNINCORPORATED","EL DORADO","CA",0,0
"3612011",-120.575145395,38.7562217712,2008,"0901","5","4","3","22",0,1,"B","Y",,,,,900,1,"A","C","E","GOLD RIDGE TRL","GRANITE TRL",127,"S","N","2008-07-28",9245,"2008-01-24",805,"01148",,"1","2","0","3",,"2","004","D","N",,0,0,,,0,,,,"N",7,"B","-",0,,"N","C","H","-","A","D","0","Y","J","43",0,1,0,0,1,0,0,0,0,"-","-","PLACERVILLE","EL DORADO","CA",0,0
"3615782",-120.871506301,38.7517242432,2008,"0900","4","3","3","05",0,1,"A",,,,,,300,2,"E","I","A","COLD SPRINGS RD","FOX PRINT CT",528,"N","N","2008-09-09",9245,"2008-02-27",5,"01513",,"3","9","0","2",,"1","014","-","N",,0,0,,,0,,,,"Y",1,"A","-",21650,,"N","A","H","-","D","D","0","Y","A","07",0,1,0,0,0,0,0,0,0,"-","-","UNINCORPORATED","EL DORADO","CA",0,0
"3617484",-120.850219003,38.596979186,2008,"0900","3","3","4","18",0,2,"A",,,,,,2100,2,"E","J","A","RT 49","MICA RD",2640,"S","N","2008-10-07",9245,"2008-02-06",1810,"14579",,"2","9","0","1",,"1","135","-","Y","ED",3,49,"-","-",3.36,"H","-","S","N",1,"C","-",0,,"N","A","C","-","D","D","0","Y","-","-",0,0,2,0,0,0,0,0,0,"-","-","UNINCORPORATED","EL DORADO","CA",0,0
"3617609",-119.960863,38.947214247,2007,"0902","0","5","4","01",0,1,"A",,,"Y",,"Y",2100,11,"H","A","A","LAKE TAHOE BL","HERBERT AV",45,"W","N","2008-06-12",902,"2007-11-30",2012,"182",,"5","3","0","0",,"0","EAS","-","Y","ED",3,50,"-","-",79.09,"H","-","W","Y",1,"A","-",23152,"A","N","A","H","-","C","A","0","Y","C","02",0,0,1,0,0,0,0,0,1,"-","-","SOUTH LAKE TAHOE","EL DORADO","CA",0,0
"3617639",0,0,2008,"0901","0","2","2","01",0,1,"-",,,,,"Y",2400,3,"D","C","A","PLACERVILLE DR","POWER POLE 58-555",14,"W","N","2008-09-29",901,"2008-03-04",2220,"262","0901","5","2","0","0",,"0","PP1","-","N",,0,0,,,0,,,,"Y",2,"A","-",23152,"A","N","-","-","-","-","D","0","Y","A",,1,0,0,0,0,0,0,0,0,"-","-","PLACERVILLE","EL DORADO","CA",0,0
"3618161",0,0,2008,"0900","4","1","4","05",0,1,"B",,,,,,900,2,"E","I","A","SLY PARK RD","GARNET RD",165,"S","N","2008-09-10",9245,"2008-02-25",720,"01283",,"1","9","0","2",,"1","043","-","N",,0,0,,,0,,,,"N",1,"A","-",21650,,"N","C","H","-","A","D","0","Y","A","07",0,0,1,0,0,0,0,0,0,"-","-","UNINCORPORATED","EL DORADO","CA",0,0
"3618245",-120.946734289,38.6305427551,2008,"0900","4","5","3","07",0,1,"A",,,,,,1500,2,"B","C","A","SOUTH SHINGLE RD","BIG BRANCH RD",90,"N","N","2008-09-09",9245,"2008-02-29",1210,"01314",,"1","9","0","2",,"1","032","-","N",,0,0,,,0,,,,"Y",2,"A","-",21658,"A","N","A","H","-","A","A","0","Y","A","07",0,1,0,0,0,0,0,0,0,"-","-","UNINCORPORATED","EL DORADO","CA",0,0
"3618249",-121.031393058,38.7033538818,2008,"0900","4","5","4","01",0,1,"B",,,,,"Y",1800,2,"E","I","A","GREEN VALLEY RD","DEER VALLEY RD",0,,"Y","2008-09-09",9245,"2008-02-22",1635,"01283",,"2","9","0","2",,"2","011","-","N",,0,0,,,0,,,,"Y",1,"A","-",23152,"A","N","A","H","-","A","D","0","Y","A","01",0,0,1,0,0,0,0,0,0,"-","-","UNINCORPORATED","EL DORADO","CA",0,0
"3618253",-120.981156895,38.658755024,2008,"0900","2","5","4","08",0,1,"A",,,,,,1500,2,"F","A","A","RT 50","CAMERON PARK DR",3696,"W","N","2008-09-30",9245,"2008-02-29",1400,"01151",,"2","9","0","1",,"2","110","-","Y","ED",3,50,"-","-",5.96,"H","-","W","Y",1,"A","-",22107,,"N","A","H","-","A","D","1","Y","A","01",0,0,1,0,0,0,0,0,0,"-","-","UNINCORPORATED","EL DORADO","CA",0,0
"3618269",-121.022576229,38.655138786,2008,"0900","2","4","3","01",0,1,"A",,,,,"Y",300,2,"F","A","A","RT 50","LAKE RD",1270,"E","N","2008-09-30",9245,"2008-02-28",235,"00920",,"3","9","0","1",,"2","110","-","Y","ED",3,50,"-","R",3.57,"H","-","E","Y",1,"A","-",23152,"A","N","A","H","-","D","D","1","Y","A","01",0,1,0,0,0,0,0,0,0,"-","-","UNINCORPORATED","EL DORADO","CA",0,0
"3618273",-120.719819295,38.6920547485,2008,"0900","4","3","3","08",0,2,"A",,,,,,1800,2,"E","I","A","PLEASANT VALLEY RD","WHITE ROSE LN",528,"E","N","2008-09-09",9245,"2008-02-27",1524,"01383",,"2","9","0","2",,"1","041","-","N",,0,0,,,0,,,,"Y",1,"A","-",22107,,"N","A","H","-","A","D","0","Y","A","07",0,1,1,0,0,0,0,0,0,"-","-","UNINCORPORATED","EL DORADO","CA",0,0
"3619952",0,0,2008,"0900","5","5","4","05",0,1,"A",,,,,,1800,2,"E","I","A","BEATTY DR","ALEXANDRA WY",1075,"E","N","2008-09-08",9245,"2008-02-15",1645,"01283",,"2","9","0","3",,"2","001","-","N",,0,0,,,0,,,,"Y",1,"A","-",21650,,"N","A","H","-","A","D","0","Y","A","01",0,0,1,0,0,0,0,0,0,"-","-","UNINCORPORATED","EL DORADO","CA",0,0
"3619960",-120.294290001,38.774431058,2008,"0900","2","1","4","09",0,1,"A",,,,,,1500,2,"D","C","A","RT 50","SILVER FORK RD",132,"W","N","2008-10-01",9245,"2008-02-18",1445,"01082",,"2","9","0","1",,"1","160","-","Y","ED",3,50,"-","-",48.99,"H","-","E","Y",2,"A","-",21804,"A","N","A","H","-","A","D","0","Y","A","01",0,0,1,0,0,0,0,0,0,"-","-","UNINCORPORATED","EL DORADO","CA",0,0
"3619964",0,0,2008,"0900","5","5","4","08",0,1,"B",,,,,,900,2,"D","C","A","SILVA VALLEY PKY","PEDRA DR",14,"S","N","2008-09-08",9245,"2008-02-22",715,"01334",,"1","9","0","3",,"2","001","-","N",,0,0,,,0,,,,"Y",2,"A","-",22107,,"N","B","H","-","A","D","0","Y","A","01",0,0,1,0,0,0,0,0,0,"-","-","UNINCORPORATED","EL DORADO","CA",0,0
"3619968",-120.850956201,38.600403473,2008,"0900","3","7","3","08",0,2,"A",,,"Y",,,1800,2,"F","A","A","RT 49","UNION MINE RD SOUTH",3168,"N","N","2008-09-18",9245,"2008-02-17",1525,"01383",,"2","9","0","1",,"1","135","-","Y","ED",3,49,"-","-",3.69,"H","-","S","Y",1,"A","-",22107,,"N","A","H","-","A","D","0","Y","C","02",0,1,1,0,0,0,0,0,2,"-","-","UNINCORPORATED","EL DORADO","CA",0,0
"3620989",-120.96284207,38.7070846558,2008,"0900","4","1","4","03",0,1,"A",,,,,,1500,2,"C","C","A","GREEN VALLEY RD","WHITE OAK RD",300,"E","N","2008-08-28",9245,"2008-02-25",1255,"00912",,"1","9","0","2",,"2","011","-","N",,0,0,,,0,,,,"N",2,"A","-",22350,,"N","A","H","-","A","D","0","Y","A","01",0,0,1,0,0,0,0,0,0,"-","-","UNINCORPORATED","EL DORADO","CA",0,0
"3620993",-120.771273014,38.6784362793,2008,"0900","4","1","4","03",0,2,"A",,,,,,1800,2,"C","C","A","PLEASANT VALLEY RD","OAK HILL RD",0,,"Y","2008-08-28",9245,"2008-02-25",1725,"01383",,"2","9","0","2",,"1","041","-","N",,0,0,,,0,,,,"Y",2,"A","-",22350,,"N","A","H","-","A","D","0","Y","A","01",0,0,2,0,0,0,0,0,0,"-","-","UNINCORPORATED","EL DORADO","CA",0,0
"3620997",0,0,2008,"0900","5","1","4","03",0,2,"A",,,,,,900,2,"C","C","A","EL DORADO HILLS BL","HARVARD WY",30,"N","N","2008-08-28",9245,"2008-02-25",740,"01383",,"1","9","0","3",,"2","001","-","N",,0,0,,,0,,,,"Y",2,"A","-",22350,,"N","A","H","-","A","A","0","Y","A","01",0,0,2,0,0,0,0,0,0,"-","-","UNINCORPORATED","EL DORADO","CA",0,0
"3625941",-120.34250192,38.764889718,2008,"0900","2","6","4","05",0,1,"C",,,,,,1500,2,"E","I","A","RT 50","SUGAR LOAF AV",10560,"W","N","2008-10-01",9245,"2008-02-23",1440,"01082",,"2","9","0","1",,"1","160","-","Y","ED",3,50,"-","-",46.13,"H","-","W","Y",1,"A","-",21650,,"N","B","H","-","A","D","0","Y","A","07",0,0,1,0,0,0,0,0,0,"-","-","UNINCORPORATED","EL DORADO","CA",0,0
"3625953",-120.996516198,38.691822052,2008,"0900","5","5","4","08",0,1,"B",,,,,,900,2,"E","I","A","ROYAL PARK DR","MARICOPA CT",516,"S","N","2008-09-09",9245,"2008-02-22",740,"00912",,"1","9","0","3",,"2","001","C","N",,0,0,,,0,,,,"Y",1,"A","-",22107,,"N","B","H","-","B","D","0","Y","A","07",0,0,1,0,0,0,0,0,0,"-","-","UNINCORPORATED","EL DORADO","CA",0,0
"3625961",-121.003442963,38.6963233948,2008,"0900","5","6","4","09",0,1,"A",,,,,,1800,2,"D","C","A","CAMBRIDGE RD","GATEWAY DR",300,"N","N","2008-09-09",9245,"2008-02-16",1733,"01302",,"2","9","0","3",,"2","001","-","N",,0,0,,,0,,,,"N",2,"A","-",21804,"A","N","A","H","-","A","D","0","Y","A","01",0,0,1,0,0,0,0,0,0,"-","-","UNINCORPORATED","EL DORADO","CA",0,0
"3625977",-120.81930304,38.826295196,2008,"0900","3","4","3","01",0,1,"A",,,,,"Y",2400,2,"E","I","A","RT 193","CHICKEN FLAT RD",975,"S","N","2008-09-19",9245,"2008-02-14",2115,"01513",,"2","9","0","1",,"1","122","-","Y","ED",3,193,"-","-",18.34,"H","-","E","Y",1,"A","-",23152,"A","N","A","H","-","D","D","0","Y","A","07",0,1,0,0,0,0,0,0,0,"-","-","UNINCORPORATED","EL DORADO","CA",0,0
"3626261",0,0,2008,"0900","5","4","2","03",0,2,"B",,,,,,1500,2,"E","I","A","WENTWORTH SPRINGS RD","BUCKEYE CT",45,"W","N","2008-09-08",9245,"2008-02-07",1330,"12720",,"1","9","0","3",,"2","002","-","N",,0,0,,,0,,,,"Y",1,"A","-",22350,,"N","A","H","-","A","D","0","Y","D","22",1,0,1,0,0,0,0,0,0,"-","-","UNINCORPORATED","EL DORADO","CA",0,0
"3626281",-121.087117243,38.7092704773,2008,"0900","4","7","3","01",0,2,"B",,,,,"Y",2100,2,"C","E","A","GREEN VALLEY RD","FRANCISCO DR",478,"W","N","2008-09-08",9245,"2008-02-03",2015,"01151",,"2","9","0","2",,"2","011","C","N",,0,0,,,0,,,,"Y",2,"A","-",23152,"A","N","B","H","-","D","D","0","Y","A","01",0,1,1,0,0,0,0,0,0,"-","-","UNINCORPORATED","EL DORADO","CA",0,0
"3626330",0,0,2008,"0900","5","4","4","08",0,1,"A",,,,,,1800,2,"F","A","A","FAIRPLAY RD","PERRY CREEK",2640,"S","N","2008-09-08",9245,"2008-02-07",1750,"01383",,"2","9","0","3",,"2","004","-","N",,0,0,,,0,,,,"Y",1,"A","-",22107,,"N","A","H","-","B","D","0","Y","D","22",0,0,1,0,0,0,0,0,0,"-","-","UNINCORPORATED","EL DORADO","CA",0,0
"3626381",-120.961633164,38.827754707,2008,"0900","3","6","3","03",0,2,"A",,,"Y",,,1500,2,"C","C","A","RT 49","LILYAMA RD",1426,"S","N","2008-09-18",9245,"2008-02-09",1435,"01151",,"2","9","0","1",,"1","115","-","Y","ED",3,49,"-","-",27.06,"H","-","N","Y",2,"A","-",22350,,"N","A","H","-","A","D","0","Y","C","02",0,1,1,0,0,0,0,0,1,"-","-","UNINCORPORATED","EL DORADO","CA",0,0
"3626389",0,0,2008,"0900","5","2","3","22",0,1,"A",,,,,"Y",2100,2,"H","A","A","HAPPY VALLEY RD","HAPPY VALLEY CUTOFF RD",12672,"E","N","2008-09-18",9245,"2008-02-05",2015,"01082",,"2","9","0","3",,"2","004","-","N",,0,0,,,0,,,,"N",1,"B","-",0,,"N","A","H","-","D","D","0","Y","M","46",0,1,0,0,0,0,0,0,0,"-","-","UNINCORPORATED","EL DORADO","CA",0,0
"3626393",-120.859881797,38.6815109253,2008,"0900","4","7","4","04",0,1,"A",,,"Y",,,1200,2,"C","C","A","PLEASANT VALLEY RD","SLATE CREEK RD",161,"W","N","2008-09-08",9245,"2008-02-10",1010,"01334",,"1","9","0","2",,"1","037","-","N",,0,0,,,0,,,,"N",2,"A","-",21703,,"N","-","A","H","A","D","0","Y","C","02",0,0,1,0,0,0,0,0,1,"-","-","UNINCORPORATED","EL DORADO","CA",0,0
"3626854",-121.06749636,38.6502532959,2008,"0900","5","5","4","03",0,2,"A",,,,,,1500,2,"C","C","A","TOWN CENTER BL","POST ST",98,"W","N","2008-08-20",9245,"2008-02-15",1355,"01151",,"1","9","0","3",,"2","003","-","N",,0,0,,,0,,,,"N",2,"A","-",22350,,"N","A","H","-","A","D","0","Y","A","01",0,0,2,0,0,0,0,0,0,"-","-","UNINCORPORATED","EL DORADO","CA",0,0
"3626878",-120.766539377,38.7129859924,2008,"0900","4","5","3","08",0,1,"A",,,,,,1500,2,"E","I","A","CEDAR RAVINE RD","CAMP NAUVOO RD",2640,"N","N","2008-08-20",9245,"2008-02-15",1450,"01383",,"2","9","0","2",,"1","041","-","N",,0,0,,,0,,,,"Y",1,"A","-",22107,,"N","A","H","-","A","D","0","Y","A","01",0,1,0,0,0,0,0,0,0,"-","-","UNINCORPORATED","EL DORADO","CA",0,0
"3626892",-120.90414554,38.6681861877,2008,"0900","4","3","3","18",0,1,"A",,,,,,1800,2,"E","I","A","MOTHER LODE DR","ROCKING HORSE LN",98,"W","N","2008-08-20",9245,"2008-02-06",1549,"01302",,"2","9","0","2",,"1","039","-","N",,0,0,,,0,,,,"Y",1,"C","-",0,,"N","A","H","-","A","D","0","Y","-","-",0,1,0,0,0,0,0,0,0,"-","-","UNINCORPORATED","EL DORADO","CA",0,0
"3626947",-120.955414225,38.6784439087,2008,"0900","5","4","4","08",0,1,"A",,,,,,1500,2,"E","I","A","MEDER RD","RAMADA WY",151,"E","N","2008-08-20",9245,"2008-02-14",1235,"00912",,"1","9","0","3",,"2","001","-","N",,0,0,,,0,,,,"Y",1,"A","-",22107,,"N","A","H","-","A","D","0","Y","A","07",0,0,1,0,0,0,0,0,0,"-","-","UNINCORPORATED","EL DORADO","CA",0,0
"3626959",-120.941856438,38.761631012,2008,"0900","5","2","4","05",0,1,"A",,,,,,2100,2,"E","I","A","SPRINGVALE RD","ROSSLER RD",750,"S","N","2008-08-20",9245,"2008-02-12",1810,"01327",,"2","9","0","3",,"2","001","-","N",,0,0,,,0,,,,"Y",1,"A","-",21650,,"N","A","H","-","D","D","0","Y","A","01",0,0,1,0,0,0,0,0,0,"-","-","UNINCORPORATED","EL DORADO","CA",0,0
"3628383",-121.068256595,38.6466941833,2008,"0901","2","1","4","05",0,2,"B",,,,,,2400,2,"E","I","A","WHITE ROCK RD","LATROBE RD",10,"W","N","2008-09-10",9245,"2008-02-25",2200,"01148",,"3","2","0","1",,"2","140","C","N",,0,0,,,0,,,,"N",1,"A","-",21650,,"N","B","H","-","C","A","0","Y","A","01",0,0,2,0,0,0,0,0,0,"-","-","PLACERVILLE","EL DORADO","CA",0,0
"3629171",-119.981327362,38.8866539001,2008,"0900","4","6","2","03",0,5,"B",,,,,"Y",300,2,"A","C","A","PIONEER TRL","SUSQUEHANA DR",220,"W","N","2008-08-19",9246,"2008-02-02",25,"01800",,"3","9","0","2",,"1","024","-","N",,0,0,,,0,,,,"Y",2,"A","-",22350,,"N","C","H","-","C","D","0","Y","A","07",3,0,2,0,0,0,0,0,0,"-","-","UNINCORPORATED","EL DORADO","CA",0,0
"3629179",-120.112132922,38.802415247,2008,"0900","2","3","4","03",0,3,"B",,,,,,900,2,"A","C","A","RT 50","CAMP SACRAMENTO",528,"E","N","2008-10-07",9246,"2008-02-20",732,"01380",,"1","9","0","1",,"1","020","-","Y","ED",3,50,"-","-",61.25,"H","-","W","Y",2,"A","-",22350,,"N","C","H","-","A","A","0","Y","A","07",0,0,3,0,0,0,0,0,0,"-","-","UNINCORPORATED","EL DORADO","CA",0,0
"3629370",-120.02986103,38.8869743347,2008,"0900","4","4","3","01",0,1,"B",,,,,"Y",1500,1,"F","A","A","LAKE TAHOE BL","TAHOE MOUNTAIN DR",528,"E","N","2008-07-26",9246,"2008-01-31",1425,"01440",,"2","9","0","2",,"1","025","D","N",,0,0,,,0,,,,"Y",1,"A","-",23152,"A","N","C","H","-","A","A","0","Y","D","23",0,1,0,0,0,0,0,0,0,"-","-","UNINCORPORATED","EL DORADO","CA",0,0
"3630129",-120.701892346,38.5685462952,2007,"0900","5","5","1","08",1,0,"A",,,,,,2100,11,"E","I","A","OMO RANCH RD","DORADO CANYON RD",4224,"E","N","2008-04-01",9245,"2007-11-02",1940,"01383",,"2","9","0","3",,"2","004","-","N",,0,0,,,0,,,,"Y",1,"A","-",22107,,"N","A","H","-","D","D","0","Y","D","22",0,0,0,0,0,0,0,0,0,"-","-","UNINCORPORATED","EL DORADO","CA",0,0
"3637373",-121.031605222,38.655272095,2008,"0900","2","2","3","05",0,1,"B",,,,,,2100,1,"E","I","A","RT 50","BASS LAKE RD",156,"W","N","2008-08-29",9245,"2008-01-22",1920,"12720",,"2","9","0","1",,"2","110","C","Y","ED",3,50,"-","R",3.21,"H","-","E","Y",1,"A","-",21650,,"N","B","H","-","C","D","1","Y","A","01",0,1,0,0,0,0,0,0,0,"-","-","UNINCORPORATED","EL DORADO","CA",0,0
"3637420",-120.911870312,38.7947807312,2008,"0900","4","6","3","05",0,1,"B",,,,,,2100,2,"E","J","A","LOTUS RD","FLAPJACK LN",100,"S","N","2008-08-18",9245,"2008-02-23",2020,"01302",,"2","9","0","2",,"1","013","-","N",,0,0,,,0,,,,"Y",1,"A","-",21650,,"N","B","H","-","D","D","0","Y","A","01",0,1,0,0,0,0,0,0,0,"-","-","UNINCORPORATED","EL DORADO","CA",0,0
"3637432",-120.012094141,38.859405647,2008,"0900","4","1","4","03",0,1,"A",,,,,,1800,2,"C","C","A","PIONEER TRL","RT 50",190,"E","N","2008-08-28",9246,"2008-02-25",1545,"01447",,"2","9","0","2",,"1","024","-","Y","ED",3,50,"-","-",71.48,"I","6","E","N",2,"A","-",22350,,"N","B","H","-","A","A","0","Y","A","01",0,0,1,0,0,0,0,0,0,"-","-","UNINCORPORATED","EL DORADO","CA",0,0