"CASEID","POINT_X","POINT_Y","YEAR_","LOCATION","CHPTYPE","DAYWEEK","CRASHSEV","VIOLCAT","KILLED","INJURED","WEATHER1","PEDCOL","BICCOL","MCCOL","TRUCKCOL","ETOH","TIMECAT","MONTH_","CRASHTYP","INVOLVE","PED","PRIMARYRD","SECONDRD","DISTANCE","DIRECT","INTERSECT_","PROCDATE","JURIS","DATE_","TIME_","BADGE","JURIDIST","SHIFT","POP","SPECIAL","BEATTYPE","LAPDDIV","BEATCLAS","BEATNUMB","WEATHER2","STATEHW","CALTRANC","CALTRAND","STROUTE","ROUTESUF","POSTPRE","POSTMILE","LOCATYPE","RAMP","SIDEHW","TOWAWAY","PARTIES","PCF","VIOLCODE","VIOL","VIOLSUB","HITRUN","ROADSURF","RDCOND1","RDCOND2","LIGHTING","RIGHTWAY","CHPRDTYP","NOTPRIV","STFAULT","CHPFAULT","SEVINJ","OTHERINJ","COP","PEDKILL","PEDINJ","BICKILL","BICINJ","MCKILL","MCINJURE","RAMP1","RAMP2","CITY","COUNTY","STATE","X_CHP","Y_CHP"
"3886628",-120.714553009,38.7153739929,2008,"0900","4","4","4","09",0,1,"A",,,,,,1800,9,"A","C","A","NEWTOWN RD","PIONEER HILL RD",0,,"Y","2009-04-07",9245,"2008-09-04",1615,"13833",,"2","9","0","2",,"1","045","-","N",,0,0,,,0,,,,"Y",2,"A","-",21801,"A","N","A","H","-","A","D","0","Y","A","01",0,0,1,0,0,0,0,0,0,"-","-","UNINCORPORATED","EL DORADO","CA",0,0
"3886632",-120.736533015,38.738555193,2008,"0900","2","1","4","08",0,1,"A",,,,,,900,9,"E","I","A","RT 50","STILL MEADOW RD",1584,"W","N","2009-04-20",9245,"2008-09-08",805,"10825",,"1","9","0","1",,"2","140","-","Y","ED",3,50,"-","-",21.77,"H","-","W","Y",1,"A","-",22107,,"N","A","H","-","A","D","1","Y","D","22",0,0,1,0,0,0,0,0,0,"-","-","UNINCORPORATED","EL DORADO","CA",0,0
"3886640",-121.04055304,38.5409851074,2008,"0900","4","3","4","09",0,1,"A",,,,,,900,9,"A","C","A","LATROBE RD","SOUTH SHINGLE RD",0,,"Y","2009-04-07",9245,"2008-09-03",755,"12720",,"1","9","0","2",,"2","031","-","N",,0,0,,,0,,,,"Y",3,"A","-",21801,"A","N","A","H","-","A","A","0","Y","A","01",0,0,1,0,0,0,0,0,0,"-","-","UNINCORPORATED","EL DORADO","CA",0,0
"3886641",-120.990195038,38.7000007629,2008,"0900","4","7","3","08",0,1,"A",,,,,,1800,9,"E","I","A","GREEN VALLEY RD","LA CRESCENTA DR",38,"W","N","2009-04-24",9245,"2008-09-07",1540,"01266",,"2","9","0","2",,"2","011","-","N",,0,0,,,0,,,,"Y",1,"A","-",22107,,"N","A","H","-","A","A","0","Y","A","01",0,1,0,0,0,0,0,0,0,"-","-","UNINCORPORATED","EL DORADO","CA",0,0
"3886871",-120.04091935,38.934299284,2008,"0900","3","7","3","11",0,1,"A","Y",,,,,1500,8,"G","B","D","RT 89","JAMESON BEACH RD",0,,"N","2009-04-03",9246,"2008-08-31",1232,"15078",,"1","9","0","1",,"1","030","-","Y","ED",3,89,"-","-",11.19,"H","-","N","N",2,"A","-",21954,"A","N","A","H","-","A","A","0","Y","N","60",0,1,0,0,1,0,0,0,0,"-","-","UNINCORPORATED","EL DORADO","CA",0,0
"3887202",0,0,2008,"0900","4","6","4","03",0,1,"A",,,,,,1500,8,"C","C","A","BUCKS BAR RD","SPRINGER RD",3696,"S","N","2009-03-13",9245,"2008-08-30",1400,"10059",,"2","9","0","2",,"1","042","-","N",,0,0,,,0,,,,"N",2,"A","-",22350,,"N","A","H","-","A","D","0","Y","D","22",0,0,1,0,0,0,0,0,0,"-","-","UNINCORPORATED","EL DORADO","CA",0,0
"3887206",-120.777033017,38.6847000122,2008,"0900","4","5","4","03",0,1,"A",,,,,,1800,8,"C","C","A","PLEASANT VALLEY RD","PONDERHILL WY",75,"E","N","2009-03-18",9245,"2008-08-15",1617,"01302",,"2","9","0","2",,"1","041","-","N",,0,0,,,0,,,,"Y",4,"A","-",22350,,"N","A","H","-","A","D","0","Y","D","22",0,0,1,0,0,0,0,0,0,"-","-","UNINCORPORATED","EL DORADO","CA",0,0
"3887210",-121.063964731,38.65499971,2008,"0900","2","7","4","07",0,1,"A",,,,,,1800,8,"E","I","A","RT 193","LATROBE RD",1584,"E","N","2009-03-26",9245,"2008-08-24",1540,"12661",,"2","9","0","1",,"2","110","-","Y","ED",3,50,"-","-",1.18,"H","-","E","Y",2,"A","-",21658,"A","F","A","H","-","A","D","1","Y","A","01",0,0,1,0,0,0,0,0,0,"-","-","UNINCORPORATED","EL DORADO","CA",0,0
"3890404",-121.003543053,38.6979866028,2008,"0900","4","3","4","09",0,1,"A",,,,,,2100,8,"D","C","A","GREEN VALLEY RD","CAMBRIDGE RD",0,,"Y","2009-03-04",9245,"2008-08-20",2045,"01495",,"2","9","0","2",,"2","011","-","N",,0,0,,,0,,,,"Y",2,"A","-",21453,"C","N","A","H","-","C","A","0","Y","A","07",0,0,1,0,0,0,0,0,0,"-","-","UNINCORPORATED","EL DORADO","CA",0,0
"3890459",-120.892823662,38.694949038,2008,"0900","2","7","4","08",0,2,"A",,,,,,300,8,"E","I","A","RT 50","GREENSTONE RD",1119,"W","N","2009-03-26",9245,"2008-08-17",225,"15607",,"3","9","0","1",,"2","120","-","Y","ED",3,50,"-","R",11.96,"H","-","E","Y",1,"A","-",22107,,"N","A","H","-","D","D","1","Y","A","01",0,0,2,0,0,0,0,0,0,"-","-","UNINCORPORATED","EL DORADO","CA",0,0
"3890463",-120.765038485,38.7566070557,2008,"0900","4","7","4","01",0,1,"A",,,,,,2100,8,"E","I","A","MOSQUITO RD","ROSE LN",2640,"N","N","2009-03-04",9245,"2008-08-17",1910,"01383",,"2","9","0","2",,"1","023","-","N",,0,0,,,0,,,,"N",1,"A","-",23152,"A","N","A","H","-","A","D","0","Y","A","01",0,0,1,0,0,0,0,0,0,"-","-","UNINCORPORATED","EL DORADO","CA",0,0
"3893403",0,0,2008,"0900","4","6","3","01",0,5,"A",,,,,,1200,9,"C","C","A","MISSOURI FLAT RD","COUNTY RD 2233",125,"N","N","2009-04-22",9245,"2008-09-13",1140,"15609",,"1","9","0","2",,"1","037","-","N",,0,0,,,0,,,,"Y",2,"A","-",23152,"A","N","A","H","-","A","D","0","Y","A","01",0,1,4,0,0,0,0,0,0,"-","-","UNINCORPORATED","EL DORADO","CA",0,0
"3893407",0,0,2008,"0900","5","5","3","01",0,1,"A",,,,,"Y",2400,9,"E","I","A","SNOWS RD","FUJI CT",79,"S","N","2009-04-22",9245,"2008-09-12",2340,"10696",,"3","9","0","3",,"2","004","-","N",,0,0,,,0,,,,"Y",1,"A","-",23152,"A","N","A","H","-","D","D","0","Y","A","07",0,1,0,0,0,0,0,0,0,"-","-","UNINCORPORATED","EL DORADO","CA",0,0
"3893411",-121.031393058,38.7033538818,2008,"0900","4","5","2","09",0,2,"A",,,,,,1800,9,"A","C","A","GREEN VALLEY RD","DEER VALLEY RD",0,,"Y","2009-04-22",9245,"2008-09-12",1745,"13028",,"2","9","0","2",,"2","011","-","N",,0,0,,,0,,,,"Y",2,"A","-",21801,"A","N","A","H","-","A","D","0","Y","A","01",1,0,1,0,0,0,0,0,0,"-","-","UNINCORPORATED","EL DORADO","CA",0,0
"3893415",-120.685721455,38.739616394,2008,"0900","4","2","3","18",0,1,"A",,,,,,600,9,"H","H","A","CARSON RD","PSYLLA LN",1263,"E","N","2009-04-21",9245,"2008-09-16",530,"10696",,"3","9","0","2",,"1","024","-","N",,0,0,,,0,,,,"Y",1,"C","-",0,,"N","A","H","-","D","D","0","Y","-","-",0,1,0,0,0,0,0,0,0,"-","-","UNINCORPORATED","EL DORADO","CA",0,0
"3893419",-121.055910287,38.6547050476,2008,"0900","5","2","4","05",0,1,"A",,,,,"Y",2100,9,"A","C","A","WHITE ROCK RD","JOERGER CUT OFF RD",205,"S","N","2009-04-22",9245,"2008-09-09",2035,"12661",,"2","9","0","3",,"2","003","-","N",,0,0,,,0,,,,"Y",3,"A","-",21460,"A","N","A","H","-","D","D","0","Y","A","01",0,0,1,0,0,0,0,0,0,"-","-","UNINCORPORATED","EL DORADO","CA",0,0
"3895641",0,0,2008,"0900","4","7","3","08",0,1,"A",,,"Y",,,1500,8,"F","A","A","ICE HOUSE RD","WRIGHTS LAKE RD CUT OFF",5280,"N","N","2009-03-04",9245,"2008-08-31",1410,"13833",,"2","9","0","2",,"1","026","-","N",,0,0,,,0,,,,"N",1,"A","-",22107,,"N","A","H","-","A","D","0","Y","C","02",0,1,0,0,0,0,0,0,1,"-","-","UNINCORPORATED","EL DORADO","CA",0,0
"3895669",-120.92033545,38.911932676,2008,"0900","3","7","3","03",0,1,"A",,,,,"Y",1200,8,"F","A","A","RT 193","SLIGER MINE RD",1320,"W","N","2009-03-20",9245,"2008-08-31",1030,"11511",,"1","9","0","1",,"1","122","-","Y","ED",3,193,"-","R",6,"H","-","W","Y",1,"A","-",22350,,"N","A","H","-","A","D","0","Y","A","07",0,1,0,0,0,0,0,0,0,"-","-","UNINCORPORATED","EL DORADO","CA",0,0
"3897911",-120.881390224,38.787759686,2008,"0900","3","1","3","05",0,1,"A",,,,"Y",,1200,10,"E","I","A","RT 49","RIVERWOOD DR",3696,"N","N","2009-06-08",9245,"2008-10-06",1115,"12720",,"1","9","0","1",,"1","115","-","Y","ED",3,49,"-","-",21.34,"H","-","N","Y",1,"A","-",21650,,"N","A","H","-","A","D","0","Y","F","26",0,1,0,0,0,0,0,0,0,"-","-","UNINCORPORATED","EL DORADO","CA",0,0
"3899031",-120.853234653,38.600932814,2008,"0900","3","3","4","03",0,1,"A",,,,"Y",,900,9,"F","A","A","RT 49","UNION MINE RD",3854,"N","N","2009-04-14",9245,"2008-09-10",750,"11511",,"1","9","0","1",,"1","135","-","Y","ED",3,49,"-","-",3.82,"H","-","S","Y",1,"A","-",22350,,"N","A","H","-","A","D","0","Y","G","25",0,0,1,0,0,0,0,0,0,"-","-","UNINCORPORATED","EL DORADO","CA",0,0
"3900966",-120.122837689,38.811320804,2008,"0900","2","1","4","03",0,1,"A",,,,,,1200,9,"C","C","A","RT 50","PYRAMID CREEK",528,"W","N","2009-05-14",9245,"2008-09-01",925,"15262",,"1","9","0","1",,"1","170","-","Y","ED",3,50,"-","-",59.71,"H","-","E","Y",3,"A","-",22350,,"N","A","H","-","A","D","0","Y","A","01",0,0,1,0,0,0,0,0,0,"-","-","UNINCORPORATED","EL DORADO","CA",0,0
"3900990",-120.961967712,38.6742668152,2008,"0900","5","2","4","09",0,1,"A",,,,,,1500,9,"D","C","A","BUENA VISTA DR","CERCIS WY",148,"W","N","2009-04-23",9245,"2008-09-02",1425,"14956",,"2","9","0","3",,"2","001","-","N",,0,0,,,0,,,,"Y",2,"A","-",21804,"A","N","A","H","-","A","D","0","Y","A","07",0,0,1,0,0,0,0,0,0,"-","-","UNINCORPORATED","EL DORADO","CA",0,0
"3900998",-120.690655533,38.7568969727,2008,"0900","5","1","3","05",0,1,"A",,,"Y",,,1800,9,"F","A","A","NORTH CANYON RD","LARSEN DR",3696,"W","N","2009-04-23",9245,"2008-09-01",1545,"10059",,"2","9","0","3",,"2","002","-","N",,0,0,,,0,,,,"Y",1,"A","-",21650,,"N","A","H","-","A","D","0","Y","C","02",0,1,0,0,0,0,0,0,1,"-","-","UNINCORPORATED","EL DORADO","CA",0,0
"3901010",-120.851605369,38.762499314,2008,"0900","3","4","3","08",0,1,"A",,,,,,600,9,"E","I","A","RT 49","GOLD RUSH LN",371,"N","N","2009-05-11",9245,"2008-09-04",430,"10696",,"3","9","0","1",,"1","115","-","Y","ED",3,49,"-","-",19.12,"H","-","S","Y",1,"A","-",22107,,"N","A","H","-","D","D","0","Y","D","22",0,1,0,0,0,0,0,0,0,"-","-","UNINCORPORATED","EL DORADO","CA",0,0
"3901652",-120.012587741,38.856802926,2008,"0900","5","1","4","09",0,1,"A",,,"Y",,,1800,8,"D","C","A","APACHE AV","RT 50",174,"S","N","2009-03-23",9246,"2008-08-25",1600,"01545",,"2","9","0","3",,"2","200","-","Y","ED",3,50,"-","-",71.295,"I","6","E","N",2,"A","-",21801,"A","N","A","H","-","A","D","0","Y","D","22",0,0,1,0,0,0,0,0,1,"-","-","UNINCORPORATED","EL DORADO","CA",0,0
"3901656",-120.024603899,38.8918037415,2008,"0900","4","1","3","17",0,2,"A",,,,,,1500,8,"E","I","A","LAKE TAHOE BL","SAWMILL RD",1373,"E","N","2009-03-14",9246,"2008-08-25",1251,"01507",,"1","9","0","2",,"1","025","-","N",,0,0,,,0,,,,"Y",1,"A","-",21662,,"N","A","H","-","A","D","0","Y","A","01",0,1,1,0,0,0,0,0,0,"-","-","UNINCORPORATED","EL DORADO","CA",0,0
"3901660",-119.961779676,38.9141769409,2008,"0900","4","4","4","08",0,3,"A",,,,,,1500,9,"A","C","A","PIONEER TRL","COLD CREEK TRL",536,"W","N","2009-03-14",9246,"2008-09-04",1305,"01005",,"1","9","0","2",,"1","024","-","N",,0,0,,,0,,,,"Y",2,"A","-",22107,,"N","A","H","-","A","A","0","Y","A","01",0,0,3,0,0,0,0,0,0,"-","-","UNINCORPORATED","EL DORADO","CA",0,0
"3901668",-120.088148645,38.951187767,2008,"0900","3","6","3","17",0,2,"A",,,,,,600,9,"E","J","A","RT 89","EAGLE POINT CMPGRD",528,"S","N","2009-03-20",9246,"2008-09-06",500,"01761",,"3","9","0","1",,"1","030","-","Y","ED",3,89,"-","-",15.27,"H","-","S","Y",1,"A","-",21662,,"N","A","H","-","D","D","0","Y","A","07",0,2,0,0,0,0,0,0,0,"-","-","UNINCORPORATED","EL DORADO","CA",0,0
"3901676",-120.118619894,39.013621051,2008,"0900","3","5","3","08",0,1,"A",,"Y",,,,1800,8,"F","A","A","RT 89","SCENIC DR",10,"S","N","2009-03-20",9246,"2008-08-15",1630,"01704",,"2","9","0","1",,"1","031","-","Y","ED",3,89,"-","-",22.12,"H","-","S","N",1,"A","-",22107,,"N","A","H","-","A","D","0","Y","L","04",0,1,0,0,0,0,1,0,0,"-","-","UNINCORPORATED","EL DORADO","CA",0,0
"3901681",-120.040090869,38.934007359,2008,"0900","3","5","2","09",0,1,"A",,"Y",,,,1800,8,"D","G","A","RT 89","BEACH RD",22,"S","N","2009-03-26",9246,"2008-08-22",1730,"01704",,"2","9","0","1",,"1","030","-","Y","ED",3,89,"-","-",11.14,"H","-","S","N",2,"A","-",21804,"A","N","A","H","-","A","D","0","Y","L","04",1,0,0,0,0,0,1,0,0,"-","-","UNINCORPORATED","EL DORADO","CA",0,0
"3904357",-121.025050319,38.911386635,2008,"0900","3","3","3","03",0,1,"A",,,"Y","Y",,1200,10,"F","A","A","RT 49","AARON COOL DR",9504,"N","N","2009-06-08",9245,"2008-10-22",922,"15607",,"1","9","0","1",,"1","115","-","Y","ED",3,49,"-","-",36.82,"H","-","S","Y",2,"A","-",22350,,"N","A","H","-","A","D","0","Y","C","02",0,1,0,0,0,0,0,0,1,"-","-","UNINCORPORATED","EL DORADO","CA",0,0
"3904754",-120.912723886,38.682331532,2008,"0900","2","2","3","05",0,1,"A",,,,,,2100,9,"E","J","A","RT 50","SHINGLE SPRINGS DR",528,"E","N","2009-05-14",9245,"2008-09-16",2030,"10059",,"2","9","0","1",,"2","120","-","Y","ED",3,50,"-","R",10.42,"H","-","E","N",1,"A","-",21650,,"N","A","D","-","D","A","1","Y","D","22",0,1,0,0,0,0,0,0,0,"-","-","UNINCORPORATED","EL DORADO","CA",0,0
"3904758",-120.944314964,38.6732406616,2008,"0900","5","1","3","09",0,1,"A",,,"Y",,,1500,9,"D","C","A","MEDER RD","ELF WOOD LN",75,"E","N","2009-04-22",9245,"2008-09-15",1405,"12661",,"2","9","0","3",,"2","001","-","N",,0,0,,,0,,,,"Y",2,"A","-",21804,"A","N","A","H","-","A","D","0","Y","A","01",0,1,0,0,0,0,0,0,1,"-","-","UNINCORPORATED","EL DORADO","CA",0,0
"3904766",-120.770382816,38.6781921387,2008,"0900","4","6","4","18",0,1,"A",,,"Y",,,2100,9,"E","J","A","PLEASANT VALLEY RD","MOON SHINE HILL RD",75,"E","N","2009-04-22",9245,"2008-09-13",1915,"13833",,"2","9","0","2",,"1","041","-","N",,0,0,,,0,,,,"N",1,"C","-",0,,"N","A","H","-","A","D","0","Y","-","-",0,0,1,0,0,0,0,0,1,"-","-","UNINCORPORATED","EL DORADO","CA",0,0
"3904775",-120.861778474,38.6942520142,2008,"0900","5","2","4","01",0,1,"A",,,,,"Y",2400,9,"E","I","A","EL DORADO RD","SILVER LODE DR",375,"N","N","2009-04-21",9245,"2008-09-09",2125,"12833",,"2","9","0","3",,"2","003","-","N",,0,0,,,0,,,,"Y",1,"A","-",23152,"A","N","A","H","-","D","D","0","Y","A","01",0,0,1,0,0,0,0,0,0,"-","-","UNINCORPORATED","EL DORADO","CA",0,0
"3904779",0,0,2008,"0900","5","6","3","01",0,1,"A",,,,,"Y",600,9,"F","A","A","BASS LAKE RD","SIENNA RIDGE RD",225,"N","N","2009-04-21",9245,"2008-09-13",400,"15560",,"3","9","0","3",,"2","001","-","N",,0,0,,,0,,,,"Y",1,"A","-",23152,"A","N","A","H","-","D","D","0","Y","A","01",0,1,0,0,0,0,0,0,0,"-","-","UNINCORPORATED","EL DORADO","CA",0,0
"3906201",-120.004572921,38.9333839417,2008,"0902","0","6","3","01",0,1,"A",,,,,,600,9,"E","I","A","TAHOE KEYS BL","ALA WAI BL",0,,"Y","2009-04-27",902,"2008-09-13",549,"182",,"5","3","0","0",,"0","WES","-","N",,0,0,,,0,,,,"Y",1,"A","-",23152,"A","N","A","H","-","C","D","0","Y","A","01",0,1,0,0,0,0,0,0,0,"-","-","SOUTH LAKE TAHOE","EL DORADO","CA",0,0
"3907364",-120.145189009,38.797142394,2008,"0900","2","5","4","03",0,1,"A",,,,,,1500,9,"C","C","A","RT 50","STRAWBERRY LN",5,"E","N","2009-05-14",9245,"2008-09-12",1445,"13833",,"2","9","0","1",,"1","170","-","Y","ED",3,50,"-","-",58.01,"H","-","W","N",3,"A","-",22350,,"N","A","H","-","A","D","0","Y","A","08",0,0,1,0,0,0,0,0,0,"-","-","UNINCORPORATED","EL DORADO","CA",0,0
"3907372",-120.38919932,38.77270649,2008,"0900","2","3","3","05",0,1,"A",,,,,,1500,9,"E","I","A","RT 50","ICE HOUSE RD",16896,"E","N","2009-05-14",9245,"2008-09-03",1415,"13279",,"2","9","0","1",,"1","160","-","Y","ED",3,50,"-","-",43.18,"H","-","E","Y",1,"A","-",21460,"A","N","A","H","-","A","D","0","Y","A","01",0,1,0,0,0,0,0,0,0,"-","-","UNINCORPORATED","EL DORADO","CA",0,0
"3907427",-121.022434305,38.910721746,2008,"0900","3","6","3","01",0,1,"A",,,,,"Y",300,9,"F","A","A","RT 49","AMERICAN RIVER BR",7920,"S","N","2009-05-11",9245,"2008-09-06",149,"15607",,"3","9","0","1",,"1","115","-","Y","ED",3,49,"-","-",36.66,"H","-","S","Y",1,"A","-",23152,"A","N","A","H","-","D","D","0","Y","D","22",0,1,0,0,0,0,0,0,0,"-","-","UNINCORPORATED","EL DORADO","CA",0,0
"3909150",-120.796147374,38.7322311401,2008,"0901","0","7","2","01",0,1,"A",,,,,"Y",300,9,"A","I","A","CLAY ST","COLEMAN ST",191,"S","N","2009-04-21",901,"2008-09-07",14,"224","0901","5","2","0","0",,"0","PP2","-","N",,0,0,,,0,,,,"Y",1,"A","-",23152,"A","F","A","H","-","C","D","0","Y","A",,1,0,0,0,0,0,0,0,0,"-","-","PLACERVILLE","EL DORADO","CA",0,0
"3909264",0,0,2008,"0901","0","3","4","05",0,1,"A",,,,,,1800,8,"E","I","A","CEDAR RAVINE RD","MILED MARKER 408",154,"S","N","2009-03-03",901,"2008-08-20",1547,"237","0901","5","2","0","0",,"0","PP2","-","N",,0,0,,,0,,,,"Y",1,"A","-",21650,,"N","A","H","-","A","D","0","Y","A",,0,0,1,0,0,0,0,0,0,"-","-","PLACERVILLE","EL DORADO","CA",0,0
"3909268",-120.808497707,38.735159869,2008,"0901","0","2","4","08",0,1,"A",,,"Y",,,1500,8,"F","A","A","COLOMA RD","HOLLY WY",295,"S","N","2009-03-19",901,"2008-08-26",1342,"237","0901","5","2","0","0",,"0","PP1","-","Y","ED",3,49,"-","-",15.44,"H","-","S","Y",1,"A","-",22107,,"N","A","H","-","A","D","0","Y","C",,0,0,1,0,0,0,0,0,1,"-","-","PLACERVILLE","EL DORADO","CA",0,0
"3910053",-121.071604018,38.6549034119,2008,"0900","4","2","4","21",0,2,"A",,,,,,900,9,"C","C","A","EL DORADO HILLS BL","SARATOGA WY",360,"S","N","2009-04-25",9245,"2008-09-09",800,"11511",,"1","9","0","2",,"2","012","-","N",,0,0,,,0,,,,"Y",2,"A","-",22106,,"N","A","H","-","A","D","0","Y","A","01",0,0,2,0,0,0,0,0,0,"-","-","UNINCORPORATED","EL DORADO","CA",0,0
"3911813",-120.943793039,38.6599769592,2008,"0900","5","6","4","03",0,1,"A",,,,,,900,8,"C","C","A","DUROCK RD","HEINZ RD",0,,"Y","2009-03-26",9245,"2008-08-23",755,"11511",,"1","9","0","3",,"2","003","-","N",,0,0,,,0,,,,"Y",2,"A","-",22350,,"N","A","H","-","A","D","0","Y","A","01",0,0,1,0,0,0,0,0,0,"-","-","UNINCORPORATED","EL DORADO","CA",0,0
"3911817",-120.852864514,38.628206976,2008,"0900","3","7","3","05",0,2,"A",,,"Y",,,1200,8,"F","A","A","RT 49","CRYSTAL BL",2112,"S","N","2009-04-03",9245,"2008-08-24",1130,"15262",,"1","9","0","1",,"1","135","-","Y","ED",3,49,"-","-",5.75,"H","-","S","Y",1,"A","-",21650,,"N","A","H","-","A","D","0","Y","C","02",0,2,0,0,0,0,0,0,2,"-","-","UNINCORPORATED","EL DORADO","CA",0,0
"3912267",-120.938640604,38.6676368713,2008,"0900","4","4","4","03",0,1,"A",,,,,,2100,8,"C","C","A","PONDEROSA RD","FOXWOOD LN",50,"N","N","2009-03-14",9245,"2008-08-28",1800,"14956",,"2","9","0","2",,"1","013","-","N",,0,0,,,0,,,,"N",3,"A","-",22350,,"N","A","H","-","A","D","0","Y","A","01",0,0,1,0,0,0,0,0,0,"-","-","UNINCORPORATED","EL DORADO","CA",0,0
"3912275",-120.904467076,38.668170929,2008,"0900","4","4","3","05",0,1,"A",,,,,,900,8,"E","I","A","MOTHER LODE DR","ROCKING HORSE LN",190,"W","N","2009-03-14",9245,"2008-08-28",610,"11511",,"1","9","0","2",,"1","039","-","N",,0,0,,,0,,,,"Y",1,"A","-",21650,,"N","A","H","-","A","D","0","Y","A","01",0,1,0,0,0,0,0,0,0,"-","-","UNINCORPORATED","EL DORADO","CA",0,0
"3912283",-120.330587989,38.763754678,2008,"0900","2","3","4","05",0,1,"A",,,,,,1800,8,"F","A","A","RT 50","WILDWOOD WY",1,"W","N","2009-04-03",9245,"2008-08-27",1655,"13279",,"2","9","0","1",,"1","160","-","Y","ED",3,50,"-","-",46.81,"H","-","W","Y",1,"A","-",21650,,"N","A","H","-","A","A","0","Y","A","01",0,0,1,0,0,0,0,0,0,"-","-","UNINCORPORATED","EL DORADO","CA",0,0
"3913178",-120.398721713,38.773711681,2008,"0900","2","7","2","03",0,3,"A",,,"Y",,,1500,8,"A","C","A","RT 50","ALDER CREEK RD",6336,"E","N","2009-04-03",9245,"2008-08-31",1225,"11480",,"1","9","0","1",,"1","160","-","Y","ED",3,50,"-","-",42.64,"H","-","W","Y",2,"A","-",22350,,"N","A","H","-","A","D","0","Y","C","02",1,2,0,0,0,0,0,0,2,"-","-","UNINCORPORATED","EL DORADO","CA",0,0
"3915450",-120.897583448,38.80831334,2008,"0900","3","7","3","08",0,1,"A",,,"Y",,,1500,8,"F","A","A","RT 49","COLOMA HEIGHTS RD",120,"N","N","2009-04-10",9245,"2008-08-24",1405,"13463",,"2","9","0","1",,"1","115","-","Y","ED",3,49,"-","-",23.02,"H","-","N","Y",1,"A","-",22107,,"N","A","H","-","A","D","0","Y","C","02",0,1,0,0,0,0,0,0,1,"-","-","UNINCORPORATED","EL DORADO","CA",0,0
"3915458",0,0,2008,"0900","5","7","3","08",0,1,"A",,,,,,900,8,"F","A","A","MORMON EMIGRANT TRL","FERRARI MILL RD",7920,"E","N","2009-03-28",9245,"2008-08-24",700,"13929","245","1","9","0","3",,"2","004","-","N",,0,0,,,0,,,,"Y",1,"A","-",22107,,"N","A","H","-","A","D","0","Y","D","22",0,1,0,0,0,0,0,0,0,"-","-","UNINCORPORATED","EL DORADO","CA",0,0
"3915489",-120.882725861,38.791802565,2008,"0900","3","7","3","05",0,2,"A",,,"Y",,,1200,8,"F","A","A","RT 49","JOHNSON RANCH RD",755,"N","N","2009-04-10",9245,"2008-08-24",1158,"12833",,"1","9","0","1",,"1","115","-","Y","ED",3,49,"-","-",22.26,"H","-","S","N",1,"A","-",21650,,"N","A","H","-","A","D","0","Y","C","02",0,2,0,0,0,0,0,0,2,"-","-","UNINCORPORATED","EL DORADO","CA",0,0
"3915493",-120.839461897,38.905034464,2008,"0900","3","4","3","05",0,1,"A",,,,,,1200,8,"E","I","A","RT 193","ROLLING HILLS RD",117,"W","N","2009-04-09",9245,"2008-08-14",1045,"12720",,"1","9","0","1",,"1","122","-","Y","ED",3,193,"-","-",12.32,"H","-","E","Y",1,"A","-",21650,,"N","A","H","-","A","D","0","Y","D","22",0,1,0,0,0,0,0,0,0,"-","-","UNINCORPORATED","EL DORADO","CA",0,0
"3915495",-121.002134726,38.6946983337,2008,"0900","5","2","3","05",0,1,"A",,"Y",,,,1800,8,"D","G","A","CIMMARRON RD","CAMBRIDGE RD",16,"E","N","2009-03-28",9245,"2008-08-26",1730,"14956",,"2","9","0","3",,"2","001","-","N",,0,0,,,0,,,,"N",2,"A","-",21202,"A","F","A","H","-","A","A","0","Y","L","04",0,1,0,0,0,0,1,0,0,"-","-","UNINCORPORATED","EL DORADO","CA",0,0
"3915499",-121.000950945,38.5795707703,2008,"0900","4","5","4","01",0,1,"A",,,,,"Y",2100,8,"E","I","A","LATROBE RD","SUN RIDGE MEADOW RD",3696,"S","N","2009-03-28",9245,"2008-08-08",2040,"12661",,"2","9","0","2",,"2","031","-","N",,0,0,,,0,,,,"Y",1,"A","-",23152,"A","N","A","H","-","D","D","0","Y","A","07",0,0,1,0,0,0,0,0,0,"-","-","UNINCORPORATED","EL DORADO","CA",0,0
"3915503",0,0,2008,"0900","4","7","3","05",0,1,"A",,"Y",,,,1500,8,"B","G","A","SLY PARK RD","TWO POND RD",2323,"S","N","2009-03-28",9245,"2008-08-24",1215,"13929","245","1","9","0","2",,"1","043","-","N",,0,0,,,0,,,,"N",2,"A","-",21650,,"N","A","H","-","A","D","0","Y","L","04",0,1,0,0,0,0,1,0,0,"-","-","UNINCORPORATED","EL DORADO","CA",0,0
"3915507",0,0,2008,"0900","4","2","4","03",0,1,"A",,,,,,2100,8,"C","C","A","SLY PARK RD","PONY EXPRESS TRL",300,"S","N","2009-03-28",9245,"2008-08-26",1835,"12382",,"2","9","0","2",,"1","043","-","N",,0,0,,,0,,,,"N",2,"A","-",22350,,"N","A","H","-","A","A","0","Y","A","01",0,0,1,0,0,0,0,0,0,"-","-","UNINCORPORATED","EL DORADO","CA",0,0