"CASEID","POINT_X","POINT_Y","YEAR_","LOCATION","CHPTYPE","DAYWEEK","CRASHSEV","VIOLCAT","KILLED","INJURED","WEATHER1","PEDCOL","BICCOL","MCCOL","TRUCKCOL","ETOH","TIMECAT","MONTH_","CRASHTYP","INVOLVE","PED","PRIMARYRD","SECONDRD","DISTANCE","DIRECT","INTERSECT_","PROCDATE","JURIS","DATE_","TIME_","BADGE","JURIDIST","SHIFT","POP","SPECIAL","BEATTYPE","LAPDDIV","BEATCLAS","BEATNUMB","WEATHER2","STATEHW","CALTRANC","CALTRAND","STROUTE","ROUTESUF","POSTPRE","POSTMILE","LOCATYPE","RAMP","SIDEHW","TOWAWAY","PARTIES","PCF","VIOLCODE","VIOL","VIOLSUB","HITRUN","ROADSURF","RDCOND1","RDCOND2","LIGHTING","RIGHTWAY","CHPRDTYP","NOTPRIV","STFAULT","CHPFAULT","SEVINJ","OTHERINJ","COP","PEDKILL","PEDINJ","BICKILL","BICINJ","MCKILL","MCINJURE","RAMP1","RAMP2","CITY","COUNTY","STATE","X_CHP","Y_CHP"
"4103316",-120.9185231,38.64854524,2009,"0900","5","4","4","08",0,1,"B",,,,,,2100,2,"E","I","A","FRENCH CREEK RD","STEEP RD",500,"N","N","2009-10-17",9245,"2009-02-05",2022,"15607",,"2","9","0","3",,"2","003","-","N",,0,0,,,0,,,,"Y",1,"A","-",22107,,"N","A","H","-","D","D","0","Y","A","07",0,0,1,0,0,0,0,0,0,"-","-","UNINCORPORATED","EL DORADO","CA",-120.91864,38.64895
"4103485",0,0,2009,"0900","5","1","3","03",0,1,"B",,,,,,2100,1,"E","I","A","OAK HILL RD","SQUAW HOLLOW RD",185,"N","N","2009-09-15",9245,"2009-01-26",1840,"13248",,"2","9","0","3",,"2","003","-","N",,0,0,,,0,,,,"Y",1,"A","-",22350,,"N","B","H","-","D","D","0","Y","A","07",0,1,0,0,0,0,0,0,0,"-","-","UNINCORPORATED","EL DORADO","CA",0,0
"4103988",-120.674642163,38.734445844,2009,"0900","2","5","4","03",0,1,"B",,,,"Y",,2100,2,"C","C","A","RT 50","RIDGEWAY DR",4752,"W","N","2009-11-04",9245,"2009-02-13",1815,"14657",,"2","9","0","1",,"2","140","D","Y","ED",3,50,"-","-",25.32,"H","-","E","Y",2,"A","-",22350,,"N","C","G","-","D","D","1","Y","A","01",0,0,1,0,0,0,0,0,0,"-","-","UNINCORPORATED","EL DORADO","CA",-120.6612,38.74257
"4103996",-120.71503,38.69324,2009,"0900","4","1","4","09",0,1,"B",,,,,,1800,2,"D","C","A","PLEASANT VALLEY RD","CHROME RIDGE RD",0,,"Y","2009-10-22",9245,"2009-02-09",1713,"15607",,"2","9","0","2",,"1","041","-","N",,0,0,,,0,,,,"Y",2,"A","-",21804,"A","N","A","H","-","B","D","0","Y","A","01",0,0,1,0,0,0,0,0,0,"-","-","UNINCORPORATED","EL DORADO","CA",-120.71509,38.69332
"4105667",-121.07152,38.71414986,2009,"0900","5","4","4","08",0,1,"A",,,,,,2400,1,"E","I","A","MALCOLM DIXON RD","UPLANDS DR",1056,"E","N","2009-02-26",9245,"2009-01-01",2215,"16685",,"3","9","0","3",,"2","001","-","N",,0,0,,,0,,,,"Y",1,"A","-",22107,,"N","A","H","-","D","D","0","Y","A","01",0,0,1,0,0,0,0,0,0,"-","-","UNINCORPORATED","EL DORADO","CA",-121.07171,38.71404
"4107042",-120.9426525,38.67075345,2009,"0900","4","4","4","03",0,1,"B",,,,,,900,2,"C","C","A","PONDEROSA RD","MINESHAFT LN",217,"S","N","2009-09-23",9245,"2009-02-05",650,"12382",,"1","9","0","2",,"1","013","-","N",,0,0,,,0,,,,"N",3,"A","-",22350,,"N","A","H","-","A","A","0","Y","A","01",0,0,1,0,0,0,0,0,0,"-","-","UNINCORPORATED","EL DORADO","CA",-120.94254,38.67076
"4107181",-120.988999685,38.897347432,2009,"0900","3","6","4","01",0,1,"A",,,,,"Y",2400,2,"F","A","A","RT 193","CRAMER RD",1795,"W","N","2009-10-28",9245,"2009-02-14",2244,"13839",,"3","9","0","1",,"1","122","-","Y","ED",3,193,"-","-",1.68,"H","-","E","Y",1,"A","-",23152,"A","N","A","H","-","D","D","0","Y","A","01",0,0,1,0,0,0,0,0,0,"-","-","UNINCORPORATED","EL DORADO","CA",-120.98875,38.89749
"4110300",-121.06906,38.64979,2009,"0900","4","1","3","12",0,1,"A",,,,,,1500,2,"D","C","A","LATROBE RD","TOWN CENTER DR",0,,"Y","2009-10-22",9260,"2009-02-09",1230,"12781",,"1","9","0","2",,"2","201","-","N",,0,0,,,0,,,,"Y",2,"A","-",21453,"A","N","A","H","-","A","A","0","Y","A","01",0,1,0,0,0,0,0,0,0,"-","-","UNINCORPORATED","EL DORADO","CA",-121.0689,38.64992
"4113297",-120.027983802,38.822928622,2009,"0900","2","6","3","05",0,4,"A",,,,,,900,1,"A","C","A","RT 50","ECHO SUMMIT CAL TRANS YARD",3696,"E","N","2009-10-06",9246,"2009-01-31",850,"16272",,"1","9","0","1",,"1","021","-","Y","ED",3,50,"-","-",67.5,"H","-","E","Y",2,"A","-",21460,"A","N","A","H","-","A","D","0","Y","A","07",0,2,2,0,0,0,0,0,0,"-","-","UNINCORPORATED","EL DORADO","CA",0,0
"4113503",-120.125338545,38.810874337,2009,"0900","2","1","3","01",0,1,"A",,,,,"Y",300,2,"E","I","A","RT 50","PYRAMID CREEK TRACT",528,"E","N","2009-10-29",9246,"2009-02-02",155,"14302",,"3","9","0","1",,"1","020","-","Y","ED",3,50,"-","-",59.57,"H","-","E","Y",1,"A","-",23152,"A","N","A","H","-","D","D","0","Y","A","07",0,1,0,0,0,0,0,0,0,"-","-","UNINCORPORATED","EL DORADO","CA",-120.12034,38.80972
"4114233",-120.673718872,38.734459663,2009,"0900","2","5","4","03",0,1,"D",,,,"Y",,2400,2,"C","C","A","RT 50","SNOWS RD",600,"E","N","2009-10-28",9245,"2009-02-13",2135,"13839",,"2","9","0","1",,"2","140","-","Y","ED",3,50,"-","-",25.39,"H","-","W","Y",2,"A","-",22350,,"N","C","H","-","D","D","1","Y","A","01",0,0,1,0,0,0,0,0,0,"-","-","UNINCORPORATED","EL DORADO","CA",-120.6681,38.735
"4114726",0,0,2009,"0900","4","2","4","03",0,2,"A",,,,,,1500,2,"C","C","A","SLY PARK RD","CAMBRIA CT",528,"S","N","2009-09-19",9245,"2009-02-03",1245,"13028",,"1","9","0","2",,"1","043","-","N",,0,0,,,0,,,,"N",2,"A","-",22350,,"N","A","H","-","A","D","0","Y","D","22",0,0,2,0,0,0,0,0,0,"-","-","UNINCORPORATED","EL DORADO","CA",-120.63223,38.68464
"4114730",-120.8709644,38.67949025,2009,"0900","4","5","2","01",0,2,"B",,,,,"Y",2100,2,"D","C","A","MOTHER LODE DR","DAVIDSON RD",125,"W","N","2009-09-19",9245,"2009-02-06",1920,"13028",,"2","9","0","2",,"1","039","-","N",,0,0,,,0,,,,"Y",2,"A","-",23152,"A","N","A","H","-","C","D","0","Y","A","07",1,0,1,0,0,0,0,0,0,"-","-","UNINCORPORATED","EL DORADO","CA",-120.87134,38.67928
"4114738",-120.638482168,38.743800639,2009,"0900","2","7","3","03",0,1,"D",,,,,,2100,2,"F","A","A","RT 50","SLY PARK RD",1,"W","N","2009-10-06",9245,"2009-02-08",2015,"10696",,"2","9","0","1",,"2","150","-","Y","ED",3,50,"-","R",30.3,"H","-","E","Y",1,"A","-",22350,,"N","C","H","-","D","D","1","Y","A","01",0,1,0,0,0,0,0,0,0,"-","-","UNINCORPORATED","EL DORADO","CA",-120.59381,38.75509
"4114761",-120.829603792,38.722827226,2009,"0900","2","5","4","03",0,1,"B",,,,,,2100,2,"E","I","A","RT 50","PLACERVILLE DR",792,"E","N","2009-10-06",9245,"2009-02-13",1835,"13833",,"2","9","0","1",,"2","120","C","Y","ED",3,50,"-","-",15.98,"H","-","W","Y",1,"A","-",22350,,"N","B","H","-","D","D","1","Y","A","01",0,0,1,0,0,0,0,0,0,"-","-","UNINCORPORATED","EL DORADO","CA",-120.81496,38.73039
"4114781",-120.86922,38.68076,2009,"0900","4","6","4","12",0,1,"B",,,,,,1200,2,"D","C","A","MOTHER LODE DR","PLEASANT VALLEY RD",0,,"Y","2009-09-19",9245,"2009-02-14",958,"10717",,"1","9","0","2",,"1","039","-","N",,0,0,,,0,,,,"N",2,"A","-",22450,"A","N","A","H","-","A","A","0","Y","A","01",0,0,1,0,0,0,0,0,0,"-","-","UNINCORPORATED","EL DORADO","CA",-120.86916,38.68083
"4114789",-120.81670303,38.748075189,2009,"0900","3","5","3","05",0,2,"B",,,,,,900,2,"A","C","A","RT 193","RT 49",4858,"W","N","2009-10-09",9245,"2009-02-13",830,"10717",,"1","9","0","1",,"1","122","D","Y","ED",3,193,"-","-",26.04,"H","-","E","Y",2,"A","-",21460,"A","N","C","G","-","A","D","0","Y","D","22",0,1,1,0,0,0,0,0,0,"-","-","UNINCORPORATED","EL DORADO","CA",-120.81722,38.74996
"4117610",-120.333887152,38.763931637,2009,"0900","2","5","4","03",0,1,"B",,,,,,1500,2,"A","C","A","RT 50","30 MILESTONE TRACT",162,"E","N","2009-10-29",9245,"2009-02-13",1240,"11480",,"1","9","0","1",,"1","160","-","Y","ED",3,50,"-","-",46.62,"H","-","W","Y",2,"A","-",22350,,"N","C","H","-","A","D","0","Y","D","22",0,0,1,0,0,0,0,0,0,"-","-","UNINCORPORATED","EL DORADO","CA",-120.33484,38.76436
"4117642",-121.0201906,38.71491516,2009,"0900","5","7","4","01",0,1,"B",,,,,"Y",1200,2,"E","I","A","DEER VALLEY RD","FAWN WY",87,"N","N","2009-10-15",9245,"2009-02-08",1155,"09122",,"1","9","0","3",,"2","001","-","N",,0,0,,,0,,,,"Y",1,"A","-",23152,"A","N","A","H","-","A","D","0","Y","D","22",0,0,1,0,0,0,0,0,0,"-","-","UNINCORPORATED","EL DORADO","CA",0,0
"4117650",-120.515092773,38.760364248,2009,"0900","2","3","4","03",0,3,"B",,,,,,900,2,"E","I","A","RT 50","PEAVINE RIDGE RD",200,"W","N","2009-10-29",9245,"2009-02-18",655,"11480",,"1","9","0","1",,"2","150","-","Y","ED",3,50,"-","-",35.18,"H","-","W","Y",1,"A","-",22350,,"N","C","H","-","B","D","1","Y","D","22",0,0,3,0,0,0,0,0,0,"-","-","UNINCORPORATED","EL DORADO","CA",-120.51528,38.76038
"4120428",-121.06906,38.64979,2009,"0900","4","4","4","-",0,3,"B",,,,,,900,1,"D","C","A","LATROBE RD","TOWN CENTER BL",0,,"Y","2009-03-20",9245,"2009-01-08",850,"13929",,"1","9","0","2",,"1","037","-","N",,0,0,,,0,,,,"Y",2,"A","-",0,,"N","A","H","-","A","A","0","Y","-","-",0,0,3,0,0,0,0,0,0,"-","-","UNINCORPORATED","EL DORADO","CA",-121.06895,38.64983
"4120700",-120.908063,38.88792128,2009,"0900","5","7","3","05",0,3,"B",,,,,,2400,3,"A","C","A","GREENWOOD RD","DAM CREEK RD",312,"S","N","2009-08-27",9245,"2009-03-01",2140,"03028",,"2","9","0","3",,"2","002","-","N",,0,0,,,0,,,,"Y",2,"A","-",21460,"A","N","B","H","-","D","D","0","Y","A","01",0,1,2,0,0,0,0,0,0,"-","-","UNINCORPORATED","EL DORADO","CA",0,0
"4120901",0,0,2009,"0900","4","3","4","22",0,1,"B",,,,,,1800,3,"E","J","A","SLY PARK RD","MAYFLOWER RD",400,"N","N","2009-10-28",9245,"2009-03-04",1640,"14657",,"2","9","0","2",,"1","043","D","N",,0,0,,,0,,,,"Y",2,"B","-",0,,"N","C","H","-","A","D","0","Y","-","-",0,0,1,0,0,0,0,0,0,"-","-","UNINCORPORATED","EL DORADO","CA",-120.56093,38.75797
"4120905",-120.741674959,38.736933076,2009,"0900","2","4","4","08",0,1,"A",,,,,,1200,3,"E","I","A","RT 50","STILL MEADOW RD",3168,"W","N","2009-11-24",9245,"2009-03-05",1028,"14657",,"1","9","0","1",,"2","140","-","Y","ED",3,50,"-","-",21.46,"H","-","W","Y",1,"A","-",22107,,"N","A","H","-","A","D","1","Y","A","01",0,0,1,0,0,0,0,0,0,"-","-","UNINCORPORATED","EL DORADO","CA",-120.73824,38.73851
"4121078",-120.6662035,38.73868571,2009,"0900","4","2","4","03",0,1,"B",,,,,,2100,2,"A","C","A","PONY EXPRESS TRL","CARSON RD",77,"E","N","2009-10-02",9245,"2009-02-17",2005,"13248",,"2","9","0","2",,"1","025","C","N",,0,0,,,0,,,,"N",2,"A","-",22350,,"N","C","H","-","D","D","0","Y","A","07",0,0,1,0,0,0,0,0,0,"-","-","UNINCORPORATED","EL DORADO","CA",0,0
"4121889",0,0,2009,"0900","5","5","3","09",0,2,"B",,,,,,1200,3,"A","C","A","PALMER DR","PONTE MORINO DR",410,"W","N","2009-10-28",9245,"2009-03-06",1110,"9122",,"1","9","0","3",,"2","001","-","N",,0,0,,,0,,,,"Y",2,"A","-",21801,"A","N","A","H","-","A","D","0","Y","A","07",0,1,1,0,0,0,0,0,0,"-","-","UNINCORPORATED","EL DORADO","CA",-120.96606,38.66165
"4121901",-120.972993044,38.659335169,2009,"0900","2","5","4","03",0,2,"A",,,,,,1800,3,"C","C","A","RT 50","CAMERON PARK DR",530,"W","N","2009-11-17",9245,"2009-03-06",1610,"9122",,"2","9","0","1",,"2","110","B","Y","ED",3,50,"-","-",6.464,"R","1","E","Y",3,"A","-",22350,,"N","A","H","-","A","D","1","Y","A","01",0,0,2,0,0,0,0,0,0,"-","-","UNINCORPORATED","EL DORADO","CA",-120.97122,38.65919
"4121905",0,0,2009,"0900","4","7","4","01",0,1,"A",,,,,"Y",1500,3,"E","I","A","SLY PARK RD","DOE VIEW PL",9,"N","N","2009-10-28",9245,"2009-03-08",1300,"14657",,"1","9","0","2",,"1","043","-","N",,0,0,,,0,,,,"Y",1,"A","-",23152,"A","N","A","H","-","A","D","0","Y","A","07",0,0,1,0,0,0,0,0,0,"-","-","UNINCORPORATED","EL DORADO","CA",-120.58125,38.71508
"4126849",-120.837403029,38.714165185,2009,"0900","4","4","4","12",0,1,"A",,,,,,1200,2,"D","C","A","MISSOURI FLAT RD","RT 50",0,,"Y","2009-10-19",9245,"2009-02-19",1150,"15607",,"1","9","0","2",,"1","037","-","Y","ED",3,50,"-","R",15.211,"R","4","E","Y",2,"A","-",21453,"A","N","A","H","-","A","A","1","Y","D","22",0,0,1,0,0,0,0,0,0,"TO","EO","UNINCORPORATED","EL DORADO","CA",-120.8387,38.71093
"4127611",-120.5272613,38.63971912,2009,"0900","5","3","4","03",0,1,"B",,,,,,2100,2,"B","C","A","STRING CANYON RD","EVERGREEN DR",2640,"E","N","2009-10-20",9245,"2009-02-11",1800,"15262",,"2","9","0","3",,"2","004","D","N",,0,0,,,0,,,,"N",2,"A","-",22350,,"N","C","H","-","D","A","0","Y","D","22",0,0,1,0,0,0,0,0,0,"-","-","UNINCORPORATED","EL DORADO","CA",-120.52901,38.64017
"4127619",-120.6439779,38.7457399,2009,"0900","4","7","3","01",0,1,"B",,,,,"Y",2100,2,"E","I","A","PONY EXPRESS TRL","MACE RD",115,"E","N","2009-10-20",9245,"2009-02-22",1915,"12833",,"2","9","0","2",,"1","025","C","N",,0,0,,,0,,,,"Y",1,"A","-",23152,"A","N","B","H","-","D","D","0","Y","D","22",0,1,0,0,0,0,0,0,0,"-","-","UNINCORPORATED","EL DORADO","CA",-120.64402,38.74575
"4127623",-120.84551,38.70175,2009,"0900","4","3","4","00",0,1,"B",,,,,,1800,2,"D","C","A","MOTHER LODE DR","LINDBERG AV",0,,"Y","2009-10-20",9245,"2009-02-11",1605,"15262",,"2","9","0","2",,"1","039","C","N",,0,0,,,0,,,,"Y",2,"D","-",0,,"N","B","H","-","A","A","0","Y","-","-",0,0,1,0,0,0,0,0,0,"-","-","UNINCORPORATED","EL DORADO","CA",-120.8455,38.70179
"4129556",-120.669045272,38.734597448,2009,"0900","2","1","4","03",0,1,"D","Y",,,,,2100,2,"G","B","E","RT 50","EIGHT MILE RD",1584,"W","N","2009-10-20",9245,"2009-02-16",1930,"16629",,"2","9","0","1",,"2","140","-","Y","ED",3,50,"-","-",25.65,"H","-","W","N",2,"A","-",22350,,"N","C","H","-","D","D","1","Y","A","07",0,0,1,0,1,0,0,0,0,"-","-","UNINCORPORATED","EL DORADO","CA",-120.66825,38.73499
"4129564",-120.84631,38.59008,2009,"0900","5","2","3","03",0,1,"B",,,,,,1500,2,"F","A","A","SAND RIDGE RD","RT 49",7920,"E","N","2009-10-14",9245,"2009-02-10",1250,"13248",,"1","9","0","3",,"2","004","-","N",,0,0,,,0,,,,"Y",1,"A","-",22350,,"N","A","H","-","A","D","0","Y","A","01",0,1,0,0,0,0,0,0,0,"-","-","UNINCORPORATED","EL DORADO","CA",0,0
"4129568",-120.812191975,38.709067777,2009,"0900","3","4","4","03",0,1,"B",,,,,,1500,2,"E","I","A","RT 49","LONGHRUT RD",1584,"S","N","2009-10-20",9245,"2009-02-12",1445,"13248",,"2","9","0","1",,"1","115","-","Y","ED",3,49,"-","-",12.92,"H","-","N","Y",1,"A","-",22350,,"N","B","H","-","A","D","0","Y","A","01",0,0,1,0,0,0,0,0,0,"-","-","UNINCORPORATED","EL DORADO","CA",-120.81161,38.71378
"4129588",-121.0201878,38.71492309,2009,"0900","5","6","3","08",0,1,"B",,,"Y",,,1500,2,"E","I","A","DEER VALLEY RD","FAWN ST",90,"N","N","2009-10-14",9245,"2009-02-21",1245,"09122",,"1","9","0","3",,"2","001","-","N",,0,0,,,0,,,,"Y",1,"A","-",22107,,"N","A","H","-","A","D","0","Y","C","02",0,1,0,0,0,0,0,0,1,"-","-","UNINCORPORATED","EL DORADO","CA",0,0
"4129592",-120.82097481,38.822265196,2009,"0900","3","6","4","03",0,1,"B",,,"Y",,,1500,2,"E","I","A","RT 193","CATBIRD HILL LN",170,"S","N","2009-10-20",9245,"2009-02-21",1315,"11511",,"1","9","0","1",,"1","122","-","Y","ED",3,193,"-","-",18.69,"H","-","E","Y",1,"A","-",22350,,"N","A","H","-","A","D","0","Y","C","02",0,0,1,0,0,0,0,0,1,"-","-","UNINCORPORATED","EL DORADO","CA",-120.81999,38.8259
"4129600",-120.9692813,38.66223864,2009,"0900","5","2","4","00",0,1,"B",,,,,,900,2,"H","A","A","PALMER DR","CAMERON PARK DR",390,"E","N","2009-10-14",9245,"2009-02-17",850,"12720",,"1","9","0","3",,"2","001","C","N",,0,0,,,0,,,,"N",1,"D","-",0,,"N","B","H","-","A","D","0","Y","-","-",0,0,1,0,0,0,0,0,0,"-","-","UNINCORPORATED","EL DORADO","CA",-120.96921,38.66221
"4130771",-119.946750301,38.9525947571,2008,"0902","0","1","2","03",0,1,"A","Y",,,,,1500,12,"G","B","E","PIONEER TRL","MOSS RD",12,"W","N","2009-09-03",902,"2008-12-29",1417,"201",,"5","3","0","0",,"0",,"-","N",,0,0,,,0,,,,"N",2,"A","-",22350,,"N","C","G","-","A","D","0","Y","-","-",1,0,0,0,1,0,0,0,0,"-","-","SOUTH LAKE TAHOE","EL DORADO","CA",0,0
"4130775",-119.944090413,38.9562,2008,"0902","0","3","4","11",0,1,"A","Y",,,,,2100,12,"G","B","D","LA SALLE AV","LAKE TAHOE BL",21,"N","N","2009-09-04",902,"2008-12-31",2019,"191","0902","5","3","0","0",,"0",,"-","Y","ED",3,50,"-","-",80.215,"I","6","W","N",2,"A","-",21954,"A","N","C","E","-","D","A","0","Y","N","60",0,0,1,0,1,0,0,0,0,"-","-","SOUTH LAKE TAHOE","EL DORADO","CA",0,0
"4130787",-119.957426659,38.948643219,2008,"0902","0","5","4","03",0,6,"A",,,,,,1500,12,"C","C","A","LAKE TAHOE BL","SKI RUN BL",0,,"Y","2009-09-04",902,"2008-12-26",1430,"189",,"5","3","0","0",,"0",,"-","Y","ED",3,50,"-","-",79.3,"H","-","W","N",2,"A","-",22350,,"M","C","-","-","A","A","0","Y","-","-",0,0,6,0,0,0,0,0,0,"-","-","SOUTH LAKE TAHOE","EL DORADO","CA",0,0
"4130824",-119.977378202,38.935413455,2009,"0902","0","2","4","03",0,1,"B",,,,,,1200,2,"A","C","A","LAKE TAHOE BL","CAVE ROCK",135,"W","N","2009-11-23",902,"2009-02-17",927,"117","0902","5","3","0","0",,"0","022","-","Y","ED",3,50,"-","-",77.6,"H","-","E","Y",2,"A","-",22350,,"N","C","-","-","A","D","0","Y","A",,0,0,1,0,0,0,0,0,0,"-","-","SOUTH LAKE TAHOE","EL DORADO","CA",0,0
"4130828",-119.977415052,38.935271319,2009,"0902","0","2","4","11",0,1,"A","Y",,,,,2100,2,"G","B","D","LAKE TAHOE BL","BIGLER AV",18,"E","N","2009-11-23",902,"2009-02-03",1937,"179","SLTPD","5","3","0","0",,"0","EAST","-","Y","ED",3,50,"-","-",77.59,"H","-","E","N",2,"A","-",21950,"B","N","A","H","-","D","D","0","Y","N","60",0,0,1,0,1,0,0,0,0,"-","-","SOUTH LAKE TAHOE","EL DORADO","CA",0,0
"4130932",-119.9848869,38.92012551,2009,"0902","0","7","2","01",0,1,"A",,,,,"Y",300,2,"E","I","A","LODI AV","BERTHA AV",38,"S","N","2009-10-14",902,"2009-02-01",235,"186",,"5","3","0","0",,"0","WEST","-","N",,0,0,,,0,,,,"Y",1,"A","-",23152,"A","N","C","H","-","D","A","0","Y","D","22",1,0,0,0,0,0,0,0,0,"-","-","SOUTH LAKE TAHOE","EL DORADO","CA",0,0
"4131044",-119.95392,38.93834,2009,"0902","0","5","4","09",0,1,"B",,,,,,2100,1,"D","C","A","PIONEER TRL","BLACKWOOD RD",0,,"Y","2009-09-08",902,"2009-01-02",1918,"195",,"5","3","0","0",,"0",,"F","N",,0,0,,,0,,,,"N",2,"A","-",21801,"A","N","C","H","-","D","A","0","Y","A","01",0,0,1,0,0,0,0,0,0,"-","-","SOUTH LAKE TAHOE","EL DORADO","CA",0,0
"4131056",-120.0019698,38.92420057,2009,"0902","0","5","4","00",0,1,"A","Y",,,,"Y",2400,1,"G","B","-","TAHOE KEYS BL","UTAH AV",96,"S","N","2009-09-08",902,"2009-01-09",2130,"194","0902","5","3","0","0",,"0",,"-","N",,0,0,,,0,,,,"N",2,"D","-",0,,"N","A","H","-","D","D","0","Y","-","-",0,0,1,0,1,0,0,0,0,"-","-","SOUTH LAKE TAHOE","EL DORADO","CA",0,0
"4131057",-119.9782177,38.92903677,2009,"0902","0","7","3","01",0,1,"A",,,,"Y","Y",300,1,"C","E","A","BLUE LAKE AV","YOUNG ST",450,"S","N","2009-10-08",902,"2009-01-25",250,"186",,"5","3","0","0",,"0","WEST","F","N",,0,0,,,0,,,,"Y",2,"A","-",23152,"A","N","C","H","-","C","D","0","Y","A","08",0,1,0,0,0,0,0,0,0,"-","-","SOUTH LAKE TAHOE","EL DORADO","CA",0,0
"4131076",-120.0162152,38.91785086,2009,"0902","0","4","4","21",0,1,"A",,,,,,1500,1,"A","C","A","TATA LN","13TH ST",540,"S","N","2009-09-08",902,"2009-01-29",1211,"193","0902","5","3","0","0",,"0",,"-","N",,0,0,,,0,,,,"N",2,"A","-",22106,,"N","A","H","-","A","A","0","Y","D","22",0,0,1,0,0,0,0,0,0,"-","-","SOUTH LAKE TAHOE","EL DORADO","CA",0,0
"4131077",-119.9724872,38.93145228,2009,"0902","0","1","4","03",0,1,"B",,,,,,1500,1,"A","C","A","COLLEGE WY","AL TAHOE BL N",320,"S","N","2009-08-26",902,"2009-01-26",1318,"191",,"5","3","0","0",,"0",,"-","N",,0,0,,,0,,,,"Y",2,"A","-",22350,,"N","C","G","-","A","A","0","Y","A","01",0,0,1,0,0,0,0,0,0,"-","-","SOUTH LAKE TAHOE","EL DORADO","CA",0,0
"4131080",-119.95217,38.94113,2009,"0902","0","5","4","09",0,1,"A",,,,,,1200,1,"A","C","A","SKI RUN BL","PIONEER TRL",0,,"Y","2009-09-08",902,"2009-01-30",943,"201",,"5","3","0","0",,"0",,"-","N",,0,0,,,0,,,,"N",2,"A","-",21801,"A","N","A","H","-","A","A","0","Y","-","-",0,0,1,0,0,0,0,0,0,"-","-","SOUTH LAKE TAHOE","EL DORADO","CA",0,0
"4131100",-119.9579266,38.94841721,2009,"0902","0","7","3","22",0,1,"A","Y",,,,,2100,1,"G","B","D","LAKE TAHOE BL","SKI RUN BL",100,"W","N","2009-09-08",902,"2009-01-11",1825,"190","0902","5","3","0","0",,"0","EAST","-","N",,0,0,,,0,,,,"N",2,"B","-",0,,"F","A","-","-","C","A","0","Y","-","-",0,1,0,0,1,0,0,0,0,"-","-","SOUTH LAKE TAHOE","EL DORADO","CA",0,0
"4131108",-119.9476358,38.95097019,2009,"0902","0","4","4","21",0,1,"A",,,,,,600,1,"D","C","A","PIONEER TRL","GLENN CT",48,"W","N","2009-09-08",902,"2009-01-01",503,"182",,"5","3","0","0",,"0","EAST","-","N",,0,0,,,0,,,,"Y",2,"A","-",22106,,"N","A","H","-","C","D","0","Y","D","22",0,0,1,0,0,0,0,0,0,"-","-","SOUTH LAKE TAHOE","EL DORADO","CA",0,0
"4131116",-119.99964,38.9174,2009,"0902","0","5","3","12",0,1,"A",,"Y",,,"Y",2100,1,"A","G","A","JAMES AV","3RD ST",0,,"Y","2009-09-08",902,"2009-01-30",2025,"182",,"5","3","0","0",,"0","WEST","-","N",,0,0,,,0,,,,"N",2,"A","-",22450,"A","N","A","H","-","D","A","0","Y","L","04",0,1,0,0,0,0,1,0,0,"-","-","SOUTH LAKE TAHOE","EL DORADO","CA",0,0
"4131120",-119.960863,38.947214247,2009,"0902","0","5","4","03",0,1,"A",,,,,,2100,1,"C","C","A","LAKE TAHOE BL","HERBERT AV",50,"W","N","2009-10-08",902,"2009-01-16",2026,"182",,"5","3","0","0",,"0","EAST","-","Y","ED",3,50,"-","-",79.09,"H","-","W","N",2,"A","-",22350,,"N","A","H","-","C","D","0","Y","A","07",0,0,1,0,0,0,0,0,0,"-","-","SOUTH LAKE TAHOE","EL DORADO","CA",0,0
"4131260",-120.852105616,38.633504186,2009,"0900","3","5","4","12",0,4,"B",,,,,,2100,2,"D","C","A","RT 49","CRYSTAL BL",0,,"Y","2009-10-09",9245,"2009-02-06",1804,"13028",,"2","9","0","1",,"1","135","-","Y","ED",3,49,"-","-",6.121,"I","5","N","Y",2,"A","-",22450,"A","N","A","H","-","D","A","0","Y","D","22",0,0,4,0,0,0,0,0,0,"-","-","UNINCORPORATED","EL DORADO","CA",-120.85261,38.63361
"4131902",0,0,2009,"0900","5","2","4","03",0,1,"B",,,,,,1200,2,"C","C","A","GREEN VALLEY RD","BROWNS RAVINE",50,"E","N","2009-10-21",9260,"2009-02-17",945,"12781",,"1","9","0","3",,"2","203","C","N",,0,0,,,0,,,,"Y",2,"A","-",22350,,"N","B","H","-","A","A","0","Y","A","01",0,0,1,0,0,0,0,0,0,"-","-","UNINCORPORATED","EL DORADO","CA",-121.129,38.12781
"4131906",-121.00777,38.69652,2009,"0900","5","2","4","12",0,1,"B",,,,,,900,2,"D","C","A","BASS LAKE RD","PARKDALE LN",0,,"Y","2009-10-21",9260,"2009-02-17",800,"12781",,"1","9","0","3",,"2","002","-","N",,0,0,,,0,,,,"Y",2,"A","-",22450,"A","N","B","H","-","A","A","0","Y","D","22",0,0,1,0,0,0,0,0,0,"-","-","UNINCORPORATED","EL DORADO","CA",-121.0077,38.69694
"4134404",-120.357387248,38.766230935,2009,"0900","2","6","2","01",0,3,"A",,,,,"Y",2100,2,"E","I","A","RT 50","11N53 FOREST SERVICE RD",6600,"E","N","2009-12-17",9245,"2009-02-21",2045,"16629",,"2","9","0","1",,"1","160","-","Y","ED",3,50,"-","-",45.22,"H","-","W","Y",1,"A","-",23152,"A","N","A","H","-","D","D","0","Y","A","01",1,2,0,0,0,0,0,0,0,"-","-","UNINCORPORATED","EL DORADO","CA",-120.35775,38.76581