"CASEID","POINT_X","POINT_Y","YEAR_","LOCATION","CHPTYPE","DAYWEEK","CRASHSEV","VIOLCAT","KILLED","INJURED","WEATHER1","PEDCOL","BICCOL","MCCOL","TRUCKCOL","ETOH","TIMECAT","MONTH_","CRASHTYP","INVOLVE","PED","PRIMARYRD","SECONDRD","DISTANCE","DIRECT","INTERSECT_","PROCDATE","JURIS","DATE_","TIME_","BADGE","JURIDIST","SHIFT","POP","SPECIAL","BEATTYPE","LAPDDIV","BEATCLAS","BEATNUMB","WEATHER2","STATEHW","CALTRANC","CALTRAND","STROUTE","ROUTESUF","POSTPRE","POSTMILE","LOCATYPE","RAMP","SIDEHW","TOWAWAY","PARTIES","PCF","VIOLCODE","VIOL","VIOLSUB","HITRUN","ROADSURF","RDCOND1","RDCOND2","LIGHTING","RIGHTWAY","CHPRDTYP","NOTPRIV","STFAULT","CHPFAULT","SEVINJ","OTHERINJ","COP","PEDKILL","PEDINJ","BICKILL","BICINJ","MCKILL","MCINJURE","RAMP1","RAMP2","CITY","COUNTY","STATE","X_CHP","Y_CHP"
"4366524",-120.6766635,38.64650128,2009,"0900","5","6","3","01",0,1,"A",,,"Y",,"Y",2100,8,"F","A","A","MEYERS LN","GRIZZLY FLAT RD",528,"S","N","2010-04-23",9245,"2009-08-08",1900,"016451",,"2","9","0","3",,"2","004","-","N",,0,0,,,0,,,,"N",1,"A","-",23152,"A","N","A","H","-","A","D","0","Y","C","02",0,1,0,0,0,0,0,0,1,"-","-","UNINCORPORATED","EL DORADO","CA",-120.67635,38.64681
"4366528",-120.929279403,38.666869547,2009,"0900","2","7","3","08",0,1,"A",,,,,,2400,8,"F","A","A","RT 50","PONDEROSA RD",2640,"E","N","2010-09-10",9245,"2009-08-16",2140,"17604",,"2","9","0","1",,"2","120","-","Y","ED",3,50,"-","R",9.07,"H","-","W","Y",1,"A","-",22107,,"N","A","H","-","D","D","1","Y","A","01",0,1,0,0,0,0,0,0,0,"-","-","UNINCORPORATED","EL DORADO","CA",-120.92837,38.66724
"4366643",-120.8340959,38.7226804,2009,"0901","0","1","3","18",0,1,"A",,,"Y",,,1200,8,"F","A","A","PLACERVILLE DR","HELMRICH LN",43,"N","N","2010-04-22",901,"2009-08-17",1038,"237","0901","5","2","0","0",,"0","PP1","-","N",,0,0,,,0,,,,"N",1,"C","-",0,,"N","A","H","-","A","D","0","Y","-","-",0,1,0,0,0,0,0,0,1,"-","-","PLACERVILLE","EL DORADO","CA",0,0
"4366651",-120.803169576,38.728866055,2009,"0901","0","1","4","18",0,1,"A",,,,,,1200,8,"E","I","A","RT 50","CENTER ST",175,"W","N","2010-09-10",901,"2009-08-10",1104,"237","0901","5","2","0","0",,"0","PP1","-","Y","ED",3,50,"-","-",17.76,"H","-","W","Y",1,"C","-",0,,"N","A","H","-","A","A","0","Y","-","-",0,0,1,0,0,0,0,0,0,"-","-","PLACERVILLE","EL DORADO","CA",0,0
"4366655",-120.80004,38.73943,2009,"0901","0","2","3","22",0,1,"A",,,,,,1200,8,"H","B","A","POVERTY HILL DR","GOLDEN EAGLE DR",0,,"Y","2010-04-22",901,"2009-08-11",1004,"231","0901","5","2","0","0",,"0","PP2","-","N",,0,0,,,0,,,,"N",1,"B","-",0,,"N","A","H","-","A","D","0","Y","A",,0,1,0,0,0,0,0,0,0,"-","-","PLACERVILLE","EL DORADO","CA",0,0
"4366721",-120.9691857,38.66039515,2009,"0900","4","3","4","03",0,1,"A",,,,,,1500,8,"C","C","A","CAMERON PARK DR","COUNTRY CLUB DR",15,"N","N","2010-04-21",9245,"2009-08-19",1305,"16059",,"1","9","0","2",,"1","015","-","N",,0,0,,,0,,,,"N",2,"A","-",22350,,"N","A","H","-","A","A","0","Y","A","01",0,0,1,0,0,0,0,0,0,"-","-","UNINCORPORATED","EL DORADO","CA",-120.97015,38.66047
"4366725",-120.519123586,38.759402591,2009,"0900","2","6","3","01",0,3,"B",,,,,"Y",2100,8,"F","A","A","RT 50","MILL RUN",0,"W","N","2010-07-21",9245,"2009-08-22",1809,"13463",,"2","9","0","1",,"2","140","-","Y","ED",3,50,"-","-",34.94,"H","-","W","Y",1,"A","-",23152,"A","F","A","H","-","A","D","1","Y","A","01",0,2,1,0,0,0,0,0,0,"-","-","UNINCORPORATED","EL DORADO","CA",-120.51944,38.75977
"4366729",0,0,2009,"0900","4","3","4","03",0,1,"A",,,,,"Y",1800,8,"C","C","A","PLEASANT VALLEY RD","OAKDELL RD",90,"E","N","2010-04-21",9245,"2009-08-12",1735,"15607",,"2","9","0","2",,"1","037","-","N",,0,0,,,0,,,,"N",2,"A","-",22350,,"F","A","H","-","A","D","0","Y","D","22",0,0,1,0,0,0,0,0,0,"-","-","UNINCORPORATED","EL DORADO","CA",-120.83786,38.6831
"4366776",-121.0123418,38.68322266,2009,"0900","5","5","3","01",0,1,"A",,,,,"Y",300,8,"E","I","A","TEA ROSE DR","ALYSSUM CIR",72,"S","N","2010-04-24",9245,"2009-08-07",130,"17604",,"3","9","0","3",,"2","001","-","N",,0,0,,,0,,,,"Y",2,"A","-",23152,"A","N","A","H","-","C","D","0","Y","A","01",0,1,0,0,0,0,0,0,0,"-","-","UNINCORPORATED","EL DORADO","CA",-121.00852,38.6816
"4371728",-120.933881864,38.902225857,2009,"0900","3","1","3","03",0,1,"A",,,"Y",,,600,8,"H","H","A","RT 193","COON CREEK RD",528,"N","N","2010-10-05",9245,"2009-08-17",550,"010453",,"3","9","0","1",,"1","122","-","Y","ED",3,193,"-","R",4.94,"H","-","E","N",1,"A","-",22350,,"N","A","H","-","B","A","0","Y","C","02",0,1,0,0,0,0,0,0,1,"-","-","UNINCORPORATED","EL DORADO","CA",-120.93433,38.90154
"4375797",-121.0712658,38.65398073,2009,"0900","4","5","4","03",0,1,"A",,,,,,2100,8,"C","C","A","EL DORADO HILLS BL S","SARATOGA WY",10,"N","N","2010-05-04",9260,"2009-08-14",1835,"018227",,"2","9","0","2",,"2","201","-","N",,0,0,,,0,,,,"N",2,"A","-",22350,,"N","A","H","-","A","A","0","Y","A","01",0,0,1,0,0,0,0,0,0,"-","-","UNINCORPORATED","EL DORADO","CA",0,0
"4375805",-121.0463448,38.75262375,2009,"0900","4","7","4","08",0,1,"A",,,"Y",,,900,8,"F","A","A","SALMON FALLS RD","GREEN VALLEY RD",21120,"N","N","2010-05-04",9260,"2009-08-16",845,"013464",,"1","9","0","2",,"2","202","-","N",,0,0,,,0,,,,"N",1,"A","-",22107,,"N","A","H","-","A","D","0","Y","C","02",0,0,1,0,0,0,0,0,1,"-","-","UNINCORPORATED","EL DORADO","CA",-121.5342,38.6635
"4375809",-121.0691971,38.65005194,2009,"0900","4","5","3","01",0,1,"A",,,,,"Y",1500,8,"C","C","A","LATROBE RD","TOWN CENTER BL",100,"N","N","2010-05-04",9260,"2009-08-21",1305,"013464",,"1","9","0","2",,"2","201","-","N",,0,0,,,0,,,,"Y",3,"A","-",23152,"A","N","A","H","-","A","A","0","Y","A","07",0,1,0,0,0,0,0,0,0,"-","-","UNINCORPORATED","EL DORADO","CA",-121.8373,38.5353
"4375970",0,0,2009,"0900","4","3","3","05",0,1,"A",,,,,,900,8,"F","A","A","SLY PARK RD","JENKINSON CIR",173,"S","N","2010-04-20",9245,"2009-08-12",710,"10453",,"1","9","0","2",,"1","043","-","N",,0,0,,,0,,,,"Y",1,"A","-",21650,,"N","A","H","-","A","A","0","Y","A","07",0,1,0,0,0,0,0,0,0,"-","-","UNINCORPORATED","EL DORADO","CA",-120.58755,38.72724
"4375978",-121.0130553,38.82673027,2009,"0900","4","4","3","05",0,1,"A",,,,,,1800,8,"E","I","A","SALMON FALLS RD","POND VIEW RD",658,"N","N","2010-04-20",9245,"2009-08-27",1735,"10059",,"2","9","0","2",,"2","012","-","N",,0,0,,,0,,,,"Y",1,"A","-",21650,,"N","A","H","-","A","D","0","Y","D","22",0,1,0,0,0,0,0,0,0,"-","-","UNINCORPORATED","EL DORADO","CA",-121.01305,38.82686
"4376106",-120.5810736,38.76282541,2009,"0900","4","3","3","18",0,1,"A",,,,,,1800,7,"F","A","A","PONY EXPRESS TRL","HUB ST",135,"W","N","2010-04-08",9245,"2009-07-29",1530,"13248",,"2","9","0","2",,"1","025","-","N",,0,0,,,0,,,,"Y",1,"C","-",0,,"N","A","H","-","A","D","0","Y","-","-",0,1,0,0,0,0,0,0,0,"-","-","UNINCORPORATED","EL DORADO","CA",-120.58029,38.76278
"4376344",-120.116838621,39.031616225,2009,"0900","3","1","4","03",0,2,"A",,,"Y",,,1800,8,"C","C","A","RT 89","MEEKS BAY AV",0,,"Y","2010-07-15",9246,"2009-08-17",1610,"009308",,"2","9","0","1",,"1","031","-","Y","ED",3,89,"-","-",24.17,"I","5","S","Y",3,"A","-",22350,,"N","A","H","-","A","D","0","Y","D","22",0,0,2,0,0,0,0,0,2,"-","-","UNINCORPORATED","EL DORADO","CA",-120.11654,39.03271
"4376413",-120.9504574,38.65366247,2009,"0900","5","6","4","01",0,1,"A",,,,,"Y",2100,8,"E","I","A","PRODUCT DR","MARKET CT",22,"N","N","2010-04-26",9245,"2009-08-22",1901,"15607",,"2","9","0","3",,"2","003","-","N",,0,0,,,0,,,,"Y",1,"A","-",23152,"A","N","A","H","-","A","D","0","Y","A","01",0,0,1,0,0,0,0,0,0,"-","-","UNINCORPORATED","EL DORADO","CA",-120.9504,38.6535
"4376450",-120.9421003,38.66065047,2009,"0900","5","1","4","03",0,1,"A",,,,,,1800,8,"C","C","A","DUROCK RD","PRESLEY LN",60,"W","N","2010-04-26",9245,"2009-08-24",1625,"10717",,"2","9","0","3",,"2","003","-","N",,0,0,,,0,,,,"Y",2,"A","-",22350,,"N","A","H","-","A","D","0","Y","A","01",0,0,1,0,0,0,0,0,0,"-","-","UNINCORPORATED","EL DORADO","CA",-120.94222,38.66066
"4376454",-120.9428894,38.76938228,2009,"0900","5","6","3","18",0,1,"A",,,,,,1500,8,"E","I","A","LUNEMAN RD","TANGO RD",200,"E","N","2010-04-26",9245,"2009-08-08",1320,"11511",,"1","9","0","3",,"2","001","-","N",,0,0,,,0,,,,"Y",1,"C","-",0,,"N","A","H","-","A","D","0","Y","-","-",0,1,0,0,0,0,0,0,0,"-","-","UNINCORPORATED","EL DORADO","CA",-120.93998,38.76873
"4376458",-120.418691511,38.77495938,2009,"0900","2","4","4","05",0,1,"A",,,,,,600,8,"E","I","A","RT 50","ICE HOUSE RD",8448,"E","N","2010-09-10",9245,"2009-08-20",545,"011480",,"3","9","0","1",,"1","160","-","Y","ED",3,50,"-","-",41.49,"H","-","W","Y",1,"A","-",21650,,"N","A","H","-","A","A","0","Y","A","01",0,0,1,0,0,0,0,0,0,"-","-","UNINCORPORATED","EL DORADO","CA",-120.41883,38.77513
"4376474",-120.9434921,38.64751698,2009,"0900","4","2","3","03",0,4,"A",,,,,,1500,8,"C","C","A","SHINGLE RD","MILTON RANCH RD",48,"S","N","2010-04-26",9245,"2009-08-25",1430,"15262",,"2","9","0","2",,"1","032","-","N",,0,0,,,0,,,,"Y",2,"A","-",22350,,"N","A","H","-","A","A","0","Y","A","01",0,2,2,0,0,0,0,0,0,"-","-","UNINCORPORATED","EL DORADO","CA",-120.94346,38.64738
"4376611",-120.036076598,38.933221095,2009,"0900","3","3","4","08",0,2,"A",,,,,,1200,7,"D","C","A","RT 89","JAMESON BEACH RD",1256,"S","N","2010-06-29",9246,"2009-07-29",1120,"009308",,"1","9","0","1",,"1","030","-","Y","ED",3,89,"-","-",10.91,"H","-","N","Y",2,"A","-",22107,,"N","A","H","-","A","D","0","Y","A","07",0,0,2,0,0,0,0,0,0,"-","-","UNINCORPORATED","EL DORADO","CA",-120.03689,38.93348
"4376623",-120.006866213,38.868818661,2009,"0900","2","5","3","08",0,3,"A",,,,,"Y",600,7,"E","I","A","RT 50","MEADOW VALE DR",528,"W","N","2010-07-19",9246,"2009-07-31",420,"019064",,"3","9","0","1",,"1","022","-","Y","ED",3,50,"-","-",72.23,"H","-","E","Y",1,"A","-",22107,,"F","A","H","-","D","D","0","Y","A","01",0,2,1,0,0,0,0,0,0,"-","-","UNINCORPORATED","EL DORADO","CA",-120.00654,38.86982
"4382688",-121.068120171,38.653928236,2009,"0900","2","7","4","03",0,1,"A",,,,,,1800,8,"C","C","A","RT 50","EL DORADO HILLS BL",528,"E","N","2010-09-10",9260,"2009-08-23",1650,"12781",,"2","9","0","1",,"2","503","-","Y","ED",3,50,"-","-",0.96,"H","-","W","Y",3,"A","-",22350,,"N","A","H","-","A","D","1","Y","A","01",0,0,1,0,0,0,0,0,0,"-","-","UNINCORPORATED","EL DORADO","CA",0,0
"4382787",0,0,2009,"0900","4","3","4","08",0,1,"A",,,"Y",,,1200,8,"F","A","A","SALMON FALLS RD","AMERICAN RIVER BR",10560,"N","N","2010-05-14",9245,"2009-08-26",1130,"016059",,"1","9","0","2",,"2","012","-","N",,0,0,,,0,,,,"Y",1,"A","-",22107,,"N","A","H","-","A","D","0","Y","C","02",0,0,1,0,0,0,0,0,1,"-","-","UNINCORPORATED","EL DORADO","CA",0,0
"4382795",-120.673567,38.68244871,2009,"0900","5","7","2","18",0,1,"A",,"Y",,,,2100,8,"H","H","A","LEISURE LN","PARADISE LN",765,"S","N","2010-05-14",9245,"2009-08-23",2035,"016629",,"2","9","0","3",,"2","004","-","N",,0,0,,,0,,,,"N",1,"C","-",0,,"N","A","H","-","B","D","0","Y","-","-",1,0,0,0,0,0,1,0,0,"-","-","UNINCORPORATED","EL DORADO","CA",-120.67365,38.68248
"4382983",-120.929781643,38.907448339,2009,"0900","3","3","4","08",0,1,"A",,,,,,1200,9,"E","I","A","RT 193","CIRCLE DR",10,"W","N","2010-10-05",9245,"2009-09-02",1050,"014956",,"1","9","0","1",,"1","122","-","Y","ED",3,193,"-","R",5.39,"H","-","W","Y",1,"A","-",22107,,"N","A","H","-","A","D","0","Y","A","01",0,0,1,0,0,0,0,0,0,"-","-","UNINCORPORATED","EL DORADO","CA",-120.9298,38.90751
"4383300",-120.0110245,38.90937013,2009,"0900","4","6","3","01",0,1,"A",,,"Y",,"Y",2100,8,"F","A","A","LAKE TAHOE BL","INDUSTRIAL AV",2640,"W","N","2010-05-15",9246,"2009-08-29",2033,"18006",,"2","9","0","2",,"1","025","-","N",,0,0,,,0,,,,"Y",1,"A","-",23152,"A","N","A","H","-","D","D","0","Y","C","02",0,1,0,0,0,0,0,0,1,"-","-","UNINCORPORATED","EL DORADO","CA",0,0
"4383583",-119.9992147,38.9216146,2009,"0902","0","6","4","03",0,2,"A",,,,,,1200,8,"C","C","A","TAHOE KEYS BL","OREGON AV",14,"N","N","2010-05-10",902,"2009-08-01",953,"191","0902","5","3","0","0",,"0","WEST","-","N",,0,0,,,0,,,,"Y",2,"A","-",22350,,"N","A","H","-","A","A","0","Y","A","01",0,0,2,0,0,0,0,0,0,"-","-","SOUTH LAKE TAHOE","EL DORADO","CA",0,0
"4383587",-119.9565894,38.94076195,2009,"0902","0","3","3","09",0,1,"A",,"Y",,,,1800,8,"G","G","A","BLACKWOOD RD","SPRUCE AV",45,"S","N","2010-05-10",902,"2009-08-05",1713,"198","SLTPD","5","3","0","0",,"0","EAST","-","N",,0,0,,,0,,,,"N",2,"A","-",21801,"A","F","A","H","-","A","D","0","Y","L","04",0,1,0,0,0,0,1,0,0,"-","-","SOUTH LAKE TAHOE","EL DORADO","CA",0,0
"4383595",-119.94815,38.94949,2009,"0902","0","6","3","04",0,1,"A",,,"Y",,,900,8,"C","C","A","PIONEER TR","SHEPHERDS DR",0,,"Y","2010-05-10",902,"2009-08-08",856,"192",,"5","3","0","0",,"0",,"-","N",,0,0,,,0,,,,"N",2,"A","-",21703,,"N","A","H","-","A","D","0","Y","C","02",0,1,0,0,0,0,0,0,1,"-","-","SOUTH LAKE TAHOE","EL DORADO","CA",0,0
"4383599",-120.000068882,38.916041291,2009,"0902","0","6","3","03",0,3,"A",,,,,,1800,8,"C","C","A","RT 50","4TH ST",27,"W","N","2010-09-10",902,"2009-08-29",1634,"140",,"5","3","0","0",,"0","024","-","Y","ED",3,50,"-","-",75.75,"H","-","E","Y",2,"A","-",22350,,"N","A","H","-","A","D","0","Y","-","-",0,1,2,0,0,0,0,0,0,"-","-","SOUTH LAKE TAHOE","EL DORADO","CA",0,0
"4385630",-120.8600956,38.71826842,2009,"0900","4","4","4","09",0,2,"A",,,,,,1500,9,"D","C","A","MISSOURI FLAT RD","EL DORADO RD",3696,"N","N","2010-06-28",9245,"2009-09-03",1240,"014956",,"1","9","0","2",,"2","011","-","N",,0,0,,,0,,,,"Y",2,"A","-",21801,"A","N","A","H","-","A","D","0","Y","A","01",0,0,2,0,0,0,0,0,0,"-","-","UNINCORPORATED","EL DORADO","CA",-120.85631,38.71847
"4385634",-120.726281464,38.738782129,2009,"0900","2","5","3","03",0,1,"A",,,,,,1800,9,"C","C","A","RT 50","PAUL BUNYON RD",2640,"W","N","2010-10-29",9245,"2009-09-04",1728,"015607",,"2","9","0","1",,"2","140","-","Y","ED",3,50,"-","-",22.34,"H","-","E","Y",2,"A","-",22350,,"N","A","H","-","A","D","1","Y","A","01",0,1,0,0,0,0,0,0,0,"-","-","UNINCORPORATED","EL DORADO","CA",-120.72741,38.73874
"4386509",-120.420209,38.78166803,2009,"0900","4","6","3","01",0,1,"A",,,,,"Y",1500,8,"E","J","A","ICE HOUSE RD","WEBER MILL RD",2112,"S","N","2010-05-17",9245,"2009-08-29",1435,"014657",,"2","9","0","2",,"1","026","-","N",,0,0,,,0,,,,"Y",1,"A","-",23152,"A","N","A","H","-","A","D","0","Y","D","22",0,1,0,0,0,0,0,0,0,"-","-","UNINCORPORATED","EL DORADO","CA",-120.44096,38.77568
"4386517",0,0,2009,"0900","4","7","4","01",0,1,"A",,,,,"Y",2100,8,"E","I","A","SLY PARK RD","DOE VIEW PL",3168,"S","N","2010-05-17",9245,"2009-08-30",2025,"013405",,"2","9","0","2",,"1","043","-","N",,0,0,,,0,,,,"Y",1,"A","-",23152,"A","N","A","H","-","D","D","0","Y","A","01",0,0,1,0,0,0,0,0,0,"-","-","UNINCORPORATED","EL DORADO","CA",-120.59091,38.7126
"4386557",-120.937673428,38.662422744,2009,"0900","2","3","4","01",0,1,"A",,,,,"Y",1800,8,"E","I","A","RT 50","PONDEROSA RD",250,"W","N","2010-06-11",9245,"2009-08-19",1503,"016059",,"2","9","0","1",,"2","110","-","Y","ED",3,50,"-","R",8.51,"H","-","E","Y",1,"A","-",23152,"A","N","A","H","-","A","D","1","Y","A","01",0,0,1,0,0,0,0,0,0,"-","-","UNINCORPORATED","EL DORADO","CA",-120.94095,38.66178
"4387165",-120.283164482,38.774821297,2009,"0900","2","2","4","18",0,1,"A",,,"Y",,,1800,8,"E","J","A","RT 50","RIVERSIDE RD",285,"E","N","2010-09-10",9245,"2009-08-25",1530,"013248",,"2","9","0","1",,"1","160","-","Y","ED",3,50,"-","-",49.69,"H","-","E","Y",1,"C","-",0,,"N","A","H","-","A","D","0","Y","-","-",0,0,1,0,0,0,0,0,1,"-","-","UNINCORPORATED","EL DORADO","CA",0,0
"4387308",-120.9561482,38.66612008,2009,"0900","5","7","3","01",0,1,"A",,,,,"Y",2400,9,"E","I","A","KIOWA WY","SOAP PLANT LN",240,"W","N","2010-06-17",9245,"2009-09-06",2230,"13248",,"3","9","0","3",,"2","001","-","N",,0,0,,,0,,,,"Y",1,"A","-",23152,"A","N","A","H","-","C","D","0","Y","A","01",0,1,0,0,0,0,0,0,0,"-","-","UNINCORPORATED","EL DORADO","CA",-120.95645,38.66617
"4391609",-120.85825,38.73924,2009,"0900","4","2","2","18",0,1,"A",,,,,,1200,6,"E","I","A","COLD SPRINGS RD","ADOBE TRL",0,,"Y","2010-03-16",9245,"2009-06-09",1025,"016629",,"1","9","0","2",,"1","014","-","N",,0,0,,,0,,,,"Y",1,"C","-",0,,"N","A","H","-","A","D","0","Y","-","-",1,0,0,0,0,0,0,0,0,"-","-","UNINCORPORATED","EL DORADO","CA",-120.51495,38.4435
"4391692",-120.8448186,38.72861212,2009,"0901","0","5","1","22",1,0,"A",,,,,,900,9,"F","A","A","MALLARD LN","DRAKE CT",49,"N","N","2009-10-12",901,"2009-09-04",741,"276","0901","5","2","0","0",,"0","PP1","-","N",,0,0,,,0,,,,"Y",1,"B","-",0,,"N","A","H","-","A","D","0","Y","D",,0,0,0,0,0,0,0,0,0,"-","-","PLACERVILLE","EL DORADO","CA",0,0
"4391798",-120.853522184,38.605936782,2009,"0900","3","2","1","03",1,0,"B",,,,,,300,9,"E","I","A","RT 49","MICA ST",2000,"N","N","2009-11-10",9245,"2009-09-29",35,"013248",,"3","9","0","1",,"1","135","-","Y","ED",3,49,"-","-",4.18,"H","-","S","Y",1,"A","-",22350,,"N","A","H","-","D","D","0","Y","A","01",0,0,0,0,0,0,0,0,0,"-","-","UNINCORPORATED","EL DORADO","CA",-120.85357,38.60609
"4391871",-120.944103,38.64373913,2009,"0900","4","3","1","01",1,1,"A",,,,,,2100,7,"E","I","A","SOUTH SHINGLE RD","GOUVEIA WY",244,"S","N","2010-09-23",9245,"2009-07-22",1920,"013405",,"2","9","0","2",,"1","032","-","N",,0,0,,,0,,,,"Y",1,"A","-",23152,"A","N","A","-","-","B","D","0","Y","A","07",1,0,0,0,0,0,0,0,0,"-","-","UNINCORPORATED","EL DORADO","CA",-120.94411,38.64366
"4391948",-120.54493514,38.762789201,2009,"0900","2","2","1","01",1,3,"A",,,,,"Y",2100,10,"E","I","A","RT 50","PONY EXPRESS TRL",433,"E","N","2010-09-27",9245,"2009-10-27",2019,"12382",,"2","9","0","1",,"2","150","-","Y","ED",3,50,"-","-",33.46,"H","-","E","Y",1,"A","-",23152,"A","N","A","H","-","D","D","1","Y","A","01",1,2,0,0,0,0,0,0,0,"-","-","UNINCORPORATED","EL DORADO","CA",-120.54498,38.76283
"4392024",-121.01346,38.82523,2009,"0900","4","7","1","03",3,1,"A",,,,,,300,11,"E","I","A","SALMON FALLS RD","POND VIEW RD",0,"S","N","2010-07-02",9245,"2009-11-29",40,"018624","9245","3","9","0","2",,"2","012","-","N",,0,0,,,0,,,,"Y",1,"A","-",22350,,"N","A","-","-","D","D","0","Y","A","01",0,1,0,0,0,0,0,0,0,"-","-","UNINCORPORATED","EL DORADO","CA",-121.01244,38.82464
"4392438",-120.853133018,38.608245174,2010,"0900","3","3","1","05",1,2,"B",,,,,"Y",2100,2,"A","C","A","RT 49","POST RD",5479,"S","N","2012-01-23",9245,"2010-02-10",1900,"12833",,"2","9","0","1",,"1","135","-","Y","ED",3,49,"-","-",4.34,"H","-","S","Y",2,"A","-",21650,,"N","A","H","-","D","D","0","Y","D","22",0,1,1,0,0,0,0,0,0,"-","-","UNINCORPORATED","EL DORADO","CA",-120.85316,38.60758
"4392439",-120.858794569,38.896447816,2010,"0900","3","6","1","03",1,0,"B",,,"Y",,"Y",1800,2,"B","C","A","RT 193","GRAYBAR MINE RD",1795,"W","N","2012-01-23",9245,"2010-02-13",1610,"10717",,"2","9","0","1",,"1","122","-","Y","ED",3,193,"-","-",10.58,"H","-","W","Y",2,"A","-",22350,,"N","A","H","-","A","D","0","Y","C","02",0,0,0,0,0,0,0,1,0,"-","-","UNINCORPORATED","EL DORADO","CA",-120.86684,38.89223
"4392534",-120.927423384,38.760424907,2010,"0900","4","7","1","05",2,0,"B",,,,,,1500,1,"E","I","A","LOTUS RD","GOLD HILL RD",3168,"S","N","2010-04-22",9245,"2010-01-17",1440,"12720",,"2","9","0","2",,"1","013","C","N",,0,0,,,0,,,,"Y",1,"A","-",21650,,"N","B","H","-","A","D","0","Y","A","01",0,0,0,0,0,0,0,0,0,"-","-","UNINCORPORATED","EL DORADO","CA",-120.9276,38.76031
"4392536",-120.7016,38.60831,2009,"0900","4","6","1","01",1,1,"A",,,,,,2100,12,"E","J","A","FAIRPLAY RD","PERRY CREEK RD",2112,"E","N","2010-09-29",9245,"2009-12-05",1910,"013248",,"2","9","0","2",,"1","042","-","N",,0,0,,,0,,,,"Y",1,"A","-",23152,"A","N","A","H","-","D","D","0","Y","A","01",0,0,1,0,0,0,0,0,0,"-","-","UNINCORPORATED","EL DORADO","CA",0,0
"4393286",0,0,2009,"0900","5","6","3","03",0,2,"B",,,,,,1500,9,"E","I","A","GRIZZLY FLAT RD","MEHWALD LN",400,"N","N","2010-05-22",9245,"2009-09-12",1415,"015459",,"2","9","0","3",,"2","004","C","N",,0,0,,,0,,,,"Y",1,"A","-",22350,,"N","B","H","-","A","D","0","Y","A","01",0,2,0,0,0,0,0,0,0,"-","-","UNINCORPORATED","EL DORADO","CA",-120.63856,38.63392
"4393451",-120.95897798,38.659705173,2009,"0900","2","4","4","18",0,1,"A",,,,,,900,9,"E","I","A","RT 50","CAMERON PARK DR",1056,"E","N","2010-09-10",9245,"2009-09-10",730,"18114",,"1","9","0","1",,"2","110","-","Y","ED",3,50,"-","-",7.06,"H","-","W","Y",1,"C","-",0,,"N","A","H","-","A","D","1","Y","-","-",0,0,1,0,0,0,0,0,0,"-","-","UNINCORPORATED","EL DORADO","CA",-120.9582,38.65962
"4393457",-121.00033,38.66127,2009,"0900","5","2","3","09",0,1,"A",,"Y",,,"Y",2100,8,"D","G","A","COUNTRY CLUB DR","KNOLLWOOD DR",0,,"Y","2010-05-14",9245,"2009-08-25",1800,"18466",,"2","9","0","3",,"2","001","-","N",,0,0,,,0,,,,"N",2,"A","-",21802,"A","F","A","H","-","A","D","0","Y","-","99",0,1,0,0,0,0,1,0,0,"-","-","UNINCORPORATED","EL DORADO","CA",0,0
"4393496",-120.838343029,38.712885184,2009,"0900","4","2","4","03",0,1,"A",,,,,,1500,9,"C","C","A","MISSOURI FLAT RD","RT 50",30,"S","N","2010-09-10",9245,"2009-09-15",1310,"10059",,"1","9","0","2",,"1","037","-","Y","ED",3,50,"-","R",15.078,"R","4","W","N",2,"A","-",22350,,"N","A","H","-","A","D","1","Y","A","01",0,0,1,0,0,0,0,0,0,"-","-","UNINCORPORATED","EL DORADO","CA",-120.84034,38.71174
"4394962",-120.9544697,38.62116325,2009,"0900","4","7","4","08",0,1,"A",,,,,,1200,9,"E","I","A","SOUTH SHINGLE RD","BARNETT RANCH RD",1584,"N","N","2010-06-15",9245,"2009-09-13",900,"14956",,"1","9","0","2",,"1","032","-","N",,0,0,,,0,,,,"Y",1,"A","-",22107,,"N","A","H","-","A","D","0","Y","A","01",0,0,1,0,0,0,0,0,0,"-","-","UNINCORPORATED","EL DORADO","CA",-120.95387,38.62236
"4394989",0,0,2009,"0900","4","6","3","03",0,2,"B",,,,,,1200,9,"E","I","A","SLY PARK RD","HOMESTEAD DR",291,"N","N","2010-06-15",9245,"2009-09-12",1130,"10717",,"1","9","0","2",,"1","043","-","N",,0,0,,,0,,,,"Y",1,"A","-",22350,,"N","A","H","-","A","D","0","Y","D","22",0,2,0,0,0,0,0,0,0,"-","-","UNINCORPORATED","EL DORADO","CA",-120.61484,38.68879
"4395017",-120.9327004,38.74644823,2009,"0900","4","2","4","03",0,1,"A",,,,,,1800,9,"A","C","A","LOTUS RD","LOTUS CT",100,"S","N","2010-06-15",9245,"2009-09-08",1750,"17604",,"2","9","0","2",,"1","013","-","N",,0,0,,,0,,,,"Y",2,"A","-",22350,,"N","A","B","-","A","A","0","Y","A","01",0,0,1,0,0,0,0,0,0,"-","-","UNINCORPORATED","EL DORADO","CA",-120.9328,38.74628