"CASEID","POINT_X","POINT_Y","YEAR_","LOCATION","CHPTYPE","DAYWEEK","CRASHSEV","VIOLCAT","KILLED","INJURED","WEATHER1","PEDCOL","BICCOL","MCCOL","TRUCKCOL","ETOH","TIMECAT","MONTH_","CRASHTYP","INVOLVE","PED","PRIMARYRD","SECONDRD","DISTANCE","DIRECT","INTERSECT_","PROCDATE","JURIS","DATE_","TIME_","BADGE","JURIDIST","SHIFT","POP","SPECIAL","BEATTYPE","LAPDDIV","BEATCLAS","BEATNUMB","WEATHER2","STATEHW","CALTRANC","CALTRAND","STROUTE","ROUTESUF","POSTPRE","POSTMILE","LOCATYPE","RAMP","SIDEHW","TOWAWAY","PARTIES","PCF","VIOLCODE","VIOL","VIOLSUB","HITRUN","ROADSURF","RDCOND1","RDCOND2","LIGHTING","RIGHTWAY","CHPRDTYP","NOTPRIV","STFAULT","CHPFAULT","SEVINJ","OTHERINJ","COP","PEDKILL","PEDINJ","BICKILL","BICINJ","MCKILL","MCINJURE","RAMP1","RAMP2","CITY","COUNTY","STATE","X_CHP","Y_CHP"
"4866727",-121.069558972,38.650795954,2010,"0900","4","3","3","00",0,1,"A",,,"Y",,,1200,8,"C","C","A","LATROBE RD","TOWN CENTER BL",390,"N","N","2011-09-09",9260,"2010-08-18",958,"18339",,"1","9","0","2",,"2","201","-","N",,0,0,,,0,,,,"N",2,"D","-",0,,"N","A","H","-","A","A","0","Y","-","-",0,1,0,0,0,0,0,0,1,"-","-","UNINCORPORATED","EL DORADO","CA",-121.06948,38.65091
"4867031",-121.026052116,38.911879381,2010,"0900","3","1","3","08",0,1,"A",,,"Y",,,1200,9,"F","A","A","RT 49","AARON COOL DR",7920,"N","N","2011-10-26",9245,"2010-09-06",1112,"17103",,"1","9","0","1",,"1","115","-","Y","ED",3,49,"-","-",36.89,"H","-","N","Y",1,"A","-",22107,,"N","A","H","-","A","D","0","Y","C","02",0,1,0,0,0,0,0,0,1,"-","-","UNINCORPORATED","EL DORADO","CA",-121.01229,38.91088
"4867039",0,0,2010,"0900","5","5","2","-",0,1,"A",,,"Y",,"Y",2400,9,"F","J","A","FAIRPLAY RD","DRANCH RD",200,"S","N","2011-10-18",9245,"2010-09-03",2140,"18624","9245","2","9","0","3",,"2","004","-","N",,0,0,,,0,,,,"Y",1,"A","-",0,,"N","A","H","-","D","D","0","Y","C","02",1,0,0,0,0,0,0,0,1,"-","-","UNINCORPORATED","EL DORADO","CA",-120.66971,38.60013
"4868104",-120.822713025,38.700295185,2010,"0900","4","5","4","03",0,1,"A",,,"Y",,,1200,4,"F","I","A","MISSOURI FLAT RD","CHINA GARDEN RD",0,,"Y","2011-04-12",9245,"2010-04-16",1115,"016629",,"1","9","0","2",,"1","037","-","N",,0,0,,,0,,,,"N",1,"A","-",22350,,"N","A","H","-","A","D","0","Y","C","02",0,0,1,0,0,0,0,0,1,"-","-","UNINCORPORATED","EL DORADO","CA",-120.82279,38.70048
"4869072",0,0,2010,"0900","4","2","3","01",0,1,"A",,,,,"Y",2100,9,"E","I","A","SLY PARK RD","SIERRA SPRINGS DR",500,"N","N","2011-10-10",9245,"2010-09-07",1945,"13405",,"2","9","0","2",,"1","043","-","N",,0,0,,,0,,,,"Y",1,"A","-",23152,"A","M","A","H","-","D","D","0","Y","A","01",0,1,0,0,0,0,0,0,0,"-","-","UNINCORPORATED","EL DORADO","CA",0,0
"4869084",0,0,2010,"0900","5","7","2","03",0,1,"A",,,"Y",,,1800,9,"H","A","A","WENTWORTH SPRINGS RD","ELEVEN PINES RD",528,"E","N","2011-10-10",9245,"2010-09-12",1530,"18240",,"2","9","0","3",,"2","002","-","N",,0,0,,,0,,,,"Y",1,"A","-",22350,,"N","A","H","-","A","D","0","Y","C","02",1,0,0,0,0,0,0,0,1,"-","-","UNINCORPORATED","EL DORADO","CA",-120.4805,38.93272
"4869385",0,0,2010,"0900","5","7","3","01",0,1,"A",,,,,"Y",2400,9,"E","I","A","FOREBAY RD","FOREST SERVICE ROAD 12N27",0,,"Y","2011-09-27",9245,"2010-09-05",2200,"18240",,"3","9","0","3",,"2","002","-","N",,0,0,,,0,,,,"Y",1,"A","-",23152,"A","N","A","H","-","D","D","0","Y","A","07",0,1,0,0,0,0,0,0,0,"-","-","UNINCORPORATED","EL DORADO","CA",-120.61525,38.78161
"4869389",-120.791829321,38.771079871,2010,"0900","4","4","3","01",0,2,"A",,,,,,900,9,"E","I","A","ROCK CREEK RD","SHOO FLY RD",11088,"W","N","2011-09-27",9245,"2010-09-02",708,"17103",,"1","9","0","2",,"1","023","-","N",,0,0,,,0,,,,"Y",1,"A","-",23152,"A","N","A","H","-","A","D","0","Y","A","07",0,1,1,0,0,0,0,0,0,"-","-","UNINCORPORATED","EL DORADO","CA",-120.78561,38.7832
"4869393",0,0,2010,"0900","5","3","4","05",0,2,"A",,,,,,1800,9,"E","I","A","GREENWOOD RD","ROAD 875",2112,"N","N","2011-09-27",9245,"2010-09-01",1750,"13279",,"2","9","0","3",,"2","002","-","N",,0,0,,,0,,,,"Y",1,"A","-",21650,,"N","A","H","-","A","A","0","Y","A","01",0,0,2,0,0,0,0,0,0,"-","-","UNINCORPORATED","EL DORADO","CA",0,0
"4869401",-120.99093127,38.66550801,2010,"0900","5","3","3","03",0,1,"A",,,,,,1500,9,"C","C","A","CAMBRIDGE RD","HOLLY HILLS LN",210,"N","N","2011-09-27",9245,"2010-09-01",1450,"16465",,"2","9","0","3",,"2","001","-","N",,0,0,,,0,,,,"Y",2,"A","-",22350,,"N","A","H","-","A","D","0","Y","A","01",0,1,0,0,0,0,0,0,0,"-","-","UNINCORPORATED","EL DORADO","CA",-120.99022,38.66627
"4869405",-120.294312948,38.774435231,2010,"0900","5","3","3","03",0,1,"A",,,"Y",,,1800,9,"E","I","A","SILVERFORK RD","RT 50",36960,"S","N","2011-09-27",9245,"2010-09-01",1730,"17756",,"2","9","0","3",,"2","004","-","N",,0,0,,,0,,,,"N",1,"A","-",22350,,"N","A","B","-","A","D","0","Y","C","02",0,1,0,0,0,0,0,0,1,"-","-","UNINCORPORATED","EL DORADO","CA",-120.21901,38.71153
"4873336",-120.139763313,38.805896222,2010,"0900","2","7","4","03",0,1,"A",,,,,,1200,8,"C","C","A","RT 50","FIR ST",2600,"E","N","2011-10-27",9246,"2010-08-22",1120,"17846",,"1","9","0","1",,"1","020","-","Y","ED",3,50,"-","-",58.69,"H","-","W","N",2,"A","-",22350,,"N","A","H","-","A","D","0","Y","D","22",0,0,1,0,0,0,0,0,0,"-","-","UNINCORPORATED","EL DORADO","CA",-120.13479,38.80881
"4873928",-120.84662532,38.759877263,2010,"0900","3","1","3","05",0,1,"A",,,"Y",,,2100,9,"F","A","A","RT 49","WALLACE RD",180,"S","N","2011-11-28",9245,"2010-09-06",1800,"13248",,"2","9","0","1",,"1","115","-","Y","ED",3,49,"-","-",18.49,"H","-","N","N",1,"A","-",21650,,"N","A","H","-","A","D","0","Y","C","02",0,1,0,0,0,0,0,0,1,"-","-","UNINCORPORATED","EL DORADO","CA",-120.84345,38.75874
"4874406",-121.004193048,38.655825167,2010,"0900","2","6","3","08",0,2,"A",,,,,,2400,9,"C","E","A","RT 50","CAMBRIDGE RD",167,"W","N","2011-10-27",9245,"2010-09-11",2245,"15459",,"3","9","0","1",,"2","110","-","Y","ED",3,50,"-","-",4.733,"R","2","E","Y",2,"A","-",22107,,"N","A","H","-","D","D","1","Y","A","01",0,1,1,0,0,0,0,0,0,"-","-","UNINCORPORATED","EL DORADO","CA",-120.99863,38.65541
"4874410",-120.811513022,38.698555185,2010,"0900","5","4","4","03",0,3,"A",,,,,,1500,9,"C","C","A","LIME KILN RD","RT 49",20,"W","N","2011-10-26",9245,"2010-09-09",1310,"16629",,"1","9","0","3",,"2","003","-","Y","ED",3,49,"-","-",12.163,"I","6","S","Y",2,"A","-",22350,,"N","-","A","H","A","A","0","Y","A","01",0,0,3,0,0,0,0,0,0,"-","-","UNINCORPORATED","EL DORADO","CA",-120.81141,38.69919
"4874418",0,0,2010,"0900","4","1","3","01",0,1,"A",,,,,"Y",1800,9,"B","C","A","PLEASANT VALLEY RD","TSA LAGI RD",200,"E","N","2011-10-19",9245,"2010-09-06",1755,"17756",,"2","9","0","2",,"1","041","-","N",,0,0,,,0,,,,"Y",2,"A","-",23152,"A","N","-","A","H","A","D","0","Y","A","01",0,1,0,0,0,0,0,0,0,"-","-","UNINCORPORATED","EL DORADO","CA",-120.74407,38.67871
"4874438",-120.782084619,38.738364852,2010,"0900","4","3","3","01",0,1,"B",,,,,,2400,9,"B","I","A","MOSQUITO RD","WILDLIFE WY",57,"N","N","2011-09-28",9245,"2010-09-08",2105,"18624","9245","2","9","0","2",,"1","023","-","N",,0,0,,,0,,,,"Y",1,"A","-",23152,"A","N","A","H","-","D","D","0","Y","A","01",0,1,0,0,0,0,0,0,0,"-","-","UNINCORPORATED","EL DORADO","CA",-120.78196,38.73845
"4874454",-120.887909516,38.673275736,2010,"0900","5","5","4","05",0,1,"A",,,,,,2100,9,"E","I","A","OLD FRENCH TOWN RD","MOTHER LODE DR",150,"S","N","2011-09-22",9245,"2010-09-10",1830,"13028",,"2","9","0","3",,"2","003","-","N",,0,0,,,0,,,,"Y",1,"A","-",21650,,"N","A","H","-","A","D","0","Y","A","01",0,0,1,0,0,0,0,0,0,"-","-","UNINCORPORATED","EL DORADO","CA",-120.88779,38.6734
"4874458",-120.903711298,38.815681631,2010,"0900","4","5","3","08",0,2,"A",,,,,,1800,9,"F","A","A","MARSHALL RD","RT 49",2640,"E","N","2011-09-22",9245,"2010-09-10",1700,"14956",,"2","9","0","2",,"1","021","-","N",,0,0,,,0,,,,"Y",1,"A","-",22107,,"N","-","A","H","A","D","0","Y","A","07",0,2,0,0,0,0,0,0,0,"-","-","UNINCORPORATED","EL DORADO","CA",-120.90441,38.81546
"4874462",-120.997736794,38.684498889,2010,"0900","5","2","3","09",0,1,"A",,,,,,1800,9,"A","C","A","CAMBRIDGE RD","CALIDO CT",180,"N","N","2011-09-22",9245,"2010-09-07",1520,"15607",,"2","9","0","3",,"2","001","-","N",,0,0,,,0,,,,"Y",2,"A","-",21801,"A","N","A","H","-","A","D","0","Y","A","01",0,1,0,0,0,0,0,0,0,"-","-","UNINCORPORATED","EL DORADO","CA",-120.9975,38.6846
"4877285",-120.026807517,38.885226706,2010,"0900","5","5","4","08",0,1,"A",,,,,,2400,9,"E","I","A","SAWMILL RD","ECHO VIEW DR",466,"S","N","2011-10-25",9246,"2010-09-10",2142,"017612",,"2","9","0","3",,"2","200","-","N",,0,0,,,0,,,,"Y",1,"A","-",22107,,"N","A","H","-","D","D","0","Y","A","01",0,0,1,0,0,0,0,0,0,"-","-","UNINCORPORATED","EL DORADO","CA",-120.02254,38.86562
"4877660",-120.799050877,38.693840454,2010,"0900","4","4","3","08",0,1,"A",,,"Y",,,1500,9,"B","C","A","PLEASANT VALLEY RD","DOWNING LN",110,"W","N","2011-10-07",9245,"2010-09-09",1310,"15607",,"1","9","0","2",,"1","041","-","N",,0,0,,,0,,,,"Y",2,"A","-",22100,"B","N","A","H","-","A","D","0","Y","A","01",0,1,0,0,0,0,0,0,1,"-","-","UNINCORPORATED","EL DORADO","CA",-120.7974,38.6932
"4877664",-120.981483047,38.678715171,2010,"0900","4","5","3","08",0,1,"A",,"Y",,,,1200,9,"C","G","A","CAMERON PARK DR","MEDER RD",0,,"Y","2011-10-07",9245,"2010-09-10",1110,"17756",,"1","9","0","2",,"1","015","-","N",,0,0,,,0,,,,"N",2,"A","-",22107,,"N","A","H","-","A","A","0","Y","L","04",0,1,0,0,0,0,1,0,0,"-","-","UNINCORPORATED","EL DORADO","CA",-120.89146,38.67874
"4878582",0,0,2010,"0900","5","5","2","12",0,1,"A","Y",,,,,2100,9,"G","B","B","WHITE ROCK RD","VALLEY VIEW PARKWAY",0,,"Y","2011-10-11",9260,"2010-09-03",1915,"18590",,"2","9","0","3",,"2","002","-","N",,0,0,,,0,,,,"N",2,"A","-",21453,"A","F","A","H","-","A","A","0","Y","A","01",1,0,0,0,1,0,0,0,0,"-","-","UNINCORPORATED","EL DORADO","CA",-121.03388,38.38582
"4878801",-121.071923059,38.656825162,2010,"0900","4","5","3","12",0,2,"A",,,,,,2100,8,"D","C","A","EL DORADO HILLS BL","PARK DR",0,,"Y","2011-08-19",9260,"2010-08-27",1950,"18590",,"2","9","0","2",,"2","201","-","N",,0,0,,,0,,,,"Y",2,"A","-",21453,"A","N","A","H","-","C","A","0","Y","-","-",0,2,0,0,0,0,0,0,0,"-","-","UNINCORPORATED","EL DORADO","CA",-121.04183,38.39245
"4878837",-121.035595021,38.655021812,2010,"0900","2","1","4","08",0,1,"A",,,,,,1500,8,"E","I","A","RT 50","BASS LAKE RD",1056,"W","N","2011-10-13",9260,"2010-08-30",1330,"12781",,"1","9","0","1",,"2","503","-","Y","ED",3,50,"-","R",3.04,"H","-","W","Y",1,"A","-",22107,,"N","A","H","-","A","D","1","Y","B","07",0,0,1,0,0,0,0,0,0,"-","-","UNINCORPORATED","EL DORADO","CA",0,0
"4878853",0,0,2010,"0900","5","7","3","08",0,1,"A",,,,,,1500,8,"F","A","A","BASS LAKE RD","HOLLOW OAK DR",508,"N","N","2011-09-16",9260,"2010-08-29",1230,"16429",,"1","9","0","3",,"2","002","-","N",,0,0,,,0,,,,"N",2,"A","-",22107,,"N","A","H","-","A","D","0","Y","A","07",0,1,0,0,0,0,0,0,0,"-","-","UNINCORPORATED","EL DORADO","CA",0,0
"4880403",-120.829332746,38.73356637,2010,"0901","0","1","3","05",0,1,"A",,,,,,2100,9,"A","J","A","PLACERVILLE DR","PIERROZ RD",528,"E","N","2011-10-14",901,"2010-09-13",1815,"274","PPD","5","2","0","0",,"0","PP1","-","N",,0,0,,,0,,,,"N",1,"A","-",21650,,"N","B","H","-","A","D","0","Y","D",,0,1,0,0,0,0,0,0,0,"-","-","PLACERVILLE","EL DORADO","CA",0,0
"4880411",-120.798345367,38.729514604,2010,"0901","0","7","4","18",0,1,"A",,,,,,1500,9,"E","I","A","MAIN ST","BEDFORD AV",244,"E","N","2011-10-14",901,"2010-09-05",1210,"237","0901","5","2","0","0",,"0","PP2","-","N",,0,0,,,0,,,,"Y",1,"C","-",0,,"N","A","H","-","A","D","0","Y","-","-",0,0,1,0,0,0,0,0,0,"-","-","PLACERVILLE","EL DORADO","CA",0,0
"4880480",-120.827643027,38.704545184,2010,"0900","4","4","3","12",0,1,"A",,,,,,900,9,"D","C","A","MISSOURI FLAT RD","GOLDEN CENTER DR",0,,"Y","2011-10-14",9245,"2010-09-09",850,"018466",,"1","9","0","2",,"1","037","-","N",,0,0,,,0,,,,"Y",2,"A","-",21453,"A","N","A","H","-","A","A","0","Y","A","01",0,1,0,0,0,0,0,0,0,"-","-","UNINCORPORATED","EL DORADO","CA",-120.82761,38.70453
"4881044",-120.001016781,38.907294529,2010,"0902","0","3","2","01",0,3,"A",,,,,"Y",1500,8,"C","C","A","EMERALD BAY RD","E ST",0,"N","N","2011-10-13",902,"2010-08-11",1340,"157",,"5","3","0","0",,"0","WEST","-","Y","ED",3,50,"-","-",74.98,"H","-","W","Y",4,"A","-",23153,,"N","B","H","-","A","D","0","Y","D","22",1,1,1,0,0,0,0,0,0,"-","-","SOUTH LAKE TAHOE","EL DORADO","CA",0,0
"4881048",0,0,2010,"0902","0","6","2","11",0,1,"A","Y",,,,"Y",300,8,"G","B","E","LAKE PKY","HEAVENLY VILLAGE WY",0,"E","N","2011-08-22",902,"2010-08-07",108,"199",,"5","3","0","0",,"0",,"-","N",,0,0,,,0,,,,"Y",2,"A","-",21956,"A","N","A","H","-","D","A","0","Y","N","60",1,0,0,0,1,0,0,0,0,"-","-","SOUTH LAKE TAHOE","EL DORADO","CA",0,0
"4881051",-120.034447354,38.817848758,2010,"0900","2","6","2","17",0,2,"A",,,,,"Y",900,8,"F","I","A","RT 50","JOHNSON PASS RD",3379,"E","N","2011-10-12",9246,"2010-08-28",615,"18593",,"1","9","0","1",,"1","021","-","Y","ED",3,50,"-","-",66.26,"H","-","W","Y",1,"A","-",21662,"A","N","A","H","-","B","D","0","Y","A","01",1,1,0,0,0,0,0,0,0,"-","-","UNINCORPORATED","EL DORADO","CA",-120.0344,38.81794
"4881055",-119.999874341,38.863984427,2010,"0900","4","5","4","03",0,4,"A",,,,,,1800,8,"C","C","A","PIONEER TRL","TIONONTATI DR",30,"S","N","2011-08-22",9246,"2010-08-20",1540,"16495",,"2","9","0","2",,"1","024","-","N",,0,0,,,0,,,,"Y",3,"A","-",22350,,"N","A","H","-","A","D","0","Y","D","22",0,0,4,0,0,0,0,0,0,"-","-","UNINCORPORATED","EL DORADO","CA",-119.99983,38.86399
"4881056",-119.963725922,38.9462515,2010,"0902","0","5","3","08",0,1,"A",,"Y",,,,1500,8,"D","G","A","LAKE TAHOE BL","FAIRWAY AV",150,"E","N","2011-10-13",902,"2010-08-06",1351,"194",,"5","3","0","0",,"0",,"-","Y","ED",3,50,"-","-",78.92,"H","-","E","N",2,"A","-",22107,,"N","A","H","-","A","D","0","Y","A","01",0,1,0,0,0,0,1,0,0,"-","-","SOUTH LAKE TAHOE","EL DORADO","CA",0,0
"4881059",0,0,2010,"0900","4","5","3","03",0,1,"A",,,,,,1200,8,"C","C","A","PIONEER TRL","OFLYING DR",32,"W","N","2011-08-22",9246,"2010-08-20",1141,"15078",,"1","9","0","2",,"1","024","-","N",,0,0,,,0,,,,"Y",2,"A","-",22350,,"N","A","H","-","A","D","0","Y","A","07",0,1,0,0,0,0,0,0,0,"-","-","UNINCORPORATED","EL DORADO","CA",-119.99688,38.86622
"4881060",-119.957426659,38.948643219,2010,"0902","0","4","4","03",0,1,"A",,,,,,1200,8,"C","C","A","LAKE TAHOE BL","SKI RUN BL",40,"E","N","2011-10-13",902,"2010-08-12",1111,"157",,"5","3","0","0",,"0","EAST","-","Y","ED",3,50,"-","-",79.3,"H","-","W","N",3,"A","-",22350,,"N","A","H","-","A","A","0","Y","D","22",0,0,1,0,0,0,0,0,0,"-","-","SOUTH LAKE TAHOE","EL DORADO","CA",0,0
"4881064",-119.997045046,38.918206394,2010,"0902","0","5","3","03",0,2,"A",,,,,,1800,8,"C","C","A","LAKE TAHOE BL","2ND ST",0,,"Y","2011-10-13",902,"2010-08-06",1707,"208","0902","5","3","0","0",,"0","00W","-","Y","ED",3,50,"-","-",75.97,"H","-","W","Y",3,"A","-",22350,,"N","A","H","-","A","A","0","Y","A","07",0,2,0,0,0,0,0,0,0,"-","-","SOUTH LAKE TAHOE","EL DORADO","CA",0,0
"4881067",-120.118619894,39.013621051,2010,"0900","3","4","3","03",0,1,"A",,,"Y",,,1800,8,"C","C","A","RT 89","SCENIC DR",11,"S","N","2011-10-20",9246,"2010-08-19",1527,"15078",,"2","9","0","1",,"1","031","-","Y","ED",3,89,"-","-",22.12,"H","-","N","Y",2,"A","-",22350,,"N","A","H","-","A","D","0","Y","C","02",0,1,0,0,0,0,0,0,1,"-","-","UNINCORPORATED","EL DORADO","CA",-120.1165,39.01036
"4881072",-119.957626335,38.9486,2010,"0902","0","6","4","03",0,3,"A",,,,,,1200,8,"C","C","A","SKI RUN BL","LAKE TAHOE BL",30,"N","N","2011-10-13",902,"2010-08-21",1023,"191","0902","5","3","0","0",,"0","EAST","-","Y","ED",3,50,"-","-",79.29,"I","6","W","N",2,"A","-",22350,,"N","A","H","-","A","A","0","Y","A","01",0,0,3,0,0,0,0,0,0,"-","-","SOUTH LAKE TAHOE","EL DORADO","CA",0,0
"4881076",-119.982672917,38.937255269,2010,"0902","0","6","3","09",0,1,"A",,,,,,1200,8,"-","C","A","SACRAMENTO AV","SONOMA AV",0,,"Y","2011-08-22",902,"2010-08-21",908,"191","0902","5","3","0","0",,"0","EAST","-","N",,0,0,,,0,,,,"Y",2,"A","-",21803,"A","N","A","H","-","A","A","0","Y","A","07",0,1,0,0,0,0,0,0,0,"-","-","SOUTH LAKE TAHOE","EL DORADO","CA",0,0
"4881079",-120.078640992,38.937619481,2010,"0900","3","1","3","03",0,2,"B",,,,,,1500,8,"E","I","A","RT 89","SPRING CREEK RD",1584,"N","N","2011-10-20",9246,"2010-08-30",1455,"13182",,"2","9","0","1",,"1","030","-","Y","ED",3,89,"-","-",13.55,"H","-","N","Y",1,"A","-",22350,,"N","A","H","-","A","A","0","Y","A","07",0,1,1,0,0,0,0,0,0,"-","-","UNINCORPORATED","EL DORADO","CA",-120.07878,38.93743
"4881080",-120.006926378,38.912469798,2010,"0902","0","4","4","05",0,1,"A",,"Y",,,,1800,8,"D","G","A","LAKE TAHOE BL","GLORENE AV",88,"W","N","2011-10-12",902,"2010-08-19",1741,"186","0902","5","3","0","0",,"0","00W","-","N",,0,0,,,0,,,,"N",2,"A","-",21202,"A","N","A","H","-","A","D","0","Y","L","04",0,0,1,0,0,0,1,0,0,"-","-","SOUTH LAKE TAHOE","EL DORADO","CA",0,0
"4881087",-119.971902279,38.919191614,2010,"0900","5","1","2","08",0,1,"A",,"Y",,,,1800,8,"F","A","A","BLACK BART AV","MARTIN AV",75,"S","N","2011-08-22",9246,"2010-08-30",1545,"17846","9246","2","9","0","3",,"2","200","-","N",,0,0,,,0,,,,"N",1,"A","-",22107,,"N","A","H","-","A","-","0","Y","L","04",1,0,0,0,0,0,1,0,0,"-","-","UNINCORPORATED","EL DORADO","CA",-119.97197,38.91977
"4881209",-119.942191362,38.958942675,2010,"0902","0","5","4","21",0,1,"A",,,,,,1200,7,"C","C","A","LAKE TAHOE BL","STATELINE AV",100,"W","N","2011-10-13",902,"2010-07-02",1154,"191","0902","5","3","0","0",,"0","EAST","-","Y","ED",3,50,"-","-",80.42,"H","-","E","N",2,"A","-",22106,,"N","A","H","-","A","A","0","Y","A","07",0,0,1,0,0,0,0,0,0,"-","-","SOUTH LAKE TAHOE","EL DORADO","CA",0,0
"4881221",-120.008762922,38.937515266,2010,"0902","0","6","3","03",0,3,"A",,,,,,2100,7,"E","I","A","BEACH DR","BEACH LN",0,,"Y","2011-08-09",902,"2010-07-10",1940,"208","0902","5","3","0","0",,"0","WEST","-","N",,0,0,,,0,,,,"Y",1,"A","-",22350,,"N","A","H","-","A","A","0","Y","A","07",0,3,0,0,0,0,0,0,0,"-","-","SOUTH LAKE TAHOE","EL DORADO","CA",0,0
"4881225",-119.980144316,38.930125527,2010,"0902","0","6","3","05",0,1,"A",,"Y",,,,900,7,"D","G","A","LAKE TAHOE BL","BLUE LAKE AV",204,"W","N","2011-10-13",902,"2010-07-24",830,"WILSON","0902","5","3","0","0",,"0","WEST","-","Y","ED",3,50,"-","-",77.2,"H","-","W","N",2,"A","-",21650,,"N","A","H","-","A","A","0","Y","L","04",0,1,0,0,0,0,1,0,0,"-","-","SOUTH LAKE TAHOE","EL DORADO","CA",0,0
"4881229",-119.960436738,38.947252268,2010,"0902","0","6","3","08",0,1,"A",,"Y",,,"Y",1500,7,"D","G","A","LAKE TAHOE BL","HERBERT AV",55,"E","N","2011-10-13",902,"2010-07-10",1440,"209","0902","5","3","0","0",,"0","EAST","-","Y","ED",3,50,"-","-",79.11,"H","-","E","N",2,"A","-",22107,,"N","A","H","-","A","A","0","Y","D","22",0,1,0,0,0,0,1,0,0,"-","-","SOUTH LAKE TAHOE","EL DORADO","CA",0,0
"4881233",-119.957344081,38.948573336,2010,"0902","0","4","4","03",0,2,"A",,,,,,2400,7,"C","C","A","LAKE TAHOE BL","SKI RUN BL",0,,"Y","2011-10-13",902,"2010-07-22",2156,"176","0902","5","3","0","0",,"0","EAST","-","Y","ED",3,50,"-","-",79.3,"H","-","E","Y",3,"A","-",22350,,"N","A","H","-","C","A","0","Y","A","01",0,0,2,0,0,0,0,0,0,"-","-","SOUTH LAKE TAHOE","EL DORADO","CA",0,0
"4881237",-119.977702857,38.9343,2010,"0902","0","4","4","10",0,1,"A","Y",,,,,1200,7,"G","B","B","AL TAHOE BL","LAKE TAHOE BL",1,"S","N","2011-10-13",902,"2010-07-15",944,"155","EDX","5","3","0","0",,"0","023","-","Y","ED",3,50,"-","-",77.525,"I","6","E","N",2,"A","-",21950,"A","N","A","H","-","A","A","0","Y","-","-",0,0,1,0,1,0,0,0,0,"-","-","SOUTH LAKE TAHOE","EL DORADO","CA",0,0
"4881241",-119.987128056,38.924761655,2010,"0902","0","6","4","09",0,1,"A",,,,,,1500,7,"D","C","A","LAKE TAHOE BL","SILVER DOLLAR AV",0,,"Y","2011-10-13",902,"2010-07-03",1202,"191","0902","5","3","0","0",,"0","WEST","-","Y","ED",3,50,"-","-",76.67,"I","5","W","Y",2,"A","-",21802,"A","N","A","H","-","A","A","0","Y","A","01",0,0,1,0,0,0,0,0,0,"-","-","SOUTH LAKE TAHOE","EL DORADO","CA",0,0
"4881249",-119.982952918,38.938745269,2010,"0902","0","1","2","00",0,1,"A",,,"Y",,,2100,7,"D","C","A","LOS ANGELES AV","SACRAMENTO AV",0,,"Y","2011-08-09",902,"2010-07-26",1838,"205","SLTPD","5","3","0","0",,"0","043","-","N",,0,0,,,0,,,,"Y",2,"D","-",0,,"N","A","H","-","A","A","0","Y","-","-",1,0,0,0,0,0,0,0,1,"-","-","SOUTH LAKE TAHOE","EL DORADO","CA",0,0
"4881253",-119.980784255,38.929414557,2010,"0902","0","3","3","05",0,1,"A",,"Y",,,,1500,7,"A","G","A","RT 50","BLUE LAKE AV",528,"W","N","2011-10-27",902,"2010-07-28",1259,"153","0902","5","3","0","0",,"0",,"-","Y","ED",3,50,"-","-",77.14,"H","-","W","N",2,"A","-",21650,"1","N","A","H","-","A","A","0","Y","L","04",0,1,0,0,0,0,1,0,0,"-","-","SOUTH LAKE TAHOE","EL DORADO","CA",0,0
"4881257",-119.990324109,38.922536937,2010,"0902","0","4","3","05",0,1,"A",,"Y",,,,1500,7,"A","G","A","LAKE TAHOE BL","RIVER",200,"W","N","2011-10-13",902,"2010-07-22",1311,"192","EDSC","5","3","0","0",,"0",,"-","Y","ED",3,50,"-","-",76.44,"H","-","E","N",2,"A","-",21650,"1","N","A","H","-","A","D","0","Y","L","04",0,1,0,0,0,0,1,0,0,"-","-","SOUTH LAKE TAHOE","EL DORADO","CA",0,0
"4881261",-119.982975476,38.927427204,2010,"0902","0","1","4","03",0,1,"A",,,,,,1500,7,"C","C","A","LAKE TAHOE BL","BROCKWAY",18,"E","N","2011-10-13",902,"2010-07-12",1459,"197",,"5","3","0","0",,"0",,"-","Y","ED",3,50,"-","-",76.96,"H","-","E","N",2,"A","-",22350,,"N","A","H","-","A","D","0","Y","A","01",0,0,1,0,0,0,0,0,0,"-","-","SOUTH LAKE TAHOE","EL DORADO","CA",0,0
"4881265",-119.999862533,38.916317203,2010,"0902","0","7","4","00",0,1,"A",,"Y",,,,2400,7,"H","G","A","LAKE TAHOE BL","LAKE TAHOE BL 2136",0,,"Y","2011-10-13",902,"2010-07-25",2252,"189",,"5","3","0","0",,"0",,"-","Y","ED",3,50,"-","-",75.77,"H","-","W","N",2,"D","-",0,,"N","A","H","-","C","A","0","Y","-","-",0,0,1,0,0,0,1,0,0,"-","-","SOUTH LAKE TAHOE","EL DORADO","CA",0,0
"4881269",-120.004686335,38.913605518,2010,"0902","0","7","3","03",0,2,"A",,,,,,1500,7,"C","C","A","EMERALD BAY RD","LAKE TAHOE BL",0,,"Y","2011-10-31",902,"2010-07-04",1319,"131","EDSC","5","3","0","0",,"0",,"-","Y","ED",3,89,"-","-",8.57,"H","-","N","N",2,"A","-",22350,,"N","A","H","-","A","D","0","Y","A","01",0,1,1,0,0,0,0,0,0,"-","-","SOUTH LAKE TAHOE","EL DORADO","CA",0,0