"CASEID","POINT_X","POINT_Y","YEAR_","LOCATION","CHPTYPE","DAYWEEK","CRASHSEV","VIOLCAT","KILLED","INJURED","WEATHER1","PEDCOL","BICCOL","MCCOL","TRUCKCOL","ETOH","TIMECAT","MONTH_","CRASHTYP","INVOLVE","PED","PRIMARYRD","SECONDRD","DISTANCE","DIRECT","INTERSECT_","PROCDATE","JURIS","DATE_","TIME_","BADGE","JURIDIST","SHIFT","POP","SPECIAL","BEATTYPE","LAPDDIV","BEATCLAS","BEATNUMB","WEATHER2","STATEHW","CALTRANC","CALTRAND","STROUTE","ROUTESUF","POSTPRE","POSTMILE","LOCATYPE","RAMP","SIDEHW","TOWAWAY","PARTIES","PCF","VIOLCODE","VIOL","VIOLSUB","HITRUN","ROADSURF","RDCOND1","RDCOND2","LIGHTING","RIGHTWAY","CHPRDTYP","NOTPRIV","STFAULT","CHPFAULT","SEVINJ","OTHERINJ","COP","PEDKILL","PEDINJ","BICKILL","BICINJ","MCKILL","MCINJURE","RAMP1","RAMP2","CITY","COUNTY","STATE","X_CHP","Y_CHP"
"5262855",-121.041320048,38.6551056127,2011,"0900","2","5","4","03",0,1,"A",,,,,,900,8,"C","C","A","RT 50","BASS LAKE RD",2112,"W","N","2013-03-18",9260,"2011-08-05",815,"018316",,"1","9","0","1",,"2","503","-","Y","ED",3,50,"-","R",2.84,"H","-","W","N",2,"A","-",22350,,"N","A","D","H","A","D","1","Y","A","01",0,0,1,0,0,0,0,0,0,"-","-","UNINCORPORATED","EL DORADO","CA",-121.02181,38.39163
"5265336",-120.838775644,38.710866935,2011,"0900","4","1","4","03",0,1,"A",,,,,,1200,7,"C","C","A","MISSOURI FLAT RD","MOTHER LODE DR",320,"N","N","2013-02-05",9245,"2011-07-18",1115,"13839",,"1","9","0","2",,"1","037","-","N",,0,0,,,0,,,,"N",2,"A","-",22350,,"N","A","H","-","A","A","0","Y","D","22",0,0,1,0,0,0,0,0,0,"-","-","UNINCORPORATED","EL DORADO","CA",-120.8401,38.71169
"5265348",-120.398851447,38.7976155618,2011,"0900","5","6","4","08",0,1,"A",,,,,,900,7,"F","A","A","ICE HOUSE RD","PEAVINE RIDGE RD",1056,"N","N","2012-11-08",9245,"2011-07-30",704,"014712",,"1","9","0","3",,"2","002","-","N",,0,0,,,0,,,,"Y",1,"A","-",22107,,"N","A","H","-","B","D","0","Y","D","22",0,0,1,0,0,0,0,0,0,"-","-","UNINCORPORATED","EL DORADO","CA",-120.3976,38.79702
"5266096",0,0,2011,"0900","5","7","4","03",0,1,"A",,,,,,1500,7,"C","C","A","SLY PARK RD","RIDGEWAY DR",50,"N","N","2012-12-05",9245,"2011-07-24",1225,"16056",,"1","9","0","3",,"2","004","-","N",,0,0,,,0,,,,"Y",3,"A","-",22350,,"N","A","H","-","A","D","0","Y","A","07",0,0,1,0,0,0,0,0,0,"-","-","UNINCORPORATED","EL DORADO","CA",-120.57535,38.76074
"5266285",-120.05826,38.93354,2011,"0900","5","5","3","00",0,1,"A",,"Y",,,,1500,7,"F","A","A","CATHEDRAL RD","RT 89",10560,"W","N","2012-10-30",9246,"2011-07-08",1230,"018418",,"1","9","0","3",,"2","300","-","N",,0,0,,,0,,,,"N",1,"D","-",0,,"N","A","H","-","A","D","0","Y","-","-",0,1,0,0,0,0,1,0,0,"-","-","UNINCORPORATED","EL DORADO","CA",-120.06792,38.91013
"5266293",-120.023170883,38.8506832528,2011,"0900","2","5","4","01",0,1,"A",,,,,,2100,7,"E","I","A","RT 50","RT 89",246,"W","N","2013-02-20",9246,"2011-07-08",1817,"019064",,"2","9","0","1",,"1","022","-","Y","ED",3,50,"-","-",70.57,"H","-","W","Y",1,"A","-",23152,"A","N","A","H","-","A","A","0","Y","A","07",0,0,1,0,0,0,0,0,0,"-","-","UNINCORPORATED","EL DORADO","CA",-120.013,38.5059
"5266297",-120.035120961,38.8535711662,2011,"0900","4","2","2","03",0,1,"A",,,"Y",,,1800,7,"E","I","A","NORTH UPPER TRUCKEE RD","W SAN BERNARDINO AV",170,"N","N","2012-10-30",9246,"2011-07-12",1700,"010056",,"2","9","0","2",,"1","025","-","N",,0,0,,,0,,,,"Y",1,"A","-",22350,,"N","A","H","-","A","D","0","Y","C","02",1,0,0,0,0,0,0,0,1,"-","-","UNINCORPORATED","EL DORADO","CA",-120.03803,38.85355
"5272399",-120.842697298,38.8959673075,2011,"0900","4","5","3","05",0,1,"A",,,,,,1500,8,"E","I","A","MARSHALL RD","EMPIRE CREEK CIR",2112,"S","N","2012-12-03",9245,"2011-08-26",1255,"16465",,"1","9","0","2",,"1","021","-","N",,0,0,,,0,,,,"Y",1,"A","-",21650,,"N","A","H","-","A","D","0","Y","D","22",0,1,0,0,0,0,0,0,0,"-","-","UNINCORPORATED","EL DORADO","CA",-120.84322,38.89503
"5273503",-120.908510848,38.6869646537,2011,"0900","2","1","2","18",0,1,"A",,,,,,1200,8,"E","I","A","RT 50","RED HAWK PARKWAY",1056,"W","N","2013-04-12",9245,"2011-08-15",900,"016059",,"1","9","0","1",,"2","120","-","Y","ED",3,50,"-","R",10.85,"H","-","W","Y",1,"C","-",0,,"N","A","H","-","A","D","1","Y","-","-",1,0,0,0,0,0,0,0,0,"-","-","UNINCORPORATED","EL DORADO","CA",-120.91127,38.68426
"5273718",-120.768896179,38.731834011,2011,"0900","2","7","4","08",0,2,"A",,,,,,2400,8,"E","I","A","RT 50","CARSON RD",5280,"E","N","2013-02-14",9245,"2011-08-14",2320,"013405",,"3","9","0","1",,"2","140","-","Y","ED",3,50,"-","-",19.76,"H","-","W","Y",1,"A","-",22107,,"N","A","H","-","D","D","1","Y","A","01",0,0,2,0,0,0,0,0,0,"-","-","UNINCORPORATED","EL DORADO","CA",-120.9539,38.74393
"5274174",-121.072025112,38.6602372859,2011,"0900","4","3","4","03",0,1,"A",,,,,,1500,8,"C","C","A","EL DORADO HILLS BL","LASSEN LN",20,"N","N","2012-12-08",9260,"2011-08-03",1250,"012718",,"1","9","0","2",,"2","201","-","N",,0,0,,,0,,,,"N",2,"A","-",22350,,"N","A","H","-","A","A","0","Y","A","01",0,0,1,0,0,0,0,0,0,"-","-","UNINCORPORATED","EL DORADO","CA",0,0
"5274238",-121.081126124,38.6911609418,2011,"0900","5","5","3","08",0,1,"A",,"Y",,,,1800,8,"B","G","A","CANTERBURY CIR","TAM O SHANTER DR",650,"N","N","2012-12-07",9260,"2011-08-05",1625,"018316",,"2","9","0","3",,"2","002","-","N",,0,0,,,0,,,,"N",2,"A","-",22107,,"N","A","H","-","A","D","0","Y","L","04",0,1,0,0,0,0,1,0,0,"-","-","UNINCORPORATED","EL DORADO","CA",-121.0451,38.41249
"5276587",-120.028016534,38.81741767,2011,"0900","2","1","3","03",0,1,"A",,,,,,300,8,"E","I","A","RT 50","JOHNSON PASS RD",3168,"W","N","2013-02-12",9246,"2011-08-15",1,"16150",,"3","9","0","1",,"1","021","-","Y","ED",3,50,"-","-",67.1,"H","-","E","Y",1,"A","-",22350,,"N","A","H","-","D","D","0","Y","A","01",0,1,0,0,0,0,0,0,0,"-","-","UNINCORPORATED","EL DORADO","CA",-120.02745,38.81884
"5276595",-120.11460774,38.8032451451,2011,"0900","2","5","3","17",0,1,"A",,,"Y",,,1800,8,"E","I","A","RT 50","SAYLES CANYON TRACT",1584,"W","N","2013-02-11",9246,"2011-08-12",1650,"18593",,"2","9","0","1",,"1","020","-","Y","ED",3,50,"-","-",61.1,"H","-","E","Y",1,"A","-",21662,,"N","A","H","-","A","D","0","Y","C","02",0,1,0,0,0,0,0,0,1,"-","-","UNINCORPORATED","EL DORADO","CA",-120.12189,38.80256
"5278896",-121.057353368,38.6572287143,2011,"0900","2","2","4","18",0,1,"A",,,,,,600,8,"E","I","A","RT 50","LATROBE RD",3696,"E","N","2013-03-18",9260,"2011-08-09",535,"12718",,"3","9","0","1",,"2","503","-","Y","ED",3,50,"-","-",1.59,"H","-","E","Y",1,"C","-",0,,"N","A","D","E","D","D","1","Y","-","-",0,0,1,0,0,0,0,0,0,"-","-","UNINCORPORATED","EL DORADO","CA",0,0
"5278904",-121.072473058,38.6521851608,2011,"0900","2","6","4","03",0,1,"A",,,,,,1500,8,"C","C","A","RT 50","LATROBE RD",0,,"N","2013-03-18",9260,"2011-08-13",1230,"14633",,"1","9","0","1",,"2","503","-","Y","ED",3,50,"-","-",0.832,"R","1","E","Y",2,"A","-",22350,,"N","A","H","-","A","D","1","Y","A","01",0,0,1,0,0,0,0,0,0,"TO","-","UNINCORPORATED","EL DORADO","CA",-121.07063,38.65392
"5279616",-120.805119354,38.7281051439,2011,"0901","0","3","4","05",0,1,"A",,,,,,1800,8,"A","C","A","RT 50","SPRING ST",200,"E","N","2013-02-07",901,"2011-08-03",1655,"280","0901","5","2","0","0",,"0","PP1","-","Y","ED",3,50,"-","-",17.67,"H","-","E","Y",2,"A","-",21650,,"N","A","H","-","A","A","0","Y","A",,0,0,1,0,0,0,0,0,0,"-","-","PLACERVILLE","EL DORADO","CA",0,0
"5279618",-121.0588145,38.6852623815,2011,"0900","5","6","3","08",0,1,"A",,,,,"Y",300,8,"E","I","A","GREENVIEW DR","GRESHAM DR",661,"S","N","2012-12-05",9260,"2011-08-13",30,"018276",,"3","9","0","3",,"2","002","-","N",,0,0,,,0,,,,"Y",1,"A","-",22107,,"F","A","H","-","D","D","0","Y","A","01",0,1,0,0,0,0,0,0,0,"-","-","UNINCORPORATED","EL DORADO","CA",0,0
"5279632",-120.782975475,38.719611416,2011,"0901","0","2","3","03",0,1,"A","Y",,,,,900,8,"G","B","E","CEDAR RAVINE RD","SLUICE BOX RD",342,"S","N","2012-12-05",901,"2011-08-02",807,"237","0901","5","2","0","0",,"0","PP2","-","N",,0,0,,,0,,,,"N",2,"A","-",22350,,"N","A","H","-","A","D","0","Y","A",,0,1,0,0,1,0,0,0,0,"-","-","PLACERVILLE","EL DORADO","CA",0,0
"5286107",-120.94552,38.71111,2011,"0900","4","7","3","08",0,1,"A",,,,,,600,7,"E","I","A","PONDEROSA RD","GREEN VALLEY RD",6750,"S","N","2013-02-16",9245,"2011-07-24",400,"12833",,"3","9","0","2",,"1","013","-","N",,0,0,,,0,,,,"Y",1,"A","-",22107,,"N","A","H","-","D","D","0","Y","A","01",0,1,0,0,0,0,0,0,0,"-","-","UNINCORPORATED","EL DORADO","CA",-120.94109,38.69405
"5286115",-120.765058458,38.7302849747,2011,"0900","2","1","3","08",0,1,"A",,,,,,1500,7,"E","I","A","RT 50","POINT VIEW DR",600,"E","N","2012-11-05",9245,"2011-07-25",1415,"13405",,"2","9","0","1",,"2","140","-","Y","ED",3,50,"-","-",20.06,"H","-","E","Y",1,"A","-",22107,,"N","A","H","-","A","D","1","Y","A","07",0,1,0,0,0,0,0,0,0,"-","-","UNINCORPORATED","EL DORADO","CA",0,0
"5286123",-120.941023663,38.6935718506,2011,"0900","4","3","4","05",0,1,"A",,,,,,1500,7,"E","I","A","PONDEROSA RD","TOIYABE LN",1584,"N","N","2012-10-02",9245,"2011-07-27",1340,"13028",,"1","9","0","2",,"1","013","-","N",,0,0,,,0,,,,"Y",1,"A","-",21650,,"N","A","H","-","D","D","0","Y","A","01",0,0,1,0,0,0,0,0,0,"-","-","UNINCORPORATED","EL DORADO","CA",-120.9408,38.69307
"5286229",-120.04975,38.93356,2011,"0900","4","4","3","03",0,1,"A",,"Y",,,,1500,7,"F","A","A","FALLEN LEAF RD","RT 89",7920,"W","N","2012-09-26",9246,"2011-07-28",1400,"19064",,"2","9","0","2",,"1","032","-","N",,0,0,,,0,,,,"N",1,"A","-",22350,,"N","A","H","-","A","D","0","Y","L","04",0,1,0,0,0,0,1,0,0,"-","-","UNINCORPORATED","EL DORADO","CA",-120.06111,38.88239
"5286233",0,0,2011,"0900","5","3","3","11",0,1,"A","Y",,,,,900,7,"G","B","D","EAGLE POINT CMPGD","RT 89",2640,"N","N","2012-09-26",9246,"2011-07-20",730,"18418",,"1","9","0","3",,"2","300","-","N",,0,0,,,0,,,,"N",2,"A","-",21954,"A","N","A","H","-","A","D","0","Y","N","60",0,1,0,0,1,0,0,0,0,"-","-","UNINCORPORATED","EL DORADO","CA",-120.0792,38.96093
"5286322",-121.022763858,38.9108164453,2011,"0900","3","2","3","08",0,2,"A",,,"Y",,,1200,7,"F","A","A","RT 49","49 ED",80,"S","N","2012-12-17",9245,"2011-07-05",1135,"13248",,"1","9","0","1",,"1","115","-","Y","ED",3,49,"-","-",36.68,"H","-","S","N",1,"A","-",22107,,"N","A","H","-","A","D","0","Y","C","02",0,2,0,0,0,0,0,0,2,"-","-","UNINCORPORATED","EL DORADO","CA",-121.02157,38.91082
"5287545",-120.779776257,38.7376014775,2011,"0901","0","7","3","-",0,1,"A",,"Y",,,,1200,7,"H","A","A","CARSON RD","SCHNELL SCHOOL RD",20,"W","N","2012-10-25",901,"2011-07-03",1140,"248","0901","5","2","0","0",,"0","PP2","-","N",,0,0,,,0,,,,"N",2,"A","-",0,,"N","A","H","-","A","A","0","Y","D",,0,1,0,0,0,0,1,0,0,"-","-","PLACERVILLE","EL DORADO","CA",0,0
"5289085",-121.022434305,38.9107217464,2011,"0900","3","6","3","03",0,1,"A",,"Y",,,,1200,8,"B","G","A","RT 49","AARON COOL DR",8448,"N","N","2013-02-21",9245,"2011-08-06",1040,"11511",,"1","9","0","1",,"1","115","-","Y","ED",3,49,"-","-",36.66,"H","-","N","N",2,"A","-",22350,,"N","A","H","-","A","D","0","Y","L","04",0,1,0,0,0,0,1,0,0,"-","-","UNINCORPORATED","EL DORADO","CA",-121.02064,38.91032
"5290106",-120.939504232,38.8258885002,2011,"0900","3","2","2","05",0,2,"A",,,,,,900,7,"E","I","A","RT 49","BACCHI RD",528,"S","N","2013-02-19",9245,"2011-07-26",815,"013248",,"1","9","0","1",,"1","115","-","Y","ED",3,49,"-","-",25.69,"H","-","N","Y",1,"A","-",21650,,"N","A","H","-","A","D","0","Y","D","22",1,1,0,0,0,0,0,0,0,"-","-","UNINCORPORATED","EL DORADO","CA",-120.92776,38.81859
"5290144",0,0,2011,"0900","5","2","4","03",0,3,"A",,,,,,1200,8,"C","C","A","GREEN VALLEY RD","BROWNS RAVINE",30,"E","N","2012-12-05",9260,"2011-08-16",945,"12781",,"1","9","0","3",,"2","203","-","N",,0,0,,,0,,,,"Y",3,"A","-",22350,,"N","A","H","-","A","A","0","Y","A","08",0,0,3,0,0,0,0,0,0,"-","-","UNINCORPORATED","EL DORADO","CA",0,0
"5290421",-120.758088216,38.9309462441,2011,"0900","5","2","3","01",0,1,"A",,,,,"Y",1800,8,"E","I","A","WENTWORTH SPRINGS RD","LEA WY",528,"E","N","2012-12-08",9245,"2011-08-16",1730,"17604",,"2","9","0","3",,"2","002","-","N",,0,0,,,0,,,,"Y",1,"A","-",23152,"A","N","A","H","-","A","D","0","Y","D","22",0,1,0,0,0,0,0,0,0,"-","-","UNINCORPORATED","EL DORADO","CA",-120.75778,38.93125
"5291201",-120.812653613,38.9228244175,2011,"0900","5","5","1","03",1,0,"A",,,"Y",,"Y",2400,4,"F","A","A","WENTWORTH SPRINGS RD","FOX RUN RD",1056,"W","N","2013-03-26",9245,"2011-04-01",2201,"017089",,"3","9","0","3",,"2","002","-","N",,0,0,,,0,,,,"Y",1,"A","-",22350,,"N","A","H","-","D","D","0","Y","C","02",0,0,0,0,0,0,0,1,0,"-","-","UNINCORPORATED","EL DORADO","CA",-120.81257,38.92282
"5291206",-121.011042761,38.5886183768,2011,"0900","4","5","1","03",1,0,"B",,,,,,900,2,"E","I","A","LATROBE RD","SUN RIDGE MEADOW RD",770,"N","N","2011-09-22",9245,"2011-02-25",840,"011511",,"1","9","0","2",,"2","031","C","N",,0,0,,,0,,,,"Y",1,"A","-",22350,,"N","A","H","-","A","D","0","Y","A","07",0,0,0,0,0,0,0,0,0,"-","-","UNINCORPORATED","EL DORADO","CA",-121.01116,38.58898
"5291269",-121.094460698,38.7085762405,2011,"0900","5","3","1","05",1,0,"A",,,,,"Y",600,7,"B","C","A","GREEN VALLEY RD","MILLER DR",725,"W","N","2013-03-27",9260,"2011-07-27",301,"017550",,"3","9","0","3",,"2","203","-","N",,0,0,,,0,,,,"Y",2,"A","-",21651,"A","N","A","H","-","D","D","0","Y","D","22",0,0,0,0,0,0,0,0,0,"-","-","UNINCORPORATED","EL DORADO","CA",-121.05405,38.42304
"5291320",-120.819817651,38.9131160037,2011,"0900","5","2","1","09",1,1,"A",,,"Y",,,1200,5,"F","A","A","WENTWORTH SPRINGS RD","HOTCHKISS HILL RD",709,"E","N","2013-03-26",9245,"2011-05-24",1105,"014712",,"1","9","0","3",,"2","002","-","N",,0,0,,,0,,,,"Y",2,"A","-",21804,"A","N","A","H","-","A","D","0","Y","D","22",1,0,0,0,0,0,0,1,1,"-","-","UNINCORPORATED","EL DORADO","CA",-120.81986,38.91293
"5291509",-120.291231125,38.7726507596,2011,"0900","2","2","1","03",1,1,"A",,,,"Y",,1800,7,"B","C","A","RT 50","33 MILE STONE",30,"E","N","2013-03-27",9245,"2011-07-12",1635,"015459",,"2","9","0","1",,"1","170","-","Y","ED",3,50,"-","-",49.2,"H","-","W","N",2,"A","-",22350,,"N","A","H","-","A","D","0","Y","G","25",0,1,0,0,0,0,0,0,0,"-","-","UNINCORPORATED","EL DORADO","CA",-120.29157,38.77298
"5291510",-120.36058712,38.7636363235,2011,"0900","2","1","1","03",1,0,"A",,,,"Y",,900,8,"F","A","A","RT 50","ALDER CREEK",2640,"E","N","2011-11-07",9245,"2011-08-08",610,"015262",,"1","9","0","1",,"1","160","-","Y","ED",3,50,"-","-",44.95,"H","-","W","Y",1,"A","-",22350,,"N","A","H","-","A","A","0","Y","G","27",0,0,0,0,0,0,0,0,0,"-","-","UNINCORPORATED","EL DORADO","CA",-120.36137,38.76382
"5294886",-120.925593307,38.6659789652,2011,"0900","4","6","3","03",0,3,"A",,,,,,1800,9,"C","C","A","MOTHER LODE DR","NORTH STAR DR",308,"E","N","2012-12-13",9245,"2011-09-03",1720,"16056",,"2","9","0","2",,"1","039","-","N",,0,0,,,0,,,,"Y",2,"A","-",22350,,"N","A","H","-","A","D","0","Y","A","08",0,2,1,0,0,0,0,0,0,"-","-","UNINCORPORATED","EL DORADO","CA",-120.92551,38.66592
"5294887",-120.78814,38.69041,2011,"0900","4","4","2","05",0,3,"A",,,,,,1500,9,"B","C","A","PLEASANT VALLEY RD","ZANDONELLA RD",15,,"N","2012-12-13",9245,"2011-09-08",1235,"18114",,"1","9","0","2",,"1","041","-","N",,0,0,,,0,,,,"Y",3,"A","-",21460,"A","N","A","H","-","A","D","0","Y","A","01",1,0,2,0,0,0,0,0,0,"-","-","UNINCORPORATED","EL DORADO","CA",-120.7877,38.69019
"5294888",-120.966551974,38.6593887789,2011,"0900","2","5","4","03",0,1,"A",,,"Y",,,1800,9,"C","C","A","RT 50","CAMERON PARK DR",300,"E","N","2013-04-08",9245,"2011-09-09",1600,"17728",,"2","9","0","1",,"2","110","-","Y","ED",3,50,"-","-",6.65,"H","-","E","Y",2,"A","-",22350,,"N","A","H","-","A","D","1","Y","C","02",0,0,1,0,0,0,0,0,1,"-","-","UNINCORPORATED","EL DORADO","CA",-120.83016,38.72139
"5295295",-120.850297044,38.8586711786,2011,"0900","4","1","3","01",0,1,"A",,,,,"Y",300,9,"E","I","A","MARSHALL RD","BLACK OAK MINE RD",95,"N","N","2012-12-13",9245,"2011-09-05",210,"15609",,"3","9","0","2",,"1","021","-","N",,0,0,,,0,,,,"Y",1,"A","-",23152,"A","N","A","H","-","C","D","0","Y","D","22",0,1,0,0,0,0,0,0,0,"-","-","UNINCORPORATED","EL DORADO","CA",-120.85019,38.85911
"5295629",-121.072473058,38.6521851608,2011,"0900","2","2","4","03",0,1,"A",,,,,,1800,8,"C","C","A","RT 50","LATROBE RD",10,"E","N","2013-03-18",9260,"2011-08-23",1500,"012718",,"2","9","0","1",,"2","503","-","Y","ED",3,50,"-","-",0.832,"R","4","E","N",2,"A","-",22350,,"N","A","H","-","A","A","1","Y","A","01",0,0,1,0,0,0,0,0,0,"EF","-","UNINCORPORATED","EL DORADO","CA",0,0
"5298489",-121.040215482,38.9151917422,2011,"0900","3","1","2","03",0,1,"A",,"Y",,,,1500,8,"H","G","A","RT 49","OLD AUBURN FORESTHILL RD",500,"S","N","2012-06-18",9245,"2011-08-22",1230,"13929",,"1","9","0","1",,"1","115","-","Y","ED",3,49,"-","-",38.2,"H","-","S","N",2,"A","-",22350,,"F","A","H","-","A","D","0","Y","-","99",1,0,0,0,0,0,1,0,0,"-","-","UNINCORPORATED","EL DORADO","CA",0,0
"5298891",-120.674397458,38.6924036641,2011,"0900","4","5","4","01",0,1,"A",,,,,"Y",900,8,"E","I","A","PLEASANT VALLEY RD","NEWTOWN RD",562,"E","N","2012-12-04",9245,"2011-08-26",650,"012382",,"1","9","0","2",,"1","041","-","N",,0,0,,,0,,,,"Y",1,"A","-",23152,"A","N","A","H","-","A","A","0","Y","A","01",0,0,1,0,0,0,0,0,0,"-","-","UNINCORPORATED","EL DORADO","CA",-120.67468,38.69292
"5298955",-120.819779019,38.7591814316,2011,"0900","3","7","4","05",0,1,"A",,,,,,1800,8,"A","C","A","RT 193","MINERS SPRING RD",50,"N","N","2013-02-11",9245,"2011-08-14",1650,"013839",,"2","9","0","1",,"1","122","-","Y","ED",3,193,"-","-",25.15,"H","-","W","Y",2,"A","-",21460,"A","N","A","H","-","A","D","0","Y","A","01",0,0,1,0,0,0,0,0,0,"-","-","UNINCORPORATED","EL DORADO","CA",-120.82052,38.76165
"5298959",-120.787473022,38.7314251893,2011,"0900","2","1","3","03",0,1,"A",,,"Y",,,1500,8,"F","A","A","RT 50","MOSQUITO RD",200,"E","N","2013-02-11",9245,"2011-08-15",1320,"015262",,"1","9","0","1",,"2","140","-","Y","ED",3,50,"-","-",18.63,"R","2","W","N",1,"A","-",22350,,"N","A","H","-","A","A","1","Y","C","02",0,1,0,0,0,0,0,0,1,"-","-","UNINCORPORATED","EL DORADO","CA",0,0
"5299059",-120.831526877,38.7109021089,2011,"0900","4","1","4","05",0,1,"B",,,"Y",,,900,9,"E","I","A","FORNI RD","HEADY CT",25,"N","N","2012-12-15",9245,"2011-09-12",730,"13248",,"1","9","0","2",,"1","037","-","N",,0,0,,,0,,,,"Y",1,"A","-",21650,,"N","A","H","-","A","D","0","Y","C","02",0,0,1,0,0,0,0,0,1,"-","-","UNINCORPORATED","EL DORADO","CA",0,0
"5299071",-120.62486213,38.7492460725,2011,"0900","4","4","2","01",0,1,"A",,,,,"Y",2400,9,"E","I","A","PONY EXPRESS TRL","ANDREWS LN",1000,"W","N","2012-12-15",9245,"2011-09-08",2312,"18240",,"3","9","0","2",,"1","025","-","N",,0,0,,,0,,,,"Y",1,"A","-",23152,"A","N","A","H","-","D","D","0","Y","A","01",1,0,0,0,0,0,0,0,0,"-","-","UNINCORPORATED","EL DORADO","CA",-120.62549,38.74889
"5299087",-120.847388251,38.8711482631,2011,"0900","4","7","3","03",0,1,"A",,,,,,2400,9,"E","I","A","MARSHALL RD","BLACK OAK MINE RD",4950,"N","N","2012-12-15",9245,"2011-09-04",2250,"12833",,"3","9","0","2",,"1","021","-","N",,0,0,,,0,,,,"Y",1,"A","-",22350,,"N","A","H","-","D","D","0","Y","A","01",0,1,0,0,0,0,0,0,0,"-","-","UNINCORPORATED","EL DORADO","CA",-120.84741,38.87115
"5299095",-120.835313292,38.7194482256,2011,"0900","2","6","3","03",0,2,"A",,,,,,1800,9,"C","C","A","RT 50","FORNI RD",350,"W","N","2013-04-08",9245,"2011-09-10",1725,"18240",,"2","9","0","1",,"2","120","-","Y","ED",3,50,"-","-",15.76,"H","-","E","Y",2,"A","-",22350,,"N","A","D","-","A","D","1","Y","A","01",0,2,0,0,0,0,0,0,0,"-","-","UNINCORPORATED","EL DORADO","CA",-120.83528,38.71958
"5299099",-121.015953079,38.8869051854,2011,"0900","3","6","3","08",0,2,"A",,,,,,1800,9,"E","I","A","RT 49","RT 193",0,,"Y","2013-02-26",9245,"2011-09-10",1545,"17728",,"2","9","0","1",,"1","115","-","Y","ED",3,49,"-","-",34.46,"H","-","N","Y",1,"A","-",22107,,"N","A","H","-","A","D","0","Y","A","01",0,1,1,0,0,0,0,0,0,"-","-","UNINCORPORATED","EL DORADO","CA",-120.01571,38.8871
"5299107",-120.704818877,38.9276999324,2011,"0900","5","3","3","03",0,1,"A",,,"Y",,,1200,9,"F","A","A","WENTWORTH SPRINGS RD","HARMONY LN",10560,"E","N","2012-12-15",9245,"2011-09-07",1145,"16629",,"1","9","0","3",,"2","002","-","N",,0,0,,,0,,,,"Y",1,"A","-",22350,,"N","A","C","-","A","D","0","Y","C","02",0,1,0,0,0,0,0,0,1,"-","-","UNINCORPORATED","EL DORADO","CA",0,0
"5299111",-120.89269,38.77925,2011,"0900","4","4","3","03",0,2,"A",,,,,,1500,9,"C","C","A","COLD SPRINGS RD","THOMPSON HILL RD",0,,"Y","2012-12-22",9245,"2011-09-08",1320,"11511",,"1","9","0","2",,"1","014","-","N",,0,0,,,0,,,,"Y",2,"A","-",22350,,"N","A","H","-","A","D","0","Y","A","01",0,1,1,0,0,0,0,0,0,"-","-","UNINCORPORATED","EL DORADO","CA",-120.89268,38.77924
"5299115",-120.981930462,38.6796097341,2011,"0900","4","4","3","03",0,2,"A",,,,,,1800,9,"C","C","A","CAMERON PARK DR","MEDER RD",350,"N","N","2012-12-26",9245,"2011-09-08",1600,"16056",,"2","9","0","2",,"1","015","-","N",,0,0,,,0,,,,"Y",2,"A","-",22350,,"N","A","H","-","A","D","0","Y","A","07",0,1,1,0,0,0,0,0,0,"-","-","UNINCORPORATED","EL DORADO","CA",-120.98384,38.68202
"5299119",0,0,2011,"0900","4","5","3","03",0,1,"A",,,"Y",,,1800,9,"F","A","A","MOTHER LODE DR","NORTHSIDE DR",10,"W","N","2012-12-15",9245,"2011-09-09",1505,"17728",,"2","9","0","2",,"1","039","-","N",,0,0,,,0,,,,"Y",1,"A","-",22350,,"N","A","H","-","A","D","0","Y","C","02",0,1,0,0,0,0,0,0,1,"-","-","UNINCORPORATED","EL DORADO","CA",-120.92556,38.66591
"5303038",-121.01378172,38.6554015185,2011,"0900","2","3","2","01",0,2,"A",,,,,,2400,8,"C","C","A","RT 50","BASS LAKE RD",4224,"E","N","2013-02-11",9245,"2011-08-17",2147,"18240",,"2","9","0","1",,"2","110","-","Y","ED",3,50,"-","R",4.06,"H","-","W","Y",2,"A","-",23152,"A","N","A","H","-","D","D","1","Y","A","01",1,0,1,0,0,0,0,0,0,"-","-","UNINCORPORATED","EL DORADO","CA",-121.01637,38.65517
"5303951",-120.039477783,38.8227239999,2011,"0900","2","4","4","01",0,1,"A",,,,,,2100,9,"E","I","A","RT 50","JOHNSON PASS RD",1056,"E","N","2013-04-08",9246,"2011-09-01",2057,"19919",,"2","9","0","1",,"1","021","-","Y","ED",3,50,"-","-",65.82,"H","-","W","Y",1,"A","-",23152,"A","N","A","H","-","D","D","0","Y","A","07",0,0,1,0,0,0,0,0,0,"-","-","UNINCORPORATED","EL DORADO","CA",-120.01436,38.8904