"CASEID","POINT_X","POINT_Y","YEAR_","LOCATION","CHPTYPE","DAYWEEK","CRASHSEV","VIOLCAT","KILLED","INJURED","WEATHER1","PEDCOL","BICCOL","MCCOL","TRUCKCOL","ETOH","TIMECAT","MONTH_","CRASHTYP","INVOLVE","PED","PRIMARYRD","SECONDRD","DISTANCE","DIRECT","INTERSECT_","PROCDATE","JURIS","DATE_","TIME_","BADGE","JURIDIST","SHIFT","POP","SPECIAL","BEATTYPE","LAPDDIV","BEATCLAS","BEATNUMB","WEATHER2","STATEHW","CALTRANC","CALTRAND","STROUTE","ROUTESUF","POSTPRE","POSTMILE","LOCATYPE","RAMP","SIDEHW","TOWAWAY","PARTIES","PCF","VIOLCODE","VIOL","VIOLSUB","HITRUN","ROADSURF","RDCOND1","RDCOND2","LIGHTING","RIGHTWAY","CHPRDTYP","NOTPRIV","STFAULT","CHPFAULT","SEVINJ","OTHERINJ","COP","PEDKILL","PEDINJ","BICKILL","BICINJ","MCKILL","MCINJURE","RAMP1","RAMP2","CITY","COUNTY","STATE","X_CHP","Y_CHP"
"5392916",-120.938551976,38.6661704306,2011,"0900","4","3","4","03",0,1,"A",,,,,,1500,11,"C","C","A","PONDEROSA RD","DEELANE RD",60,"S","N","2013-01-19",9245,"2011-11-16",1445,"011511",,"2","9","0","2",,"1","013","-","N",,0,0,,,0,,,,"Y",3,"A","-",22350,,"N","A","H","-","A","D","0","Y","A","07",0,0,1,0,0,0,0,0,0,"-","-","UNINCORPORATED","EL DORADO","CA",-120.93856,38.66621
"5393526",-120.814678218,38.7732675985,2011,"0900","3","5","4","05",0,1,"C",,,"Y",,,1500,11,"A","C","A","RT 193","ROCK CREEK RD",1584,"N","N","2013-04-29",9245,"2011-11-11",1345,"17728",,"1","9","0","1",,"1","122","-","Y","ED",3,193,"-","-",23.65,"H","-","W","Y",2,"A","-",21460,"A","N","B","H","-","A","D","0","Y","C","02",0,0,1,0,0,0,0,0,0,"-","-","UNINCORPORATED","EL DORADO","CA",-120.81887,38.77273
"5393582",-120.680155687,38.7349921024,2011,"0900","2","6","4","05",0,1,"C",,,,,,2400,11,"E","I","A","RT 50","CARSON RD",8448,"E","N","2013-04-29",9245,"2011-11-19",2220,"18114",,"3","9","0","1",,"2","140","-","Y","ED",3,50,"-","R",27.54,"H","-","W","Y",1,"A","-",21650,,"N","B","H","-","D","D","1","Y","A","01",0,0,1,0,0,0,0,0,0,"-","-","UNINCORPORATED","EL DORADO","CA",-120.6392,38.74407
"5393590",-120.310062243,38.7707102685,2011,"0900","2","7","2","08",0,4,"A",,,,,,1800,11,"E","I","A","RT 50","KYBURZ RD",4224,"W","N","2013-04-29",9245,"2011-11-20",1535,"16056",,"2","9","0","1",,"1","160","-","Y","ED",3,50,"-","-",48.07,"H","-","W","Y",1,"A","-",22107,,"N","B","H","-","A","D","0","Y","A","01",1,1,2,0,0,0,0,0,0,"-","-","UNINCORPORATED","EL DORADO","CA",-120.29288,38.77382
"5395492",-120.903366282,38.6906594189,2011,"0900","2","5","4","18",0,1,"A",,,,,,1800,11,"E","J","A","RT 50","REDHAWK PARKWAY",30,"E","N","2013-04-16",9245,"2011-11-04",1720,"018114",,"2","9","0","1",,"2","120","-","Y","ED",3,50,"-","R",11.25,"H","-","E","N",3,"C","-",0,,"N","A","H","-","A","D","1","Y","-","-",0,0,1,0,0,0,0,0,0,"-","-","UNINCORPORATED","EL DORADO","CA",-120.90539,38.68944
"5395496",-121.029159524,38.6554502307,2011,"0900","2","5","4","07",0,2,"A",,,,,,1800,11,"E","I","A","RT 50","BASS LAKE RD",39,"E","N","2013-04-23",9245,"2011-11-04",1701,"015607",,"2","9","0","1",,"2","110","-","Y","ED",3,50,"-","R",3.26,"H","-","W","Y",3,"A","-",21658,"A","N","A","H","-","A","D","1","Y","A","01",0,0,2,0,0,0,0,0,0,"-","-","UNINCORPORATED","EL DORADO","CA",-121.02963,38.65551
"5396011",0,0,2011,"0900","5","1","4","18",0,1,"A",,,,,,2100,11,"E","I","A","SERRANO PKWY","ORSAY WAY",560,"W","N","2013-04-29",9260,"2011-11-07",1820,"18316",,"2","9","0","3",,"2","002","-","N",,0,0,,,0,,,,"Y",1,"C","-",0,,"N","A","H","-","C","D","0","Y","-","-",0,0,1,0,0,0,0,0,0,"-","-","UNINCORPORATED","EL DORADO","CA",-121.03625,36.68253
"5396015",0,0,2011,"0900","4","1","3","08",0,1,"A",,,,,,600,11,"E","I","A","SALMON FALLS RD","LAKESHILLS DR",3185,"N","N","2013-01-18",9260,"2011-11-14",315,"18352",,"3","9","0","2",,"2","202","-","N",,0,0,,,0,,,,"Y",1,"A","-",22107,,"N","A","H","-","D","D","0","Y","A","01",0,1,0,0,0,0,0,0,0,"-","-","UNINCORPORATED","EL DORADO","CA",-121.04198,38.43109
"5396023",-121.105080669,38.7057630148,2011,"0900","5","1","3","01",0,1,"A",,,,,"Y",2100,11,"F","A","A","LAKERIDGE OAKS DR","MAUL OAK CT",400,"N","N","2013-01-18",9260,"2011-11-07",1825,"13778",,"2","9","0","3",,"2","002","-","N",,0,0,,,0,,,,,1,"A","-",23152,"A","N","A","H","-","C","D","0","Y","A","01",0,1,0,0,0,0,0,0,0,"-","-","UNINCORPORATED","EL DORADO","CA",0,0
"5397034",-120.940129038,38.6621038872,2011,"0900","2","4","4","03",0,1,"C",,,,,,1500,11,"E","I","A","RT 50","PONDEROSA RD",150,"W","N","2013-04-18",9245,"2011-11-24",1458,"16059",,"2","9","0","1",,"2","110","-","Y","ED",3,50,"-","R",8.53,"H","-","W","Y",1,"A","-",22350,,"N","B","H","-","A","D","1","Y","D","22",0,0,1,0,0,0,0,0,0,"-","-","UNINCORPORATED","EL DORADO","CA",-120.93858,38.66236
"5397298",0,0,2011,"0900","5","4","3","18",0,1,"A",,,,,,1800,11,"H","A","A","PEARL PL","COURTSIDE DR",100,"E","N","2013-01-19",9245,"2011-11-10",1550,"013028",,"2","9","0","3",,"2","004","-","N",,0,0,,,0,,,,"N",1,"C","-",0,,"N","A","H","-","A","D","0","Y","-","-",0,1,0,0,0,0,0,0,0,"-","-","UNINCORPORATED","EL DORADO","CA",0,0
"5397302",-120.665095422,38.6841940374,2011,"0900","4","4","3","03",0,1,"A",,,"Y",,,1800,11,"B","C","A","PLEASANT VALLEY RD","ALAMEDA RD",86,"W","N","2013-01-19",9245,"2011-11-10",1501,"015607",,"2","9","0","2",,"1","041","-","N",,0,0,,,0,,,,"Y",2,"A","-",22350,,"N","A","H","-","A","D","0","Y","C","02",0,1,0,0,0,0,0,0,1,"-","-","UNINCORPORATED","EL DORADO","CA",0,0
"5397310",0,0,2011,"0900","4","2","3","03",0,1,"A",,,,,,900,11,"F","A","A","GREEN VALLEY RD","RUE DE LAC DR",528,"W","N","2013-01-19",9245,"2011-11-08",740,"014712",,"1","9","0","2",,"2","011","-","N",,0,0,,,0,,,,"Y",1,"A","-",22350,,"N","A","H","-","B","D","0","Y","A","01",0,1,0,0,0,0,0,0,0,"-","-","UNINCORPORATED","EL DORADO","CA",0,0
"5397314",-120.87625,38.8419,2011,"0900","4","2","4","09",0,1,"A",,,,,,1800,11,"D","C","A","MARSHALL RD","MOUNT MURPHY RD",0,,"Y","2013-01-19",9245,"2011-11-08",1700,"16056",,"2","9","0","2",,"1","021","-","N",,0,0,,,0,,,,"Y",2,"A","-",21802,"A","N","A","H","-","B","A","0","Y","A","01",0,0,1,0,0,0,0,0,0,"-","-","UNINCORPORATED","EL DORADO","CA",0,0
"5397554",-121.084749738,38.6483738274,2011,"0900","2","3","3","08",0,3,"A",,,,,,1500,10,"E","I","A","RT 50","EL DORADO RD",3696,"W","N","2013-04-25",9245,"2011-10-19",1355,"015609",,"1","9","0","1",,"2","120","-","Y","ED",3,50,"-","-",0.16,"H","-","W","Y",1,"A","-",22107,,"N","A","H","-","A","D","0","Y","A","01",0,2,1,0,0,0,0,0,0,"-","-","UNINCORPORATED","EL DORADO","CA",-120.87545,38.69868
"5402535",-120.683777561,38.6475055265,2011,"0900","5","4","4","03",0,2,"C",,,,,,1500,11,"E","I","A","GRIZZLY FLAT RD","MOODY RD",1200,"S","N","2013-01-22",9245,"2011-11-24",1230,"018240",,"1","9","0","3",,"2","004","-","N",,0,0,,,0,,,,"Y",1,"A","-",22350,,"N","B","H","-","A","D","0","Y","A","07",0,0,2,0,0,0,0,0,0,"-","-","UNINCORPORATED","EL DORADO","CA",-120.67027,38.64499
"5402536",0,0,2011,"0900","4","4","4","03",0,1,"C",,,,,,1500,11,"C","C","A","MOUNT AUKUM RD","D AGOSTINI DR",0,,"Y","2013-01-22",9245,"2011-11-24",1325,"018240",,"1","9","0","2",,"1","042","-","N",,0,0,,,0,,,,"Y",2,"A","-",22350,,"N","B","H","-","A","D","0","Y","A","01",0,0,1,0,0,0,0,0,0,"-","-","UNINCORPORATED","EL DORADO","CA",-120.73219,38.55214
"5402537",-120.964470065,38.6530189536,2011,"0900","5","4","4","-",0,1,"B",,,,,,1500,11,"F","A","A","DUROCK RD","BUSINESS DR",3168,"W","N","2013-01-22",9245,"2011-11-24",1220,"013279",,"1","9","0","3",,"2","003","C","N",,0,0,,,0,,,,"Y",1,"A","-",0,,"N","B","H","-","A","A","0","Y","A","01",0,0,1,0,0,0,0,0,0,"-","-","UNINCORPORATED","EL DORADO","CA",0,0
"5402538",-120.99281057,38.5692281955,2011,"0900","4","3","2","05",0,1,"B",,,,,,1200,11,"E","J","A","LATROBE RD","LATROBE TRIANGLE RD",3696,"N","N","2013-01-22",9245,"2011-11-23",1040,"015262",,"1","9","0","2",,"2","031","-","N",,0,0,,,0,,,,"Y",1,"A","-",21650,,"N","A","H","-","A","A","0","Y","A","07",1,0,0,0,0,0,0,0,0,"-","-","UNINCORPORATED","EL DORADO","CA",-120.99408,38.57081
"5402773",0,0,2011,"0900","4","6","1","01",1,0,"A",,,"Y",,"Y",1500,10,"A","C","A","SLY PARK RD","ONYX TRL",10,"S","N","2013-04-04",9245,"2011-10-01",1428,"016465",,"2","9","0","2",,"1","043","-","N",,0,0,,,0,,,,"Y",2,"A","-",23152,"A","N","A","H","-","A","D","0","Y","C","02",0,0,0,0,0,0,0,1,0,"-","-","UNINCORPORATED","EL DORADO","CA",-120.55791,38.75128
"5402842",-121.102937358,38.703580034,2011,"0900","5","7","1","11",1,0,"A","Y",,,,,1200,10,"G","B","D","GREEN VALLEY RD","LAKERIDGE OAKS DR",455,"W","N","2013-04-05",9260,"2011-10-16",955,"016429",,"1","9","0","3",,"2","203","-","N",,0,0,,,0,,,,"N",2,"A","-",21954,"A","N","A","H","-","A","D","0","Y","N","60",0,0,0,1,0,0,0,0,0,"-","-","UNINCORPORATED","EL DORADO","CA",0,0
"5402872",0,0,2011,"0900","5","7","1","08",1,0,"A",,,"Y",,,1200,6,"E","I","A","WENTWORTH SPRINGS RD","STUMPY MEADOWS SPILL WY",50,"W","N","2012-01-17",9245,"2011-06-26",1145,"013405",,"1","9","0","3",,"2","002","-","N",,0,0,,,0,,,,"Y",1,"A","-",22107,,"N","A","H","-","A","D","0","Y","C","02",0,0,0,0,0,0,0,1,0,"-","-","UNINCORPORATED","EL DORADO","CA",-120.60332,38.90502
"5402938",-119.95615,38.94654,2011,"0902","0","7","1","11",1,0,"A","Y",,,,"Y",2100,9,"G","B","B","SKI RUN BLVD","FOREST AV",0,,"Y","2012-01-17",902,"2011-09-04",1949,"191","0902","5","3","0","0",,"0","EAST","-","N",,0,0,,,0,,,,"N",2,"A","-",21950,"B","N","A","H","-","C","A","0","Y","N","60",0,0,0,1,0,0,0,0,0,"-","-","SOUTH LAKE TAHOE","EL DORADO","CA",0,0
"5403460",-119.959839295,38.9173788861,2011,"0902","0","1","1","03",1,4,"A",,,,,,1200,1,"D","C","A","PIONEER TR","AL TAHOE BL",1159,"W","N","2012-04-04",902,"2011-01-31",1036,"191","0902","5","3","0","0",,"0","WEST","-","N",,0,0,,,0,,,,"Y",2,"A","-",22350,,"N","C","H","-","A","D","0","Y","A","07",0,2,2,0,0,0,0,0,0,"-","-","SOUTH LAKE TAHOE","EL DORADO","CA",0,0
"5403920",-120.566981982,38.755276133,2011,"0900","5","5","3","05",0,1,"A",,,,,"Y",2100,11,"E","I","A","TOPAZ DR","GOLD RIDGE TRL",470,"W","N","2013-01-22",9245,"2011-11-25",2030,"018466",,"2","9","0","3",,"2","004","-","N",,0,0,,,0,,,,"Y",1,"A","-",21650,,"N","B","H","-","D","D","0","Y","D","22",0,1,0,0,0,0,0,0,0,"-","-","UNINCORPORATED","EL DORADO","CA",-120.56689,38.75518
"5405294",-121.009909135,38.6986236755,2011,"0900","5","5","3","08",0,1,"E",,"Y",,,,1800,11,"H","G","A","GREEN VALLEY RD","BASS LAKE RD",600,"W","N","2013-01-19",9260,"2011-11-25",1727,"16429",,"2","9","0","3",,"2","203","-","N",,0,0,,,0,,,,"N",2,"A","-",22107,,"N","A","H","-","D","D","0","Y","D","22",0,1,0,0,0,0,1,0,0,"-","-","UNINCORPORATED","EL DORADO","CA",0,0
"5414912",0,0,2011,"0900","5","5","3","01",0,1,"C",,,,,"Y",2100,11,"F","A","A","GRIZZLY FLAT RD","STRING CANYON RD",1584,"E","N","2013-04-19",9245,"2011-11-18",2000,"18466",,"2","9","0","3",,"2","004","-","N",,0,0,,,0,,,,"Y",1,"A","-",23152,"A","N","B","H","-","D","D","0","Y","A","07",0,1,0,0,0,0,0,0,0,"-","-","UNINCORPORATED","EL DORADO","CA",-120.56082,38.63379
"5415317",-120.812580334,38.729927642,2011,"0901","0","3","3","03",0,2,"A",,,,,,1800,10,"C","C","A","RT 50","CANAL ST",2112,"W","N","2013-05-13",901,"2011-10-26",1500,"248","0901","5","2","0","0",,"0","PP1","-","Y","ED",3,50,"-","-",17.12,"H","-","W","Y",3,"A","-",22350,,"N","A","H","-","A","A","0","Y","-","-",0,2,0,0,0,0,0,0,0,"-","-","PLACERVILLE","EL DORADO","CA",0,0
"5415681",-120.352962306,38.764992815,2011,"0900","2","1","4","03",0,1,"A",,,,,,600,11,"F","A","A","RT 50","29 MILE TRACT",528,"E","N","2013-05-07",9245,"2011-11-28",545,"15262",,"3","9","0","1",,"1","160","-","Y","ED",3,50,"-","-",45.52,"H","-","W","Y",1,"A","-",22350,,"N","B","H","-","D","A","0","Y","A","01",0,0,1,0,0,0,0,0,0,"-","-","UNINCORPORATED","EL DORADO","CA",-120.35335,38.76547
"5419341",-120.81355631,38.7325357118,2011,"0901","0","2","4","03",0,1,"A",,,,,,1800,11,"C","C","A","CANAL ST","FAIRVIEW DR",190,"S","N","2013-02-12",901,"2011-11-08",1550,"203",,"5","2","0","0",,"0","PP1","-","N",,0,0,,,0,,,,"N",2,"A","-",22350,,"N","A","H","-","A","A","0","Y","A",,0,0,1,0,0,0,0,0,0,"-","-","PLACERVILLE","EL DORADO","CA",0,0
"5422295",-120.942506084,38.6924492085,2011,"0900","4","1","4","03",0,1,"B",,,,,,300,12,"E","I","A","PONDEROSA RD","TOIYABE LN",815,"N","N","2013-01-25",9245,"2011-12-12",50,"12833",,"3","9","0","2",,"1","013","-","N",,0,0,,,0,,,,"Y",1,"A","-",22350,,"N","A","G","-","D","D","0","Y","D","22",0,0,1,0,0,0,0,0,0,"-","-","UNINCORPORATED","EL DORADO","CA",-120.94283,38.6925
"5424969",-121.065933058,38.6546451616,2011,"0900","2","3","3","05",0,1,"A",,"Y",,,,1800,11,"H","G","A","RT 50","EL DORADO HILLS BL",10,"E","N","2013-05-10",9260,"2011-11-16",1530,"013560",,"2","9","0","1",,"2","503","-","Y","ED",3,50,"-","-",1.048,"R","1","W","N",2,"A","-",21650,,"N","A","H","-","A","A","1","Y","L","04",0,1,0,0,0,0,1,0,0,"TO","-","UNINCORPORATED","EL DORADO","CA",-121.07076,38.65351
"5428088",-120.80993763,38.7321572384,2011,"0901","0","2","4","03",0,1,"A",,,,,,1800,12,"D","C","A","BEE ST","CANAL ST",360,"E","N","2013-01-29",901,"2011-12-06",1545,"248",,"5","2","0","0",,"0","PP1","-","N",,0,0,,,0,,,,"N",2,"A","-",22350,,"N","A","H","-","A","D","0","Y","-","-",0,0,1,0,0,0,0,0,0,"-","-","PLACERVILLE","EL DORADO","CA",0,0
"5428472",-120.695901485,38.7593294844,2011,"0900","5","2","2","03",0,1,"A",,,"Y",,,1800,11,"E","I","A","SKY RANCH LN","CANYON RD",80,"N","N","2013-01-18",9245,"2011-11-22",1606,"015459",,"2","9","0","3",,"2","002","-","N",,0,0,,,0,,,,"Y",1,"A","-",22350,,"N","A","H","-","A","D","0","Y","C","02",1,0,0,0,0,0,0,0,1,"-","-","UNINCORPORATED","EL DORADO","CA",-120.69575,38.75922
"5429282",-120.731970274,38.7217135615,2011,"0900","4","3","3","08",0,2,"A",,,,,,1500,11,"E","I","A","NEWTOWN RD","FORT JIM RD",7920,"E","N","2013-01-24",9245,"2011-11-30",1440,"18240",,"2","9","0","2",,"1","045","-","N",,0,0,,,0,,,,"Y",1,"A","-",22107,,"N","A","H","-","A","D","0","Y","A","07",0,1,1,0,0,0,0,0,0,"-","-","UNINCORPORATED","EL DORADO","CA",-120.70839,38.70198
"5429290",-120.691934695,38.53190262,2011,"0900","5","4","3","05",0,2,"B",,,,,,1200,11,"A","C","A","BRIDGEPORT SCHOOL RD","MCKENNA WY",1584,"S","N","2013-01-24",9245,"2011-11-24",1040,"12382",,"1","9","0","3",,"2","004","C","N",,0,0,,,0,,,,"Y",2,"A","-",21650,,"N","B","H","-","A","A","0","Y","A","01",0,1,1,0,0,0,0,0,0,"-","-","UNINCORPORATED","EL DORADO","CA",-120.69374,38.53412
"5429294",-120.915319068,38.6818885664,2011,"0900","5","5","3","01",0,1,"B",,,,,"Y",2100,11,"E","I","A","SHINGLE SPRINGS DR","RT 50",528,"N","N","2013-01-24",9245,"2011-11-18",2025,"17935",,"2","9","0","3",,"2","001","-","N",,0,0,,,0,,,,"Y",1,"A","-",23152,"A","N","B","H","-","D","D","0","Y","A","07",0,1,0,0,0,0,0,0,0,"-","-","UNINCORPORATED","EL DORADO","CA",0,0
"5429327",-120.936736545,38.6627230367,2011,"0900","2","5","4","03",0,1,"C",,,,,,2100,11,"D","C","A","RT 50","PONDEROSA RD",528,"W","N","2013-04-22",9245,"2011-11-18",1830,"017935",,"2","9","0","1",,"2","120","-","Y","ED",3,50,"-","R",8.54,"H","-","E","Y",2,"A","-",22350,,"N","B","H","-","D","D","1","Y","A","01",0,0,1,0,0,0,0,0,0,"-","-","UNINCORPORATED","EL DORADO","CA",0,0
"5429331",-121.020493077,38.8705951837,2011,"0900","3","5","4","05",0,1,"B",,,,,,900,11,"E","I","A","RT 49","RT 193",6864,"S","N","2013-04-22",9245,"2011-11-18",710,"016059",,"1","9","0","1",,"1","115","-","Y","ED",3,49,"-","-",33.17,"H","-","N","Y",1,"A","-",21650,,"N","A","H","-","A","D","0","Y","A","07",0,0,1,0,0,0,0,0,0,"-","-","UNINCORPORATED","EL DORADO","CA",-121.01506,38.90226
"5429625",-121.004193048,38.6558251666,2011,"0900","2","3","4","08",0,1,"A",,,,,,1200,12,"F","A","A","RT 50","CAMBRIDGE RD",576,"W","N","2013-04-23",9245,"2011-12-07",1050,"11511",,"1","9","0","1",,"2","110","-","Y","ED",3,50,"-","-",4.733,"R","2","E","Y",1,"A","-",22107,,"N","A","A","-","A","D","1","Y","A","01",0,0,1,0,0,0,0,0,0,"-","-","UNINCORPORATED","EL DORADO","CA",-121.00008,38.65576
"5429629",-121.004193048,38.6558251666,2011,"0900","5","2","3","09",0,1,"A",,,,,,2100,12,"A","C","A","CAMBRIDGE RD","RT 50",29,"N","N","2013-04-29",9245,"2011-12-06",1930,"16465",,"2","9","0","3",,"2","003","-","Y","ED",3,50,"-","-",4.733,"R","4","E","Y",2,"A","-",21801,"A","N","A","H","-","D","D","1","Y","A","01",0,1,0,0,0,0,0,0,0,"-","TO","UNINCORPORATED","EL DORADO","CA",-120.99831,38.65546
"5431146",-120.81931732,38.7440688839,2011,"0900","3","6","2","01",0,1,"A",,,,,"Y",2400,12,"E","I","A","RT 49","SCHELLER WY",90,"N","N","2013-04-23",9245,"2011-12-03",2340,"17089",,"3","9","0","1",,"1","115","-","Y","ED",3,49,"-","-",16.26,"H","-","N","Y",1,"A","-",23152,"A","N","A","H","-","D","D","0","Y","A","01",1,0,0,0,0,0,0,0,0,"-","-","UNINCORPORATED","EL DORADO","CA",-120.81775,38.74261
"5432210",-120.417099548,38.7748348589,2011,"0900","2","6","3","01",0,1,"A",,,,,"Y",600,12,"E","I","A","RT 50","ICE HOUSE RD",2,"E","N","2013-04-18",9245,"2011-12-10",420,"016059",,"3","9","0","1",,"1","160","-","Y","ED",3,50,"-","-",41.58,"H","-","E","Y",1,"A","-",23152,"A","N","A","H","-","A","D","0","Y","A","01",0,1,0,0,0,0,0,0,0,"-","-","UNINCORPORATED","EL DORADO","CA",-120.41701,38.77492
"5434406",-121.07072,38.65304,2011,"0900","4","2","4","12",0,2,"A",,,,,,1200,11,"D","C","A","LATROBE RD","RT 50",0,,"Y","2013-01-31",9260,"2011-11-22",1000,"12781",,"1","9","0","2",,"2","201","-","N",,0,0,,,0,,,,"Y",3,"A","-",21453,"A","N","A","H","-","A","A","0","Y","A","01",0,0,2,0,0,0,0,0,0,"-","-","UNINCORPORATED","EL DORADO","CA",0,0
"5434410",-121.06526043,38.654869372,2011,"0900","2","3","4","03",0,1,"E",,,,,,900,11,"C","C","A","RT 50","EDH BL / LATROBE RD",1056,"E","N","2013-05-10",9260,"2011-11-30",758,"12718",,"1","9","0","1",,"2","503","-","Y","ED",3,50,"-","-",1.09,"H","-","W","Y",3,"A","-",22350,,"N","B","H","-","A","D","1","Y","A","01",0,0,1,0,0,0,0,0,0,"-","-","UNINCORPORATED","EL DORADO","CA",0,0
"5434584",-120.911575949,38.9461924782,2011,"0900","5","5","3","05",0,2,"A",,,,,,1200,12,"A","C","A","SLIGER MINE RD","SHELTER COVE DR",581,"N","N","2013-01-28",9245,"2011-12-02",927,"015607",,"1","9","0","3",,"2","002","-","N",,0,0,,,0,,,,"Y",2,"A","-",21650,,"N","A","H","-","A","D","0","Y","D","22",0,2,0,0,0,0,0,0,0,"-","-","UNINCORPORATED","EL DORADO","CA",-120.91159,38.94634
"5435121",-120.721094461,38.7969827096,2011,"0900","5","3","3","05",0,1,"B",,,,,,2400,12,"E","I","A","STOPE DR","E HIGH GRADE ST",92,"W","N","2013-01-29",9245,"2011-12-14",2130,"015607",,"2","9","0","3",,"2","002","-","N",,0,0,,,0,,,,"Y",1,"A","-",21650,,"N","B","H","-","D","D","0","Y","A","01",0,1,0,0,0,0,0,0,0,"-","-","UNINCORPORATED","EL DORADO","CA",-120.7122,38.7973
"5435133",-120.830622163,38.7139966272,2011,"0900","5","2","3","05",0,1,"A",,,,,,1800,12,"E","I","A","KIEBER WY","FORNI RD",200,"S","N","2013-01-29",9245,"2011-12-06",1630,"013028",,"2","9","0","3",,"2","003","-","N",,0,0,,,0,,,,"N",1,"A","-",21650,,"N","A","H","-","A","D","0","Y","A","01",0,1,0,0,0,0,0,0,0,"-","-","UNINCORPORATED","EL DORADO","CA",-120.8304,38.7142
"5435141",-120.75514749,38.6889339525,2011,"0900","4","1","2","05",0,2,"A",,,,,,2400,12,"E","I","A","CEDAR RAVINE RD","QUARRY RD",1056,"S","N","2013-01-29",9245,"2011-12-19",2105,"018114",,"2","9","0","2",,"1","041","-","N",,0,0,,,0,,,,"Y",1,"A","-",21650,,"N","A","H","-","D","D","0","Y","A","01",1,0,1,0,0,0,0,0,0,"-","-","UNINCORPORATED","EL DORADO","CA",-120.75524,38.68891
"5435165",-120.928614758,38.6890236909,2011,"0900","4","7","4","08",0,1,"A",,,,,,1500,12,"E","I","A","NORTH SHINGLE RD","BLACK OAK DR",278,"S","N","2013-01-29",9245,"2011-12-04",1425,"015609",,"2","9","0","2",,"1","013","-","N",,0,0,,,0,,,,"Y",1,"A","-",22107,,"N","A","H","-","A","D","0","Y","A","01",0,0,1,0,0,0,0,0,0,"-","-","UNINCORPORATED","EL DORADO","CA",-121.96963,38.68936
"5435206",-120.995012762,38.5730818193,2011,"0900","4","1","4","08",0,1,"A",,,,,,900,12,"F","A","A","LATROBE RD","LATROBE TRIANGLE RD",5280,"N","N","2013-01-31",9245,"2011-12-12",800,"14712",,"1","9","0","2",,"2","031","-","N",,0,0,,,0,,,,"Y",1,"A","-",22107,,"N","A","H","-","A","D","0","Y","A","01",0,0,1,0,0,0,0,0,0,"-","-","UNINCORPORATED","EL DORADO","CA",-120.99428,38.57104
"5435214",-120.834704027,38.7205789202,2011,"0900","2","5","3","01",0,1,"A",,,,,"Y",2100,12,"F","A","A","RT 50","FORNI RD",300,"W","N","2013-05-02",9245,"2011-12-16",1835,"18466",,"2","9","0","1",,"2","120","-","Y","ED",3,50,"-","-",15.77,"H","-","W","Y",1,"A","-",23152,"A","N","A","H","-","D","D","1","Y","A","01",0,1,0,0,0,0,0,0,0,"-","-","UNINCORPORATED","EL DORADO","CA",-120.83459,38.72096
"5435889",-121.001817759,38.6943844465,2011,"0900","5","4","2","18",0,1,"A",,,,,,2100,9,"E","I","A","CAMBRIDGE RD","CIMMARRON RD",144,"S","N","2012-12-18",9245,"2011-09-15",2034,"17737",,"2","9","0","3",,"2","001","-","N",,0,0,,,0,,,,"Y",1,"C","-",0,,"N","A","H","-","C","D","0","Y","-","-",1,0,0,0,0,0,0,0,0,"-","-","UNINCORPORATED","EL DORADO","CA",-121.0092,38.6945
"5436225",-120.70805909,38.6931429524,2011,"0900","4","3","3","03",0,1,"A",,,"Y",,,900,11,"H","H","A","PLEASANT VALLEY RD","SAVAGE RD",100,"E","N","2013-01-19",9245,"2011-11-16",620,"12382",,"1","9","0","2",,"1","041","-","N",,0,0,,,0,,,,"N",1,"A","-",22350,,"N","A","H","-","A","A","0","Y","C","02",0,1,0,0,0,0,0,0,1,"-","-","UNINCORPORATED","EL DORADO","CA",-120.70809,38.69328
"5436229",-120.987692408,38.6583333319,2011,"0900","5","4","4","01",0,1,"B",,,,,"Y",2400,11,"A","C","A","COUNTRY CLUB DR","RUSTIC RD",600,"W","N","2013-01-19",9245,"2011-11-24",2230,"18466",,"3","9","0","3",,"2","001","-","N",,0,0,,,0,,,,"Y",2,"A","-",23152,"A","N","B","H","-","D","D","0","Y","A","01",0,0,1,0,0,0,0,0,0,"-","-","UNINCORPORATED","EL DORADO","CA",-120.98768,38.65842
"5436238",-120.354892958,38.7665052253,2011,"0900","2","5","4","03",0,1,"B","Y",,,,,1500,11,"G","B","E","RT 50","ALDER CREEK RD",10032,"E","N","2013-04-16",9245,"2011-11-18",1220,"12382",,"1","9","0","1",,"2","150","-","Y","ED",3,50,"-","-",45.37,"H","-","E","N",2,"A","-",22350,,"N","B","H","-","A","A","0","Y","A","01",0,0,1,0,1,0,0,0,0,"-","-","UNINCORPORATED","EL DORADO","CA",-120.35544,38.76672
"5436398",-120.398175792,38.7736575488,2011,"0900","2","4","4","01",0,1,"A",,,,,"Y",1800,12,"A","C","A","RT 50","RANDALL TRACT BRG",133,"W","N","2013-05-08",9245,"2011-12-08",1613,"018240",,"2","9","0","1",,"1","160","-","Y","ED",3,50,"-","-",42.67,"H","-","E","Y",2,"A","-",23152,"A","N","A","H","-","A","D","0","Y","A","01",0,0,1,0,0,0,0,0,0,"-","-","UNINCORPORATED","EL DORADO","CA",-120.3919,38.7733