"CASEID","POINT_X","POINT_Y","YEAR_","LOCATION","CHPTYPE","DAYWEEK","CRASHSEV","VIOLCAT","KILLED","INJURED","WEATHER1","PEDCOL","BICCOL","MCCOL","TRUCKCOL","ETOH","TIMECAT","MONTH_","CRASHTYP","INVOLVE","PED","PRIMARYRD","SECONDRD","DISTANCE","DIRECT","INTERSECT_","PROCDATE","JURIS","DATE_","TIME_","BADGE","JURIDIST","SHIFT","POP","SPECIAL","BEATTYPE","LAPDDIV","BEATCLAS","BEATNUMB","WEATHER2","STATEHW","CALTRANC","CALTRAND","STROUTE","ROUTESUF","POSTPRE","POSTMILE","LOCATYPE","RAMP","SIDEHW","TOWAWAY","PARTIES","PCF","VIOLCODE","VIOL","VIOLSUB","HITRUN","ROADSURF","RDCOND1","RDCOND2","LIGHTING","RIGHTWAY","CHPRDTYP","NOTPRIV","STFAULT","CHPFAULT","SEVINJ","OTHERINJ","COP","PEDKILL","PEDINJ","BICKILL","BICINJ","MCKILL","MCINJURE","RAMP1","RAMP2","CITY","COUNTY","STATE","X_CHP","Y_CHP"
"6909139",-120.8077867,38.7281634,2015,"0901","0","2","4","00",0,3,"A",,,,,,1200,4,"D","C","A","RT 50","CANAL ST",59,"N","N","2016-12-20",901,"2015-04-28",901,"289","0901","5","2","0","0",,"0","PP1","-","Y","ED",3,50,"-","-",17.52,"I","5","E","Y",3,"A","-",21453,,"N","A","H","-","A","A","0","Y","-",,0,0,3,0,0,0,0,0,0,"-","-","PLACERVILLE","EL DORADO","CA",0,0
"6908766",-120.9344041,38.7436874,2015,"0900","4","5","3","03",0,2,"B",,,,,,1200,4,"C","C","A","LOTUS RD","OLIVE RIDGE RD",250,"N","N","2015-05-19",9245,"2015-04-24",950,"015609",,"1","9","0","2",,"1","013","-","N",,0,0,,,0,,,,"Y",3,"A","-",22350,,"N","A","H","-","A","D","0","Y","A","01",0,1,1,0,0,0,0,0,0,"-","-","UNINCORPORATED","EL DORADO","CA",-120.93461,38.74333
"6908354",-121.0430214,38.6553582,2015,"0900","2","2","4","03",0,1,"A",,,,"Y",,1200,5,"C","C","A","RT 50","BASS LAKE RD",2112,"W","N","2017-01-04",9245,"2015-05-05",1040,"013929",,"1","9","0","1",,"2","110","-","Y","ED",3,50,"-","R",2.83,"H","-","E","Y",2,"A","-",22350,,"N","A","H","-","A","D","1","Y","A","01",0,0,1,0,0,0,0,0,0,"-","-","UNINCORPORATED","EL DORADO","CA",-121.03761,38.65419
"6908350",-121.0690731,38.6497951,2015,"0900","4","2","4","12",0,2,"A",,,,,,900,5,"C","C","A","LATROBE RD","TOWN CENTER BL",0,,"Y","2015-05-18",9245,"2015-05-05",800,"13929",,"1","9","0","2",,"2","031","-","N",,0,0,,,0,,,,"N",3,"A","-",21453,"A","F","A","H","-","A","A","0","Y","D","22",0,0,2,0,0,0,0,0,0,"-","-","UNINCORPORATED","EL DORADO","CA",-121.06929,38.64979
"6908346",-121.0677517,38.6537734,2015,"0900","2","5","4","03",0,1,"A",,,,,,1200,5,"B","C","A","RT 50","EL DORADO HILLS BL",528,"E","N","2017-01-04",9245,"2015-05-01",1145,"15609",,"1","9","0","1",,"2","110","-","Y","ED",3,50,"-","-",0.99,"H","-","E","Y",2,"A","-",22350,,"N","A","H","-","A","D","1","Y","D","22",0,0,1,0,0,0,0,0,0,"-","-","UNINCORPORATED","EL DORADO","CA",-121.06022,38.65627
"6908342",-120.9690968,38.6577947,2015,"0900","4","4","2","09",0,1,"A",,,"Y",,,1800,4,"A","C","A","CAMERON PARK DR","COACH LN",135,"S","N","2015-10-07",9245,"2015-04-30",1530,"017089",,"2","9","0","2",,"1","032","-","N",,0,0,,,0,,,,"Y",3,"A","-",21804,"A","N","A","H","-","A","A","0","Y","D","22",1,0,0,0,0,0,0,0,1,"-","-","UNINCORPORATED","EL DORADO","CA",-120.96865,38.65798
"6906183",-120.9431971,38.6748646,2015,"0900","4","4","4","03",0,1,"A",,,,,,1800,4,"C","C","A","PONDEROSA RD","JACKPINE RD",175,"S","N","2015-05-14",9245,"2015-04-23",1530,"16363",,"2","9","0","2",,"1","013","-","N",,0,0,,,0,,,,"Y",2,"A","-",22350,,"N","A","H","-","A","D","0","Y","A","01",0,0,1,0,0,0,0,0,0,"-","-","UNINCORPORATED","EL DORADO","CA",-120.94315,38.67475
"6906182",-120.8268534,38.6918975,2015,"0900","3","3","3","03",0,2,"B",,,,,,1500,4,"C","C","A","RT 49","COMMERCE WY",0,,"Y","2016-10-31",9245,"2015-04-22",1430,"15563",,"2","9","0","1",,"1","135","-","Y","ED",3,49,"-","-",11.073,"I","5","N","Y",2,"A","-",22350,,"N","A","H","-","A","D","0","Y","A","01",0,1,1,0,0,0,0,0,0,"-","-","UNINCORPORATED","EL DORADO","CA",-120.82596,38.69215
"6906181",-120.7821298,38.7382493,2015,"0900","4","1","4","05",0,2,"A",,,,,,2400,4,"E","I","A","MOSQUITO RD","WILDLIFE WY",13,"N","N","2015-05-14",9245,"2015-04-20",2300,"13028",,"3","9","0","2",,"1","023","-","N",,0,0,,,0,,,,"N",1,"A","-",21650,,"N","A","H","-","D","D","0","Y","A","07",0,0,2,0,0,0,0,0,0,"-","-","UNINCORPORATED","EL DORADO","CA",-120.7821,38.73826
"6906180",-121.0001001,38.660182,2015,"0900","5","4","3","05",0,1,"A",,"Y",,,,1500,4,"B","C","A","KNOLLWOOD DR","GREENWOOD LN",10,"N","N","2015-05-14",9245,"2015-04-23",1400,"16363",,"2","9","0","3",,"2","001","-","N",,0,0,,,0,,,,"N",2,"A","-",21650,"1","N","A","H","-","A","A","0","Y","L","04",0,1,0,0,0,0,1,0,0,"-","-","UNINCORPORATED","EL DORADO","CA",-121.0002,38.66023
"6904995",-120.8186491,38.6936681,2015,"0900","3","3","4","03",0,2,"B",,,,,,1800,4,"C","C","A","RT 49","CHINA GARDEN RD",0,,"Y","2016-10-31",9245,"2015-04-22",1510,"17737",,"2","9","0","1",,"1","135","-","Y","ED",3,49,"-","-",11.543,"I","5","N","N",3,"A","-",22350,,"N","A","H","-","A","D","0","Y","J","48",0,0,2,0,0,0,0,0,0,"-","-","UNINCORPORATED","EL DORADO","CA",-120.81826,38.69379
"6904312",-120.9769616,38.6661898,2015,"0900","4","3","3","01",0,1,"A",,,,,"Y",1800,4,"B","C","A","CAMERON PARK DR","TORONTO RD",50,"S","N","2015-05-14",9245,"2015-04-15",1610,"15563",,"2","9","0","2",,"1","015","-","N",,0,0,,,0,,,,"Y",2,"A","-",23152,"A","N","A","H","-","A","D","0","Y","A","01",0,1,0,0,0,0,0,0,0,"-","-","UNINCORPORATED","EL DORADO","CA",-120.9769,38.66605
"6903580",-121.0786731,38.710095,2015,"0900","4","7","2","12",0,4,"A",,,"Y",,,1200,4,"D","C","A","GREEN VALLEY RD","SALMON FALLS RD",0,,"Y","2015-05-28",9245,"2015-04-12",932,"013603",,"1","9","0","2",,"2","011","-","N",,0,0,,,0,,,,"Y",3,"A","-",21453,"A","N","A","H","-","A","A","0","Y","A","01",1,0,3,0,0,0,0,0,1,"-","-","UNINCORPORATED","EL DORADO","CA",-121.07855,38.71016
"6903576",-120.974843,38.664365,2015,"0900","4","7","4","09",0,1,"A",,,,,,1800,5,"D","C","A","CAMERON PARK DR","HACIENDA RD",0,,"Y","2015-06-12",9245,"2015-05-10",1525,"13929",,"2","9","0","2",,"1","015","-","N",,0,0,,,0,,,,"Y",2,"A","-",21802,"A","N","A","H","-","A","A","0","Y","D","22",0,0,1,0,0,0,0,0,0,"-","-","UNINCORPORATED","EL DORADO","CA",-120.97503,38.66439
"6902718",0,0,2015,"0900","4","5","2","08",0,1,"A",,,,,,600,4,"H","I","A","SLY PARK RD","TWO POND RD",300,"S","N","2016-06-08",9245,"2015-04-17",430,"018624","9245","3","9","0","2",,"1","043","-","N",,0,0,,,0,,,,"Y",1,"A","-",22107,,"N","A","H","-","A","D","0","Y","A","01",1,0,0,0,0,0,0,0,0,"-","-","UNINCORPORATED","EL DORADO","CA",-120.63424,38.68435
"6902714",0,0,2015,"0900","5","4","2","01",0,2,"A",,,"Y",,"Y",1800,4,"E","I","A","CRYSTAL BL","BARITE ST",318,"S","N","2015-05-06",9245,"2015-04-16",1740,"0181114",,"2","9","0","3",,"2","003","-","N",,0,0,,,0,,,,"N",1,"A","-",23152,"A","N","A","H","-","A","D","0","Y","C","06",1,1,0,0,0,0,0,0,2,"-","-","UNINCORPORATED","EL DORADO","CA",-120.85509,38.57644
"6899354",-120.9567724,38.6553255,2015,"0900","5","3","3","01",0,1,"A",,,,,"Y",1200,4,"E","I","A","DUROCK RD","SHINGLE LIME MINE RD",180,"E","N","2015-05-06",9245,"2015-04-22",1110,"15262",,"1","9","0","3",,"2","003","-","N",,0,0,,,0,,,,"Y",1,"A","-",23152,"A","N","A","H","-","A","A","0","Y","A","07",0,1,0,0,0,0,0,0,0,"-","-","UNINCORPORATED","EL DORADO","CA",-120.9567,38.6552
"6898093",-120.818523,38.6937052,2015,"0900","3","1","4","03",0,1,"A",,,,,,1500,4,"C","C","A","RT 49","CHINA GARDEN RD",50,"N","N","2016-10-31",9245,"2015-04-20",1330,"17604",,"1","9","0","1",,"1","135","-","Y","ED",3,49,"-","-",11.55,"H","-","S","N",2,"A","-",22350,,"N","A","H","-","A","D","0","Y","D","22",0,0,1,0,0,0,0,0,0,"-","-","UNINCORPORATED","EL DORADO","CA",-120.81777,38.69385
"6896496",-121.0573376,38.7508369,2015,"0900","4","7","4","09",0,1,"A",,,"Y",,"Y",1800,4,"D","C","A","SALMON FALLS RD","EASY LN",2376,"N","N","2015-05-15",9245,"2015-04-26",1500,"013929",,"2","9","0","2",,"2","012","-","N",,0,0,,,0,,,,"Y",2,"A","-",21801,"A","N","A","H","-","A","D","0","Y","A","01",0,0,1,0,0,0,0,0,1,"-","-","UNINCORPORATED","EL DORADO","CA",-121.05697,38.75129
"6895783",-120.837925,38.71036,2015,"0900","4","5","3","03",0,1,"A",,,,,,2100,4,"C","C","A","MISSOURI FLAT RD","MOTHER LODE DR",15,"N","N","2015-05-18",9245,"2015-04-10",1905,"015607",,"2","9","0","2",,"1","037","-","N",,0,0,,,0,,,,"Y",2,"A","-",22350,,"N","A","H","-","A","A","0","Y","A","01",0,1,0,0,0,0,0,0,0,"-","-","UNINCORPORATED","EL DORADO","CA",0,0
"6895756",-121.0062977,38.7186598,2015,"0900","5","1","4","08",0,1,"A",,,,,,1500,4,"A","I","A","STARBUCK RD","FERN CT",120,"N","N","2015-05-11",9245,"2015-04-20",1330,"017728",,"1","9","0","3",,"2","001","-","N",,0,0,,,0,,,,"Y",1,"A","-",22107,,"N","A","H","-","A","D","0","Y","A","01",0,0,1,0,0,0,0,0,0,"-","-","UNINCORPORATED","EL DORADO","CA",0,0
"6895721",-120.2214214,38.7825677,2015,"0900","2","2","3","03",0,1,"D",,,,,,1800,4,"E","I","A","RT 50","WRIGHTS LAKE RD",2640,"W","N","2016-11-02",9245,"2015-04-07",1555,"016629",,"2","9","0","1",,"1","170","-","Y","ED",3,50,"-","-",53.3,"H","-","E","Y",1,"A","-",22350,,"N","C","G","-","A","D","0","Y","A","01",0,1,0,0,0,0,0,0,0,"-","-","UNINCORPORATED","EL DORADO","CA",0,0
"6895696",-121.0767368,38.6507724,2015,"0900","4","2","4","03",0,1,"A",,,,,,1800,4,"C","C","A","RT 50","LATROBE RD",30,"W","N","2016-11-02",9245,"2015-04-21",1510,"017728",,"2","9","0","2",,"2","031","-","Y","ED",3,50,"-","-",0.598,"R","1","E","Y",2,"A","-",22350,,"N","A","H","-","A","A","1","Y","A","01",0,0,1,0,0,0,0,0,0,"EF","-","UNINCORPORATED","EL DORADO","CA",0,0
"6893587",-121.0824031,38.702485,2015,"0900","4","3","4","09",0,1,"A",,,,,,900,4,"D","C","A","EL DORADO HILLS BL","FRANCISCO DR",0,,"Y","2015-05-15",9245,"2015-04-22",755,"015262",,"1","9","0","2",,"2","012","-","N",,0,0,,,0,,,,"Y",2,"A","-",21802,"A","N","A","D","-","A","A","0","Y","D","22",0,0,1,0,0,0,0,0,0,"-","-","UNINCORPORATED","EL DORADO","CA",-121.08237,38.70269
"6893517",-120.9744971,38.8276439,2015,"0900","3","7","3","01",0,1,"B",,,,,,2400,4,"E","I","A","RT 49","PEDRO HILL RD",4325,"S","N","2016-10-31",9245,"2015-04-19",2215,"12833",,"3","9","0","1",,"1","115","-","Y","ED",3,49,"-","-",28.44,"H","-","S","Y",1,"A","-",23152,"E","N","A","H","-","D","D","0","Y","A","01",0,1,0,0,0,0,0,0,0,"-","-","UNINCORPORATED","EL DORADO","CA",-120.97341,38.82758
"6893513",-121.0507328,38.6586823,2015,"0900","2","2","3","08",0,1,"B",,,,,,900,4,"E","I","A","RT 50","BASS LAKE RD",2700,"W","N","2016-11-02",9245,"2015-04-21",833,"13603",,"1","9","0","1",,"2","110","-","Y","ED",3,50,"-","R",2.47,"H","-","W","Y",1,"A","-",22107,,"N","A","H","-","A","A","1","Y","A","07",0,1,0,0,0,0,0,0,0,"-","-","UNINCORPORATED","EL DORADO","CA",-121.04374,38.65674
"6891064",-120.9598911,38.6795722,2015,"0900","5","2","3","03",0,1,"B",,,,,,1500,4,"E","I","A","MEDER RD","ROSEBUD DR",150,"E","N","2015-04-28",9245,"2015-04-07",1220,"013463",,"1","9","0","3",,"2","001","C","N",,0,0,,,0,,,,"Y",1,"A","-",22350,,"N","B","H","-","A","D","0","Y","A","01",0,1,0,0,0,0,0,0,0,"-","-","UNINCORPORATED","EL DORADO","CA",-120.95992,38.67963
"6891060",0,0,2015,"0900","4","6","3","00",0,2,"A",,"Y",,,,1200,4,"E","I","A","LOTUS RD","WILLIAMS LN",312,"S","N","2015-04-28",9245,"2015-04-11",1100,"015262",,"1","9","0","2",,"1","013","-","N",,0,0,,,0,,,,"N",2,"D","-",0,,"N","A","H","-","A","A","0","Y","-","-",0,2,0,0,0,0,2,0,0,"-","-","UNINCORPORATED","EL DORADO","CA",-120.93376,38.73465
"6891057",-120.925323,38.768865,2015,"0900","4","2","2","09",0,2,"A",,,,,,2100,3,"D","C","A","GOLD HILL RD","LOTUS RD",0,,"Y","2015-04-27",9245,"2015-03-31",1920,"015563",,"2","9","0","2",,"1","013","-","N",,0,0,,,0,,,,"Y",2,"A","-",21802,"A","N","A","H","-","B","A","0","Y","A","07",1,0,1,0,0,0,0,0,0,"-","-","UNINCORPORATED","EL DORADO","CA",-121.92534,38.76899
"6891052",0,0,2015,"0900","5","1","4","05",0,1,"A",,,,,,900,4,"E","I","A","FAIRPLAY RD","ANSCHUTZ",278,"S","N","2015-04-28",9245,"2015-04-13",630,"013279",,"1","9","0","3",,"2","004","-","N",,0,0,,,0,,,,"Y",1,"A","-",21650,,"N","A","H","-","C","A","0","Y","A","07",0,0,1,0,0,0,0,0,0,"-","-","UNINCORPORATED","EL DORADO","CA",-120.69094,38.60039
"6889612",-121.0690731,38.6497951,2015,"0900","5","4","3","12",0,1,"A",,,,,,1200,4,"D","C","A","LATROBE RD","TOWN CENTER BL",0,,"Y","2015-04-29",9245,"2015-04-16",1000,"015609",,"1","9","0","3",,"2","003","-","N",,0,0,,,0,,,,"Y",2,"A","-",21453,"A","N","A","H","-","A","A","0","Y","A","01",0,1,0,0,0,0,0,0,0,"-","-","UNINCORPORATED","EL DORADO","CA",-121.06871,38.64953
"6889608",-120.6759914,38.7369316,2015,"0900","5","6","3","08",0,1,"A",,,,,,1800,4,"E","I","A","SNOWS RD","ROOSEVELT AV",45,"S","N","2015-04-29",9245,"2015-04-11",1515,"017737",,"2","9","0","3",,"2","002","-","N",,0,0,,,0,,,,"N",1,"A","-",22107,,"N","A","H","-","A","D","0","Y","A","01",0,1,0,0,0,0,0,0,0,"-","-","UNINCORPORATED","EL DORADO","CA",-120.67616,38.73683
"6889604",-120.7580835,38.6512552,2015,"0900","5","4","3","08",0,1,"A",,,,,,1200,4,"E","I","A","METATE TRL","METATE CT",3168,"S","N","2015-04-29",9245,"2015-04-16",1150,"016465",,"1","9","0","3",,"2","004","-","N",,0,0,,,0,,,,"Y",1,"A","-",22107,,"N","A","H","-","A","D","0","Y","A","01",0,1,0,0,0,0,0,0,0,"-","-","UNINCORPORATED","EL DORADO","CA",-120.7567,38.65115
"6889559",0,0,2015,"0900","5","2","3","08",0,1,"A",,,,,,300,4,"E","I","A","SAND RIDGE RD","FRESHWATER TRL",1584,"E","N","2015-06-08",9245,"2015-04-14",55,"014956",,"3","9","0","3",,"2","004","-","N",,0,0,,,0,,,,"Y",1,"A","-",22107,,"N","A","H","-","D","D","0","Y","A","01",0,1,0,0,0,0,0,0,0,"-","-","UNINCORPORATED","EL DORADO","CA",-120.80681,38.59679
"6889555",-120.8727348,38.7489385,2015,"0900","4","6","4","03",0,1,"A",,,"Y",,,2100,4,"F","A","A","COLD SPRINGS RD","SKYVIEW LN",528,"N","N","2016-06-08",9245,"2015-04-11",1925,"017089",,"2","9","0","2",,"1","014","-","N",,0,0,,,0,,,,"N",1,"A","-",22350,,"N","A","H","-","A","D","0","Y","C","02",0,0,1,0,0,0,0,0,1,"-","-","UNINCORPORATED","EL DORADO","CA",-120.87278,38.74902
"6889333",-120.9504473,38.6500918,2015,"0900","5","1","4","08",0,1,"A",,"Y",,,,900,4,"D","G","A","BUSINESS DR","DIVIDEND DR",25,"W","N","2015-04-29",9245,"2015-04-13",715,"013463",,"1","9","0","3",,"2","003","-","N",,0,0,,,0,,,,"N",2,"A","-",22107,,"N","A","H","-","B","D","0","Y","L","04",0,0,1,0,0,0,1,0,0,"-","-","UNINCORPORATED","EL DORADO","CA",-120.95516,38.64809
"6889191",-120.8051729,38.694905,2015,"0900","4","2","4","09",0,4,"A",,,,,,2100,4,"A","C","A","PLEASANT VALLEY RD","CANYON VALLEY RD",0,,"Y","2017-02-04",9245,"2015-04-14",1800,"017728",,"2","9","0","2",,"1","041","-","N",,0,0,,,0,,,,"Y",3,"A","-",21801,"A","N","A","H","-","A","D","0","Y","A","08",0,0,4,0,0,0,0,0,0,"-","-","UNINCORPORATED","EL DORADO","CA",-120.80491,38.69481
"6888567",-120.9499617,38.6578584,2015,"0900","5","4","3","01",0,1,"A",,,,,"Y",300,4,"E","I","A","DUROCK RD","PRODUCT DR",50,"E","N","2015-05-04",9245,"2015-04-02",205,"18466",,"3","9","0","3",,"2","003","-","N",,0,0,,,0,,,,"N",1,"A","-",23152,"A","N","A","H","-","D","D","0","Y","D","22",0,1,0,0,0,0,0,0,0,"-","-","UNINCORPORATED","EL DORADO","CA",-120.94994,38.65813
"6887692",-120.816703,38.7480752,2015,"0900","3","2","3","01",0,1,"B",,,,,"Y",1500,4,"E","I","A","RT 193","RT 49",4785,"N","N","2017-01-10",9245,"2015-04-07",1429,"012833",,"2","9","0","1",,"1","122","-","Y","ED",3,193,"-","-",26.04,"H","-","W","Y",1,"A","-",23152,"A","N","B","H","-","A","D","0","Y","A","07",0,1,0,0,0,0,0,0,0,"-","-","UNINCORPORATED","EL DORADO","CA",-120.81691,38.74954
"6884236",-120.835588,38.7187953,2015,"0900","2","6","2","08",0,1,"A",,,"Y",,,1500,4,"E","I","A","RT 50","PLACERVILLE DR",122,"W","N","2016-11-02",9245,"2015-04-04",1300,"015609",,"1","9","0","1",,"2","120","-","Y","ED",3,50,"-","-",15.71,"H","-","E","Y",1,"A","-",22107,,"N","A","H","-","A","D","1","Y","C","02",1,0,0,0,0,0,0,0,1,"-","-","UNINCORPORATED","EL DORADO","CA",-120.63435,38.72076
"6884235",-121.0486731,38.680305,2015,"0900","5","5","3","09",0,2,"A",,,,,,2100,4,"D","C","A","SERRANO PKWY","GREENVIEW DR",0,,"Y","2015-04-21",9245,"2015-04-03",2025,"016363",,"2","9","0","3",,"2","001","-","N",,0,0,,,0,,,,"Y",2,"A","-",21801,"A","N","A","H","-","C","D","0","Y","A","01",0,2,0,0,0,0,0,0,0,"-","-","UNINCORPORATED","EL DORADO","CA",-121.04857,38.68038
"6883477",-120.9871374,38.6572817,2015,"0900","2","1","2","01",0,1,"A",,,,,"Y",1800,4,"E","I","A","RT 50","CAMBRIDGE RD",3168,"E","N","2016-11-02",9245,"2015-04-06",1600,"015459",,"2","9","0","1",,"2","110","-","Y","ED",3,50,"-","-",5.56,"H","-","W","Y",1,"A","-",23152,"A","N","A","H","-","A","D","1","Y","A","01",1,0,0,0,0,0,0,0,0,"-","-","UNINCORPORATED","EL DORADO","CA",0,0
"6883355",-120.3863605,38.8066003,2015,"0900","5","5","4","03",0,1,"A",,,"Y",,,1500,4,"F","A","A","ICE HOUSE RD","GRANITE SPRINGS RD",6864,"N","N","2015-04-22",9245,"2015-04-03",1300,"12382",,"1","9","0","3",,"2","002","-","N",,0,0,,,0,,,,"Y",1,"A","-",22350,,"N","A","H","-","A","A","0","Y","C","02",0,0,1,0,0,0,0,0,1,"-","-","UNINCORPORATED","EL DORADO","CA",-120.38552,38.80659
"6883351",-120.6832671,38.7356542,2015,"0900","2","7","3","03",0,2,"B",,,,,,1800,4,"D","C","A","RT 50","SNOWS RD",2112,"W","N","2016-11-02",9245,"2015-04-05",1501,"13279",,"2","9","0","1",,"2","140","C","Y","ED",3,50,"-","-",24.85,"H","-","W","Y",2,"A","-",22350,,"N","A","H","-","A","A","1","Y","A","07",0,1,1,0,0,0,0,0,0,"-","-","UNINCORPORATED","EL DORADO","CA",-120.68434,38.73607
"6883288",-120.5999354,38.7554696,2015,"0900","5","5","4","09",0,1,"A",,,,,,1800,4,"E","I","A","PONY EXPRESS TRL","ELKHORN MILL RD",200,"E","N","2015-04-22",9245,"2015-04-03",1600,"18114",,"2","9","0","3",,"2","002","-","N",,0,0,,,0,,,,"N",2,"A","-",21802,"A","M","A","H","-","A","D","0","Y","-","99",0,0,1,0,0,0,0,0,0,"-","-","UNINCORPORATED","EL DORADO","CA",-120.59993,38.75537
"6882382",-120.8466078,38.5616831,2015,"0900","3","6","4","03",0,1,"A",,,"Y",,,1800,4,"C","C","A","RT 49","SAND RIDGE RD",10560,"S","N","2016-12-17",9245,"2015-04-04",1520,"016363",,"2","9","0","1",,"1","135","-","Y","ED",3,49,"-","-",0.8,"H","-","S",,2,"A","-",22350,,"N","A","H","-","A","D","0","Y","C","02",0,0,1,0,0,0,0,0,1,"-","-","UNINCORPORATED","EL DORADO","CA",-120.84691,38.56044
"6881510",-120.8500865,38.7619969,2015,"0900","3","7","3","01",0,1,"A",,,,,"Y",600,3,"E","I","A","RT 49","GOLD RUSH LN",140,"S","N","2016-09-02",9245,"2015-03-29",330,"018466",,"3","9","0","1",,"1","115","-","Y","ED",3,49,"-","-",19.03,"H","-","S","Y",1,"A","-",23152,"A","N","A","H","-","D","D","0","Y","A","07",0,1,0,0,0,0,0,0,0,"-","-","UNINCORPORATED","EL DORADO","CA",-120.84945,38.76166
"6881482",-121.0720197,38.6602242,2015,"0900","4","5","4","03",0,3,"A",,,,,,1800,3,"C","C","A","EL DORADO HILLS BL","SERRANO PKWY",15,"N","N","2015-04-24",9245,"2015-03-27",1735,"017089",,"2","9","0","2",,"2","012","-","N",,0,0,,,0,,,,"N",2,"A","-",22350,,"N","A","H","-","A","A","0","Y","A","01",0,0,3,0,0,0,0,0,0,"-","-","UNINCORPORATED","EL DORADO","CA",-121.07194,38.66018
"6881342",-120.0785829,38.9374953,2015,"0900","3","6","4","08",0,1,"B",,,,,,2400,3,"E","I","A","RT 89","SPRING CREEK RD",1584,"N","N","2016-09-06",9246,"2015-03-28",2104,"019064",,"2","9","0","1",,"1","030","-","Y","ED",3,89,"-","-",13.54,"H","-","N","Y",1,"A","-",22107,,"N","A","H","-","C","D","0","Y","A","01",0,0,1,0,0,0,0,0,0,"-","-","UNINCORPORATED","EL DORADO","CA",-120.0609,38.93377
"6876429",-120.866893,38.6841551,2015,"0900","4","7","4","09",0,2,"A",,,,,,1500,4,"D","C","A","MOTHER LODE DR","VENTURE RD",0,,"Y","2015-05-01",9245,"2015-04-12",1240,"013463",,"1","9","0","2",,"1","039","-","N",,0,0,,,0,,,,"Y",2,"A","-",21801,"A","N","A","H","-","A","D","0","Y","D","22",0,0,2,0,0,0,0,0,0,"-","-","UNINCORPORATED","EL DORADO","CA",-120.86665,38.68454
"6876425",-121.0186959,38.9102959,2015,"0900","3","6","3","05",0,2,"A",,,,,,900,4,"A","C","A","RT 49","JEEP TRL",6864,"N","N","2016-10-31",9245,"2015-04-11",830,"015609",,"1","9","0","1",,"1","115","-","Y","ED",3,49,"-","-",36.36,"H","-","S","Y",2,"A","-",21460,"A","N","A","H","-","A","D","0","Y","D","22",0,2,0,0,0,0,0,0,0,"-","-","UNINCORPORATED","EL DORADO","CA",-121.02445,38.91124
"6876163",-120.8246978,38.7724345,2015,"0900","3","6","3","01",0,1,"B",,,,,"Y",2100,4,"E","I","A","RT 193","MINERS SPRING RD",150,"N","N","2016-10-20",9245,"2015-04-04",2040,"18624","9245","2","9","0","1",,"1","122","-","Y","ED",3,193,"-","R",25.15,"H","-","W","N",1,"A","-",23152,"A","N","A","H","-","D","D","0","Y","D","22",0,1,0,0,0,0,0,0,0,"-","-","UNINCORPORATED","EL DORADO","CA",-120.82163,38.76445
"6870992",-120.6265862,38.6879358,2015,"0900","4","5","2","03",0,1,"A",,,"Y",,"Y",1500,3,"D","C","A","SLY PARK RD","WAGON TRL",40,"S","N","2015-04-27",9245,"2015-03-27",1235,"012382",,"1","9","0","2",,"1","043","-","N",,0,0,,,0,,,,"Y",2,"A","-",22350,,"N","A","H","-","A","A","0","Y","C","02",1,0,0,0,0,0,0,0,1,"-","-","UNINCORPORATED","EL DORADO","CA",-120.62538,38.68765
"6866326",-120.9109631,38.6678351,2015,"0900","4","2","4","03",0,1,"B",,,,,,900,3,"C","C","A","MOTHER LODE DR","RIDGE DR",0,,"Y","2015-04-22",9245,"2015-03-24",735,"13463",,"1","9","0","2",,"1","039","-","N",,0,0,,,0,,,,"Y",3,"A","-",22350,,"N","A","H","-","A","D","0","Y","A","01",0,0,1,0,0,0,0,0,0,"-","-","UNINCORPORATED","EL DORADO","CA",-120.91092,38.66786
"6866322",-120.6565246,38.7542741,2015,"0900","5","7","4","03",0,1,"C",,,,,,1800,4,"E","I","A","CABLE RD","MACE RD",150,"N","N","2015-11-18",9245,"2015-04-05",1615,"17728",,"2","9","0","3",,"2","002","-","N",,0,0,,,0,,,,"Y",1,"A","-",22350,,"N","B","H","-","A","D","0","Y","D","22",0,0,1,0,0,0,0,0,0,"-","-","UNINCORPORATED","EL DORADO","CA",-120.65591,38.75425
"6865899",-120.6813286,38.7350574,2015,"0900","2","4","4","08",0,1,"A",,,,,,300,3,"E","I","A","RT 50","CARSON RD",5280,"W","N","2016-09-06",9245,"2015-03-26",105,"17737",,"3","9","0","1",,"2","140","-","Y","ED",3,50,"-","-",24.95,"H","-","E","N",1,"A","-",22107,,"N","A","H","-","C","D","1","Y","A","07",0,0,1,0,0,0,0,0,0,"-","-","UNINCORPORATED","EL DORADO","CA",-120.64417,38.74451
"6865895",-120.8315313,38.6889664,2015,"0900","4","5","4","09",0,1,"A",,,"Y",,,1200,3,"D","C","A","RT 49","PATTERSON DR",200,"N","N","2016-09-02",9245,"2015-03-27",1125,"16363",,"1","9","0","2",,"1","037","-","Y","ED",3,49,"-","-",10.74,"H","-","N","Y",2,"A","-",21802,"A","N","A","H","-","A","D","0","Y","A","07",0,0,1,0,0,0,0,0,1,"-","-","UNINCORPORATED","EL DORADO","CA",-120.83117,38.68928