"CASEID","POINT_X","POINT_Y","YEAR_","LOCATION","CHPTYPE","DAYWEEK","CRASHSEV","VIOLCAT","KILLED","INJURED","WEATHER1","PEDCOL","BICCOL","MCCOL","TRUCKCOL","ETOH","TIMECAT","MONTH_","CRASHTYP","INVOLVE","PED","PRIMARYRD","SECONDRD","DISTANCE","DIRECT","INTERSECT_","PROCDATE","JURIS","DATE_","TIME_","BADGE","JURIDIST","SHIFT","POP","SPECIAL","BEATTYPE","LAPDDIV","BEATCLAS","BEATNUMB","WEATHER2","STATEHW","CALTRANC","CALTRAND","STROUTE","ROUTESUF","POSTPRE","POSTMILE","LOCATYPE","RAMP","SIDEHW","TOWAWAY","PARTIES","PCF","VIOLCODE","VIOL","VIOLSUB","HITRUN","ROADSURF","RDCOND1","RDCOND2","LIGHTING","RIGHTWAY","CHPRDTYP","NOTPRIV","STFAULT","CHPFAULT","SEVINJ","OTHERINJ","COP","PEDKILL","PEDINJ","BICKILL","BICINJ","MCKILL","MCINJURE","RAMP1","RAMP2","CITY","COUNTY","STATE","X_CHP","Y_CHP"
"90342774",-120.9690716,38.6572047,2016,"0900","4","3","2","11",0,1,"B","Y",,,,"Y",1800,11,"G","B","D","CAMERON PARK DR","COACH LN",350,"S","N","2016-12-12",9245,"2016-11-30",1710,"015421",,"2","9","0","2",,"1","032","-","N",,0,0,,,0,,,,"N",2,"A","-",21954,"A","N","A","H","-","D","D","0","Y","N","60",1,0,0,0,1,0,0,0,0,"-","-","UNINCORPORATED","EL DORADO","CA",-120.96968,38.6571
"90344468",-120.9364442,38.7107463,2016,"0900","5","2","4","08",0,1,"A",,,,,,1800,12,"B","C","A","NORTH SHINGLE ROAD","ESSUREP CT",575,"N","N","2016-12-14",9245,"2016-12-06",1700,"017756",,"2","9","0","3",,"2","001","-","N",,0,0,,,0,,,,"Y",2,"A","-",22107,,"N","A","H","-","D","D","0","Y","A","01",0,0,1,0,0,0,0,0,0,"-","-","UNINCORPORATED","EL DORADO","CA",-120.93638,38.71045
"90344501",0,0,2016,"0900","5","2","3","12",0,2,"A",,,,,,1200,11,"D","C","A","SILVA VALLEY PKY","US-50 W/B",0,,"Y","2016-12-14",9245,"2016-11-29",1045,"013342",,"1","9","0","3",,"2","001","-","Y",,0,0,,,0,,,,"Y",2,"A","-",21453,"A","N","A","H","-","A","D","0","Y","D","22",0,1,1,0,0,0,0,0,0,"-","-","UNINCORPORATED","EL DORADO","CA",-121.05488,38.65897
"90345741",-120.9148531,38.7873951,2016,"0900","5","4","3","03",0,1,"C",,,,,,1500,12,"E","I","A","LOTUS ROAD","GRANITE CREEK DR",0,,"N","2016-12-15",9245,"2016-12-08",1459,"017364",,"2","9","0","3",,"2","002","-","N",,0,0,,,0,,,,"Y",1,"A","-",22350,,"N","B","H","-","A","D","0","Y","A","01",0,1,0,0,0,0,0,0,0,"-","-","UNINCORPORATED","EL DORADO","CA",-120.91448,38.78842
"90345847",-121.0709669,38.6602826,2016,"0900","4","4","4","03",0,1,"B",,,,,,1800,12,"E","I","A","SERRANO PARKWAY","EL DORADO HILLS BLVD",300,"E","N","2016-12-15",9245,"2016-12-08",1542,"018756",,"2","9","0","2",,"2","012","-","N",,0,0,,,0,,,,"N",1,"A","-",22350,,"N","B","H","-","A","A","0","Y","A","01",0,0,1,0,0,0,0,0,0,"-","-","UNINCORPORATED","EL DORADO","CA",-121.0699,38.6599
"90345920",-120.9600659,38.6795786,2016,"0900","5","5","4","03",0,1,"B",,,,,,1500,12,"E","I","A","MEDER RD","ROSEBUD DR",100,"E","N","2016-12-15",9245,"2016-12-09",1330,"016451",,"1","9","0","3",,"2","001","-","N",,0,0,,,0,,,,"Y",1,"A","-",22350,,"N","B","H","-","A","D","0","Y","A","01",0,0,1,0,0,0,0,0,0,"-","-","UNINCORPORATED","EL DORADO","CA",-120.95995,38.67954
"90345948",0,0,2016,"0900","2","6","3","03",0,3,"B",,,,,,1200,12,"D","C","A","US-50","JOHNSON PASS RD.",1056,"E","N","2016-12-15",9246,"2016-12-10",1035,"017757",,"1","9","0","1",,"1","022","D","Y",,0,0,,,0,,,,"Y",2,"A","-",22350,,"N","C","H","-","A","D","0","Y","A","01",0,2,1,0,0,0,0,0,0,"-","-","UNINCORPORATED","EL DORADO","CA",-120.03997,38.82291
"90345975",-120.823423,38.6928751,2016,"0900","3","6","4","00",0,2,"B",,,,,,1200,12,"D","C","A","PLEASANT VALLEY RD","MISSOURI FLAT RD",0,,"Y","2016-12-15",9245,"2016-12-10",905,"016451",,"1","9","0","1",,"1","135","C","Y",,0,0,,,0,,,,"Y",2,"D","-",0,,"N","B","H","-","A","A","0","Y","-","-",0,0,2,0,0,0,0,0,0,"-","-","UNINCORPORATED","EL DORADO","CA",-120.82347,38.69296
"90346054",-120.18225,38.7895048,2016,"0900","2","7","4","08",0,1,"B",,,,,,900,12,"E","I","A","RT 50","WRIGHTS LAKE ROAD",7920,"E","N","2016-12-15",9245,"2016-12-11",620,"013929",,"1","9","0","1",,"1","170","-","Y",,0,0,,,0,,,,"Y",1,"A","-",22107,,"N","B","H","-","D","D","0","Y","D","22",0,0,1,0,0,0,0,0,0,"-","-","UNINCORPORATED","EL DORADO","CA",-120.18757,38.79059
"90346138",-121.0341196,38.7822505,2016,"0900","4","5","4","03",0,1,"B",,,,,,1200,12,"F","I","A","SALMON FALLS RD","GALLAGHER RD",2640,"S","N","2016-12-15",9245,"2016-12-09",905,"016451",,"1","9","0","2",,"2","012","C","N",,0,0,,,0,,,,"Y",1,"A","-",22350,,"N","B","H","-","A","D","0","Y","A","01",0,0,1,0,0,0,0,0,0,"-","-","UNINCORPORATED","EL DORADO","CA",-121.03284,38.78281
"90346207",-120.7114695,38.7126819,2016,"0900","4","2","3","05",0,1,"B",,,,"Y",,1200,12,"B","C","A","NEWTOWN ROAD","HARMONY HILL ROAD",250,"S","N","2016-12-15",9245,"2016-12-13",910,"013929",,"1","9","0","2",,"1","045","-","N",,0,0,,,0,,,,"N",2,"A","-",21460,"A","N","A","H","-","A","D","0","Y","-","-",0,1,0,0,0,0,0,0,0,"-","-","UNINCORPORATED","EL DORADO","CA",-120.71208,38.71364
"90346684",0,0,2016,"0900","4","4","4","09",0,1,"B",,,,,,2100,12,"D","C","A","PLEASANT VALLEY ROAD","BIG OAK ROAD",0,,"Y","2016-12-16",9245,"2016-12-08",1805,"018782",,"2","9","0","2",,"1","041","C","N",,0,0,,,0,,,,"Y",2,"A","-",21802,"A","N","B","H","-","D","A","0","Y","D","22",0,0,1,0,0,0,0,0,0,"-","-","UNINCORPORATED","EL DORADO","CA",-120.77135,38.67847
"90346705",-121.0003728,38.8913891,2016,"0900","3","3","3","08",0,1,"B",,,,,,900,12,"F","A","A","STATE ROUTE 193","AMERICAN RIVER TRAIL",305,"E","N","2016-12-16",9245,"2016-12-14",720,"013929",,"1","9","0","1",,"1","122","-","Y",,0,0,,,0,,,,"Y",1,"A","-",22107,,"N","B","H","-","A","D","0","Y","A","01",0,1,0,0,0,0,0,0,0,"-","-","UNINCORPORATED","EL DORADO","CA",-121.00031,38.89133
"90346793",0,0,2016,"0900","3","4","4","12",0,1,"B",,,,,,1500,12,"D","C","A","SR-49 (PLEASANT VALLEY ROAD)","ORO LN",0,,"Y","2016-12-16",9245,"2016-12-15",1225,"016451",,"1","9","0","1",,"1","135","C","Y",,0,0,,,0,,,,"Y",2,"A","-",21453,"A","N","B","H","-","A","A","0","Y","A","01",0,0,1,0,0,0,0,0,0,"-","-","UNINCORPORATED","EL DORADO","CA",-120.83944,38.68248
"90347654",0,0,2016,"0900","2","6","4","03",0,1,"D",,,,,,1800,11,"E","J","A","US-50 W/B","SILVER FORK RD",10560,"E","N","2016-12-19",9245,"2016-11-26",1635,"018893",,"2","9","0","1",,"1","170","-","Y",,0,0,,,0,,,,"Y",1,"A","-",22350,,"N","C","H","-","D","D","0","Y","A","01",0,0,1,0,0,0,0,0,0,"-","-","UNINCORPORATED","EL DORADO","CA",-120.25738,38.77831
"90347827",-120.9286736,38.6891781,2016,"0900","4","6","3","03",0,3,"A",,,,,,1800,12,"D","C","A","NORTH SHINGLE RD","TENNESSEE DR",288,"N","N","2016-12-19",9245,"2016-12-03",1552,"018663",,"2","9","0","2",,"1","013","-","N",,0,0,,,0,,,,"Y",2,"A","-",22350,,"N","A","H","-","A","D","0","Y","D","22",0,1,2,0,0,0,0,0,0,"-","-","UNINCORPORATED","EL DORADO","CA",0,0
"90348893",-120.7147007,38.7155453,2016,"0900","5","6","3","01",0,1,"B",,,,,"Y",600,12,"E","I","A","NEWTOWN RD","PIONEER HILL RD",75,"N","N","2016-12-20",9245,"2016-12-17",340,"018656",,"3","9","0","3",,"2","004","-","N",,0,0,,,0,,,,"Y",1,"A","-",23152,"A","N","B","H","-","D","D","0","Y","D","22",0,1,0,0,0,0,0,0,0,"-","-","UNINCORPORATED","EL DORADO","CA",-120.71421,38.71532
"90348987",0,0,2016,"0900","2","4","2","01",0,1,"A",,,,,"Y",2100,12,"E","I","A","US-50 W/B","EL DORADO RD",8,"W","N","2016-12-20",9245,"2016-12-01",1835,"018756",,"2","9","0","1",,"2","120","-","Y",,0,0,,,0,,,,"Y",1,"A","-",23152,"A","N","A","H","-","D","D","0","Y","A","01",1,0,0,0,0,0,0,0,0,"-","-","UNINCORPORATED","EL DORADO","CA",-120.85678,38.70529
"90349287",0,0,2016,"0900","5","7","3","01",0,1,"C",,,,,"Y",300,12,"F","A","A","STARKES GRADE RD","CAMPINI WAY",1000,"E","N","2016-12-20",9245,"2016-12-11",1,"018656",,"3","9","0","3",,"2","004","-","N",,0,0,,,0,,,,"Y",1,"A","-",23152,"A","N","B","H","-","D","D","0","Y","A","07",0,1,0,0,0,0,0,0,0,"-","-","UNINCORPORATED","EL DORADO","CA",-120.65008,38.70485
"90349309",0,0,2016,"0900","2","1","3","03",0,2,"A",,,,,,900,12,"C","C","A","US-50 W/B","EL DORADO HILLS BLVD",244,"E","N","2016-12-20",9245,"2016-12-12",815,"013342",,"1","9","0","1",,"2","110","-","Y",,0,0,,,0,,,,"Y",3,"A","-",22350,,"N","A","H","-","A","D","0","Y","A","01",0,1,1,0,0,0,0,0,0,"-","-","UNINCORPORATED","EL DORADO","CA",-121.07001,38.65327
"90349470",0,0,2016,"0900","5","4","4","08",0,1,"C",,,,,,1500,12,"H","A","A","EL DORADO HILLS BLVD","OLSON LN",500,"S","N","2016-12-20",9245,"2016-12-15",1300,"017364",,"1","9","0","3",,"2","001","-","N",,0,0,,,0,,,,"Y",1,"A","-",22107,,"N","B","H","-","A","D","0","Y","D","22",0,0,1,0,0,0,0,0,0,"-","-","UNINCORPORATED","EL DORADO","CA",-120.07746,38.67573
"90352256",0,0,2016,"0900","2","4","4","01",0,1,"B",,,,,,2400,11,"F","I","A","E/B US-50","BASS LAKE RD",2640,"W","N","2016-12-27",9245,"2016-11-17",2250,"018624",,"3","9","0","1",,"2","110","-","Y",,0,0,,,0,,,,"Y",1,"A","-",23152,"E","N","A","H","-","D","D","0","Y","A","01",0,0,1,0,0,0,0,0,0,"-","-","UNINCORPORATED","EL DORADO","CA",-121.02982,38.65523
"90352341",-121.0014185,38.6903297,2016,"0900","5","5","4","08",0,1,"A",,,,,,2100,12,"E","E","A","CAMBRIDGE RD","STERLING WAY",200,"S","N","2016-12-27",9245,"2016-12-16",1915,"018663",,"2","9","0","3",,"2","001","-","N",,0,0,,,0,,,,"Y",2,"A","-",22107,,"N","A","H","-","D","D","0","Y","A","01",0,0,1,0,0,0,0,0,0,"-","-","UNINCORPORATED","EL DORADO","CA",-121.00143,36.69032
"90352351",0,0,2016,"0900","2","2","3","08",0,1,"B",,,,,,1500,12,"E","I","A","US-50 E/B","BASS LAKE RD",0,,"N","2016-12-27",9245,"2016-12-13",1232,"015607",,"1","9","0","1",,"2","110","-","Y",,0,0,,,0,,,,"Y",1,"A","-",22107,,"N","A","H","-","A","D","0","Y","A","01",0,1,0,0,0,0,0,0,0,"-","-","UNINCORPORATED","EL DORADO","CA",-121.0215,38.655
"90352696",-120.3604595,38.7636318,2016,"0900","2","1","3","03",0,2,"A",,,,,,900,12,"E","I","A","RT 50","ALDER CREEK ROAD",5438,"E","N","2016-12-27",9245,"2016-12-19",705,"013929",,"1","9","0","1",,"1","160","-","Y",,0,0,,,0,,,,"Y",1,"A","-",22350,,"N","B","H","-","B","D","0","Y","D","22",0,2,0,0,0,0,0,0,0,"-","-","UNINCORPORATED","EL DORADO","CA",-120.35244,38.76459
"90353217",0,0,2016,"0900","2","5","4","03",0,2,"A",,,,,,1800,12,"C","C","A","US-50 W/B","PONDEROSA ROAD",528,"E","N","2016-12-27",9245,"2016-12-16",1625,"018756",,"2","9","0","1",,"2","120","-","Y",,0,0,,,0,,,,"Y",2,"A","-",22350,,"N","A","H","-","A","D","0","Y","D","22",0,0,2,0,0,0,0,0,0,"-","-","UNINCORPORATED","EL DORADO","CA",-120.55535,38.39558
"90353236",-120.8666637,38.6845901,2016,"0900","4","6","2","05",0,3,"A",,,"Y",,,2100,12,"B","C","A","MOTHER LODE DR.","PLEASANT VALLEY RD.",1584,"E","N","2017-02-15",9245,"2016-12-17",1849,"018756",,"2","9","0","2",,"1","039","-","N",,0,0,,,0,,,,"Y",2,"A","-",21460,"A","N","B","H","-","D","D","0","Y","A","07",1,0,2,0,0,0,0,0,1,"-","-","UNINCORPORATED","EL DORADO","CA",-120.51578,38.41078
"90353264",0,0,2016,"0900","2","7","2","01",0,2,"B",,,,,"Y",1800,12,"F","I","A","US-50 W/B","ICE HOUSE RD",3748,"W","N","2016-12-27",9245,"2016-12-18",1655,"015421",,"2","9","0","1",,"2","150","-","Y",,0,0,,,0,,,,"Y",1,"A","-",23152,"A","N","B","H","-","C","D","0","Y","A","01",2,0,0,0,0,0,0,0,0,"-","-","UNINCORPORATED","EL DORADO","CA",-120.45977,38.77329
"90354762",0,0,2016,"0900","3","7","3","03",0,1,"A",,,,,,1800,12,"E","I","A","SR-89","DL BLISS STATE PK",3168,"N","N","2016-12-27",9246,"2016-12-18",1652,"013485",,"2","9","0","1",,"1","031","-","Y",,0,0,,,0,,,,"Y",1,"A","-",22350,,"N","C","H","-","D","D","0","Y","A","07",0,1,0,0,0,0,0,0,0,"-","-","UNINCORPORATED","EL DORADO","CA",-120.10851,38.98466
"90354960",-120.4421677,38.7689004,2016,"0900","2","7","3","08",0,1,"A",,,,,,900,12,"E","I","A","RT 50","ICE HOUSE ROAD",1584,"E","N","2016-12-27",9245,"2016-12-25",630,"013929",,"1","9","0","1",,"1","160","-","Y",,0,0,,,0,,,,"Y",1,"A","-",22107,,"N","B","H","-","B","D","0","Y","D","22",0,1,0,0,0,0,0,0,0,"-","-","UNINCORPORATED","EL DORADO","CA",-120.44099,38.76891
"90355033",-120.8858009,38.6960791,2016,"0900","2","7","2","08",0,3,"A",,,,,,1800,12,"E","I","A","US 50 WESTBOUND ","GREENSTONE ROAD",570,"E","N","2016-12-27",9245,"2016-12-18",1645,"017756",,"2","9","0","1",,"2","120","-","Y",,0,0,,,0,,,,"Y",1,"A","-",22107,,"N","A","H","-","A","D","0","Y","A","01",1,2,0,0,0,0,0,0,0,"-","-","UNINCORPORATED","EL DORADO","CA",-120.8858,38.6963
"90355189",0,0,2016,"0900","2","2","3","08",0,1,"A",,,,,,300,12,"E","J","A","U.S. 50 E/B","PAUL BUNYON RD",300,"W","N","2016-12-27",9245,"2016-12-20",230,"016328",,"3","9","0","1",,"2","140","-","Y",,0,0,,,0,,,,"Y",1,"A","-",22107,,"N","A","H","-","D","D","0","Y","A","01",0,1,0,0,0,0,0,0,0,"-","-","UNINCORPORATED","EL DORADO","CA",-120.7198,38.7378
"90355486",-120.8545592,38.6966353,2016,"0900","4","5","4","03",0,1,"B",,,,,,1800,12,"F","A","A","MOTHER LODE DR","BLANCHARD RD",1584,"W","N","2016-12-27",9245,"2016-12-23",1612,"018663",,"2","9","0","2",,"1","039","C","N",,0,0,,,0,,,,"Y",1,"A","-",22350,,"N","B","H","-","A","D","0","Y","A","01",0,0,1,0,0,0,0,0,0,"-","-","UNINCORPORATED","EL DORADO","CA",-120.8538,38.6971
"90356435",-121.0133195,38.6561807,2016,"0900","5","2","3","11",0,1,"A","Y",,,,,1800,12,"G","B","D","COUNTRY CLUB DRIVE","TIERRA DE DIOS DR",300,"E","N","2016-12-28",9245,"2016-12-27",1510,"017756",,"2","9","0","3",,"2","001","-","N",,0,0,,,0,,,,"Y",2,"A","-",21956,,"N","A","H","-","A","D","0","Y","N","60",0,1,0,0,1,0,0,0,0,"-","-","UNINCORPORATED","EL DORADO","CA",-121.0136,38.656
"90357162",-121.0728731,38.6923039,2016,"0900","5","4","4","03",0,1,"A",,,,,,1800,12,"C","C","A","SILVA VALLEY PARKWAY","DARWIN WAY",15,"S","N","2016-12-29",9245,"2016-12-22",1726,"018756",,"2","9","0","3",,"2","001","-","N",,0,0,,,0,,,,"Y",3,"A","-",22350,,"N","A","H","-","A","D","0","Y","D","22",0,0,1,0,0,0,0,0,0,"-","-","UNINCORPORATED","EL DORADO","CA",-121.42204,38.41324
"90359750",-120.9360031,38.658895,2016,"0900","4","3","4","01",0,1,"B",,,,,"Y",2100,12,"C","C","A","SOUTH SHINGLE ROAD","SUNSET LN",0,,"Y","2017-03-09",9245,"2016-12-14",1918,"017897",,"2","9","0","2",,"1","032","-","N",,0,0,,,0,,,,"Y",3,"A","-",23152,"F","F","A","H","-","D","D","0","Y","A","01",0,0,1,0,0,0,0,0,0,"-","-","UNINCORPORATED","EL DORADO","CA",-120.93601,38.65887
"90359757",0,0,2016,"0900","2","3","4","07",0,2,"B",,,,,,1800,12,"B","C","A","US-50 E/B TO EL DORADO HILLS BLVD","SARATOGA WAY",528,"S","N","2017-01-03",9245,"2016-12-14",1700,"017897",,"2","9","0","1",,"2","110","-","Y",,0,0,,,0,,,,"N",2,"A","-",21658,"A","N","A","H","-","B","D","0","Y","A","01",0,0,2,0,0,0,0,0,0,"-","-","UNINCORPORATED","EL DORADO","CA",-121.07013,38.65232
"90360214",-119.9950328,38.8712952,2016,"0900","5","5","3","09",0,1,"B",,,,,,1200,12,"D","C","A","ELKS CLUB DR.","CRYSTAL AIR DR",0,,"Y","2017-02-16",9246,"2016-12-30",1013,"017757",,"1","9","0","3",,"2","200","-","N",,0,0,,,0,,,,"N",2,"A","-",21802,"A","N","B","H","-","A","D","0","Y","A","07",0,1,0,0,0,0,0,0,0,"-","-","UNINCORPORATED","EL DORADO","CA",-119.99514,38.87123
"90360288",0,0,2016,"0900","2","7","4","08",0,2,"A",,,,,,900,12,"B","C","A","US-50 W/B","WEBER CREEK",60,"E","N","2017-01-03",9245,"2016-12-18",838,"017897",,"1","9","0","1",,"2","120","-","Y",,0,0,,,0,,,,"Y",2,"A","-",22107,,"N","C","H","-","A","D","0","Y","A","01",0,0,2,0,0,0,0,0,0,"-","-","UNINCORPORATED","EL DORADO","CA",-120.83833,38.71351
"90360942",0,0,2016,"0900","3","3","3","09",0,1,"A",,,,,,1200,12,"B","C","A","SR-49 N/B","MORALES RANCH RD",0,,"Y","2017-01-04",9245,"2016-12-28",1120,"015607",,"1","9","0","1",,"1","135","-","Y",,0,0,,,0,,,,"Y",2,"A","-",21804,"A","N","A","H","-","A","A","0","Y","A","07",0,1,0,0,0,0,0,0,0,"-","-","UNINCORPORATED","EL DORADO","CA",-120.8468,38.5602
"90361331",-120.889403,38.7086851,2016,"0900","4","5","4","12",0,3,"A",,,,,,2100,12,"D","C","A","GREEN VALLEY RD","GREENSTONE RD",0,,"Y","2017-01-04",9245,"2016-12-30",2054,"017364",,"2","9","0","2",,"2","011","-","N",,0,0,,,0,,,,"Y",2,"A","-",22450,"A","N","A","H","-","D","A","0","Y","A","01",0,0,3,0,0,0,0,0,0,"-","-","UNINCORPORATED","EL DORADO","CA",-120.88935,38.7086
"90361360",-120.880103,38.7204251,2016,"0900","4","5","4","03",0,1,"A",,,,,,1800,12,"F","I","A","GREEN VALLEY RD","MORTARA CIR",0,,"N","2017-01-04",9245,"2016-12-30",1745,"017364",,"2","9","0","2",,"2","011","-","N",,0,0,,,0,,,,"Y",1,"A","-",22350,,"N","A","H","-","B","D","0","Y","D","22",0,0,1,0,0,0,0,0,0,"-","-","UNINCORPORATED","EL DORADO","CA",-120.88022,38.72052
"90362476",0,0,2016,"0900","2","5","2","08",0,1,"B","Y",,,,,1500,12,"G","B","E","US-50","TWIN BRIDGES RD",528,"E","N","2017-01-05",9246,"2016-12-23",1435,"017757",,"2","9","0","1",,"1","020","D","Y",,0,0,,,0,,,,"N",2,"A","-",22107,,"N","C","G","-","A","A","0","Y","A","08",1,0,0,0,1,0,0,0,0,"-","-","UNINCORPORATED","EL DORADO","CA",-120.12173,38.80542
"90362495",0,0,2016,"0900","2","5","3","03",0,1,"D","Y",,,,,1500,12,"G","B","E","US-50","TWIN BRIDGES RD.",528,"E","N","2017-02-14",9246,"2016-12-23",1440,"017757",,"2","9","0","1",,"1","020","-","Y",,0,0,,,0,,,,"N",4,"A","-",22350,,"N","C","G","H","A","A","0","Y","D","22",0,1,0,0,1,0,0,0,0,"-","-","UNINCORPORATED","EL DORADO","CA",-120.12173,38.80542
"90364621",0,0,2016,"0900","2","5","3","03",0,2,"A",,,,,"Y",2400,12,"F","A","A","US-50","RIVERTON ROAD ",3500,"W","N","2017-03-09",9245,"2016-12-30",2320,"018656",,"3","9","0","1",,"1","160","-","Y",,0,0,,,0,,,,"Y",1,"A","-",22350,,"N","A","H","-","D","D","0","Y","A","07",0,2,0,0,0,0,0,0,0,"-","-","UNINCORPORATED","EL DORADO","CA",-120.41898,38.7752
"90366748",0,0,2016,"0900","5","6","2","03",0,1,"B",,,,,,900,12,"E","I","A","WHITE ROCK RD","VALLEY VIEW PARKWAY",276,"E","N","2017-03-09",9245,"2016-12-31",752,"016451",,"1","9","0","3",,"2","003","-","N",,0,0,,,0,,,,"Y",1,"A","-",22350,,"N","B","H","-","A","D","0","Y","D","22",1,0,0,0,0,0,0,0,0,"-","-","UNINCORPORATED","EL DORADO","CA",-120.05986,38.65002
"90367299",-120.9906916,38.6888631,2016,"0900","4","5","4","03",0,1,"A",,,,,,1200,12,"C","C","A","CAMERON PARK DRIVE","ALHAMBRA DR",10,"S","N","2017-01-11",9245,"2016-12-30",1019,"018756",,"1","9","0","2",,"1","015","-","N",,0,0,,,0,,,,"Y",2,"A","-",22350,,"N","A","H","-","A","D","0","Y","A","01",0,0,1,0,0,0,0,0,0,"-","-","UNINCORPORATED","EL DORADO","CA",-120.59262,38.41199
"90370979",-120.2080041,38.7866363,2016,"0900","2","7","1","09",1,0,"A",,,"Y",,"Y",1500,7,"C","C","A","US-50","WRIGHTS LAKE RD",125,"E","N","2017-01-31",9245,"2016-07-17",1440,"015607",,"2","9","0","1",,"1","170","-","Y",,0,0,,,0,,,,"Y",2,"A","-",21802,"A","N","A","H","-","A","D","0","Y","C","02",0,0,0,0,0,0,0,1,0,"-","-","UNINCORPORATED","EL DORADO","CA",-120.21334,38.78529
"90372658",0,0,2016,"0900","2","6","3","01",0,1,"A",,,,,"Y",2400,12,"E","I","A","US-50 ","SIERRA AT TAHOE RD",11088,"W","N","2017-01-19",9246,"2016-12-31",2112,"018085",,"2","9","0","1",,"1","020","-","Y",,0,0,,,0,,,,"Y",1,"A","-",23152,"A","N","A","H","-","D","D","0","Y","A","01",0,1,0,0,0,0,0,0,0,"-","-","UNINCORPORATED","EL DORADO","CA",-120.5422,38.48297
"90390402",0,0,2016,"0900","2","4","4","03",0,1,"C",,,,,,2100,12,"E","I","A","US-50 W/B","SILVA VALLEY ROAD",3168,"E","N","2017-02-10",9245,"2016-12-15",1920,"013405",,"2","9","0","1",,"2","110","-","Y",,0,0,,,0,,,,"Y",1,"A","-",22350,,"N","B","H","-","C","D","0","Y","A","01",0,0,1,0,0,0,0,0,0,"-","-","UNINCORPORATED","EL DORADO","CA",-121.04581,38.65804
"90390408",0,0,2016,"0900","5","1","4","03",0,1,"B",,,,,,2100,12,"F","I","A","SR-193","1701 SR-193",528,"E","N","2017-02-10",9245,"2016-12-05",2025,"018624",,"2","9","0","3",,"2","002","-","Y",,0,0,,,0,,,,"Y",1,"A","-",22350,,"N","A","H","-","D","D","0","Y","A","01",0,0,1,0,0,0,0,0,0,"-","-","UNINCORPORATED","EL DORADO","CA",-120.98574,38.89871
"8094898",-119.9776529,38.9343553,2016,"0902","0","5","3","10",0,1,"A","Y",,,,,1800,7,"G","B","B","AL TAHOE BL","LAKE TAHOE BL",0,,"Y","2017-03-02",902,"2016-07-22",1541,"205","0902","5","3","0","0",,"0","MID","-","Y","ED",3,50,"-","-",77.525,"I","6","E","N",2,"A","-",21950,"A","N","A","H","-","-","A","0","Y","A","01",0,1,0,0,1,0,0,0,0,"-","-","SOUTH LAKE TAHOE","EL DORADO","CA",0,0
"8096377",-119.9574267,38.9486432,2016,"0902","0","2","4","01",0,1,"A",,,,,"Y",1200,5,"C","C","A","LAKE TAHOE BL","SKI RUN BL",40,"E","N","2017-03-07",902,"2016-05-31",1050,"169",,"5","3","0","0",,"0","EAST","-","Y","ED",3,50,"-","-",79.3,"H","-","W","Y",2,"A","-",23152,,"N","A","H","-","A","A","0","Y","A","01",0,0,1,0,0,0,0,0,0,"-","-","SOUTH LAKE TAHOE","EL DORADO","CA",0,0
"8283842",-120.8028953,38.7275782,2016,"0901","0","7","2","00",0,4,"A","Y",,,,,1500,12,"H","E","E","SACRAMENTO ST","MAIN ST",174,"S","N","2017-04-14",901,"2016-12-04",1426,"288","0901","5","2","0","0",,"0","PP1","-","N",,0,0,,,0,,,,"N",6,"D","-",0,,"N","A","H","-","A","B","0","Y","-","-",1,1,2,0,4,0,0,0,0,"-","-","PLACERVILLE","EL DORADO","CA",0,0
"90404552",0,0,2016,"0900","2","3","1","03",1,3,"A",,,,,,300,12,"E","J","A","U.S. 50 W/B","RIVERTON CT",264,"W","N","2017-03-02",9245,"2016-12-28",1,"016328",,"3","9","0","1",,"1","160","-","Y",,0,0,,,0,,,,"Y",1,"A","-",22350,,"N","A","G","-","D","D","0","Y","A","07",1,1,1,0,0,0,0,0,0,"-","-","UNINCORPORATED","EL DORADO","CA",-120.41937,38.77518
"90409967",-120.8514588,38.9036829,2016,"0900","5","6","1","01",1,0,"A",,,,,"Y",2400,8,"E","I","A","SR-193","MONT EATON MINE RD",1478,"N","N","2017-03-10",9245,"2016-08-27",2345,"018624",,"3","9","0","3",,"2","002","-","Y",,0,0,,,0,,,,"Y",1,"A","-",23152,"A","N","A","H","-","D","D","0","Y","A","01",0,0,0,0,0,0,0,0,0,"-","-","UNINCORPORATED","EL DORADO","CA",-120.85366,38.90028
"90427358",-120.7785775,38.9273893,2016,"0900","5","7","1","03",1,0,"B",,,,,,300,12,"E","I","A","WENTWORTH SPRINGS RD","BALDERSTON RD",1041,"W","N","2017-04-04",9245,"2016-12-18",250,"018656",,"3","9","0","3",,"2","002","-","N",,0,0,,,0,,,,"Y",1,"A","-",22350,,"N","A","H","-","D","D","0","Y","A","07",0,0,0,0,0,0,0,0,0,"-","-","UNINCORPORATED","EL DORADO","CA",-120.77905,38.92813
"90468717",-121.0158531,38.8916751,2016,"0900","3","3","1","11",1,0,"A","Y",,,,"Y",1800,12,"G","B","E","SR-49","AARON COOL DR",0,,"N","2017-06-01",9245,"2016-12-28",1740,"017364",,"2","9","0","1",,"1","115","-","Y",,0,0,,,0,,,,"Y",2,"A","-",21954,"A","N","A","H","-","D","D","0","Y","N","60",0,0,0,1,0,0,0,0,0,"-","-","UNINCORPORATED","EL DORADO","CA",-121.01581,38.89119